split,sensor_a,sensor_b,sensor_c,target
train,-1.224072675713965,0.3775881983015979,0.9949996276709397,-2.3724909313204057
train,-1.4059737006818736,,0.11861296021091423,-2.687518748910449
train,-0.10178149710749891,-0.2742366218853893,2.5705280509823467,2.177573792699373
train,,,0.6046378227901704,2.8230502164358593
train,-1.789781270473164,0.7017246662002706,-1.419697124601525,-5.819332373236837
train,-0.6126263773708098,3.425879855918181,1.9144638870785662,-4.848052711829251
train,-0.09266990494728525,0.3701815451445365,0.10332864707158378,-0.959789699111331
train,0.01895307325739435,-0.027036127488253636,0.5498717523366895,1.1561371560864637
train,,0.624194603677981,0.14129391744250194,1.4692695723113576
train,,-0.5004670095572578,0.01047453394472356,0.9481260024131021
train,-1.0144677383856446,-0.39646813338904974,,-0.5082243730848394
train,-0.6078840954465164,0.3304385753947235,-0.32999662133151,-1.183563452751597
train,0.24468961490787364,0.9709707393161191,0.8738641332790443,-0.6087053015672499
train,,,-0.3990608685256877,-2.855483338669213
train,0.059515245249535345,1.3547947966118148,-0.7607171173705716,-2.2838667131083352
train,0.424787860451337,-0.4726160576190044,1.2388518790430487,3.0901154003080484
train,-0.15769546823124692,-2.3697037482258936,0.8064646590586433,4.578012757681319
train,0.22323963964874674,0.17057025070708326,0.7178330097722238,0.7134490585822753
train,,-0.4748137057593813,0.7208692625507546,0.34621246597216826
train,,,-0.4214557770520066,3.6334864979109964
train,-0.3328063110097701,0.11815376527922222,0.4287574225815361,-0.2423985695729231
train,,-1.7758497445458092,,5.948555971249643
train,,0.24633610142124063,-0.7778706399625747,2.63826382114074
train,-0.10712294966829575,-0.8698448945604361,0.39558696521639947,1.4065120172829404
train,-0.1263970234297302,-1.554582298544899,0.5962194247369128,1.9143920989892385
train,,-0.7525079202552833,0.5027464212246839,2.384615112588608
train,-1.1894245353620752,-0.6802088017027855,1.250740568296163,-0.15104259237565185
train,-1.2455365896701414,,-0.941297374213144,-4.9783334607889165
train,,0.25234926906540084,-0.718226328049528,1.7376360991541897
train,0.6747357179046537,-0.36838003988415885,0.8442115031161629,2.595434201306491
train,,-0.8201072462067996,-1.9698077790332431,2.3172233906293926
train,-1.6429417675472782,0.7618510336638864,1.7682706164148534,-3.3312832159920296
train,,0.8843926720439139,1.0112699907146452,0.5208285468111561
train,0.5325446659551358,0.956260015174821,-0.10928548718840532,-0.2510904730686996
train,,,1.0906057901317734,-3.3200461613488756
train,,,-0.7766594328630889,1.6956379339844287
train,-0.2148226508635662,,0.35334719816421123,-0.4347292242894937
train,-1.3310988599552356,0.46528170443448214,-1.0197595279932004,-4.626349040134921
train,-0.6198175169619149,0.0976014436500999,1.1279334155124927,-0.4607644227245984
train,-0.8749105227115436,1.2746113781728943,-1.3692849244530705,-4.810169765786559
train,0.3551827418049891,-0.23736753424596438,1.459524260266904,2.0366798287150822
train,,-0.5212780391230253,-1.867260243390856,0.6716052825628955
train,-0.3934649173469533,-0.5511315230840572,-0.32399753176145074,-0.7649295360254441
train,,-1.6495933420266047,1.2283788772221902,7.944276846798049
train,0.5709807735640905,-0.7286688837018075,0.9357801760935881,3.1443547533883893
train,,0.32316267507728885,1.650398521794923,4.628534429454039
train,0.3602880398047203,0.43831092621991075,-1.5949751978487872,-1.2627312325497289
train,-2.4382343002508953,0.11373600612136676,0.6066438160896487,-4.452541338542708
train,-0.7819743149048559,-0.9317096896942357,0.7110261189226227,0.082648683133272
train,0.5541790076444552,-0.39984806423566294,1.555588396232493,2.316777919634575
train,-1.1528370640713048,-0.2645712593370827,-0.18726997357763392,-2.102340571552058
train,,-1.2208197534994851,-1.5301329477674381,1.4444925521200778
train,,-0.6068901542701115,-0.1363435113964246,5.50671823073355
train,,-0.6655583175116945,-0.2672181739622736,2.808598473467951
train,0.039289295631989185,-0.21108162785947857,0.24702595098960956,0.7950942671909599
train,-0.3436360630880584,-0.3217476409805028,-0.06130055923378753,-0.40614448792890534
train,-1.0520942424231927,-0.2031095068030548,-0.7337235717896744,-2.1684130220041657
train,-0.9678582213771642,-1.047881330909975,-1.918491709459423,-2.0070521510874135
train,-0.10570091293806737,-1.8208917761133712,0.7134414077013508,2.9406208484105014
train,,-0.02162249891029563,,4.7730608823290614
train,0.5165849679551509,-0.9100686691088136,,2.3505431426049017
train,0.45955569716196515,1.443131136454621,2.2311908015794244,0.12263626683705792
train,-1.5211821793673983,,0.14303432540890332,-2.7815638401274456
train,-1.291335331424893,-0.12062914786682444,0.38654284227838115,-1.9399399807187605
train,0.4010416787463835,-0.19837061081981278,2.2761201452380426,3.200590055243256
train,,0.24805132643957906,-1.2267393461961813,-3.5358269130059297
train,0.460422983692273,0.9990514179244493,-0.06827139863026489,-0.9375151524429974
train,,0.20456604890573885,0.4985297341583033,3.8581436749689995
train,-0.9601701600595118,-0.6939714189552786,1.7969795568751592,0.4993018448010875
train,0.3212074097951548,-1.8076933278467335,-1.7665226659995092,2.2978042488608015
train,0.09747555815740577,-1.0155755719326354,,1.5528884021640341
train,-0.8790891036954599,1.1239939888339174,-0.5170653634658179,-4.01104298957132
train,-0.6973871090855245,-1.0952707936951522,-0.9722259142130893,-0.5911589687926413
train,0.20625280218985786,-2.791092210963876,1.3682331843578022,5.7529925964333195
train,0.6266300331767588,0.2055952802762025,-0.32329564334931565,0.782398044195101
train,-2.6104208337803647,-0.12835560352260486,,-7.808658689284085
train,-1.380482471405925,-0.9706934676737426,2.2150771262947795,0.6607133207770395
train,-1.3739499246621119,0.038677294711795554,2.2493012415056732,-0.7464152674141871
train,-0.5447570362017354,0.6134210702717185,-0.7201470206859347,-2.904142301065437
train,,0.06592555913101748,0.5626572581653417,1.8914335460076002
train,,-0.32079403562884024,2.3984306517419047,2.342479675722983
train,-2.6634627986946797,0.3772154936480324,0.04811237896118429,-5.489333820443048
train,,-0.2444066274822363,-0.39335140088273635,3.6135850017991413
train,,0.39373897284702075,0.7680501884461384,2.5734621142031955
train,-0.9068329869655246,-0.5152615970006579,0.21505439243309013,-1.2320968372196726
train,0.035772648182022575,0.4904082756194212,1.3683103432713288,0.10255862612492228
train,-0.5120648744835425,-1.1841048398539968,-1.1875994624961752,-0.42944967499803255
train,,-0.28264182521692194,0.20547920918586665,4.941989571700759
train,,-0.32537015448757384,-0.37474796523075626,-0.5062351104878051
train,-0.6567338188937412,-0.7091571681771988,-0.6815502060103332,-0.7672545408774456
train,0.45103811513249586,0.22748800134645414,0.5080246677575854,0.5764777538767406
train,-0.0923778830455483,1.8197895836098932,-0.9898445356470207,-3.3858821840150717
train,,-2.2514778356089606,,2.703394762620238
train,,0.6422526063758003,,0.10385902017137336
train,0.3370393438389924,1.4340170360483002,0.7413179179816095,-0.7585013627135446
train,0.5864998084077006,0.736025874243512,-0.14365984369183463,-0.3293073759373225
train,,-1.1613477453406686,0.9184114643224278,6.4456635166324405
train,-1.8862641973180205,1.3778584378798957,0.5962044935206431,-5.501582849091121
train,-0.7848013047300454,0.6039539982990851,0.4366466315149566,-1.762650205729566
train,-0.575512158845304,,0.11591075549371539,-1.3168348861850945
train,-1.2451718488102945,,1.4191980269142423,-0.9143297131906147
train,0.09925888634045285,,1.4239871582332932,2.189083584173903
train,,1.3005645870699798,-0.44493322429320264,-0.4409376353765525
train,0.09242872922852216,-0.9972314388018885,-1.3770093160443195,1.2502477926877087
train,-0.2850105776168342,-1.543287217029871,0.88499066554341,2.2958354515720396
train,0.6519195965709518,-1.7788932855315405,1.9248745238831437,5.026032382613359
train,0.33742284505994063,-0.9905366238743589,-0.49345262358174585,1.8467196715858514
train,0.33444887163951853,,-0.7403662136645252,-0.6916546123205402
train,,0.9543449268582315,0.10202970025614098,0.6340613019269421
train,0.22919708604199804,-0.1468812069669886,0.49553831018022115,1.1960610770739337
train,-0.5895098997587892,-0.3994731026450009,0.32269543812729434,-0.09799222696101301
train,-1.7593413345597972,-0.55014546103535,-0.7703898083782794,-3.2798284073818476
train,,-0.7354150999199051,-0.7025415016162869,-4.232949637862357
train,-0.9185140982586216,0.810019653276653,-0.7972491924594465,-3.7137070451210987
train,,0.07725424775490251,-1.234740052526533,1.540368402677976
train,0.48656395586912854,0.734773892581655,-0.11936243300467866,0.3795598373867943
train,,1.230128094437209,1.002588328512153,-0.8816663669757897
train,,-0.372957496572035,-0.1982249107090351,1.2365139096314919
train,,-0.3668780772115504,0.53123261506338,3.331165248643884
train,,1.0119710783478844,0.3234991499109251,2.2514608822872266
train,-0.32467464787041,0.7992991919480547,0.7586094921620576,-1.1235987488550654
train,-0.18204732063325232,-0.43635202458391475,-0.8762044329908212,-0.20460623493733907
train,,0.07541922599986148,,1.4666597482146264
train,,-0.09429449072685728,0.3715680247932475,4.418772669033838
train,-0.2706170592858631,0.8659692321192443,-1.1551218816851498,-2.485583878787019
train,-1.1524452366887954,2.1152017816030866,,-6.847372860152924
train,0.2820788022070182,0.34458495010566526,-0.6888449585717051,-0.9269420474938497
train,-0.36284854076968254,-0.23912950416442205,,-0.12494629037958854
train,,-0.5048428359972259,-1.4397889316077521,1.4275456269066908
train,-0.504574224877715,0.8988545290847675,1.0071860675532724,-1.5223040571073474
train,-0.7322527572951012,-1.1575305250409407,,1.0155184028985174
train,-0.8575664783643306,0.8298662376666608,0.4480132659722896,-3.145455661469359
train,,-0.7216645491725883,-0.7077254184592128,2.866207551652811
train,-1.5772806148008491,-0.15946584494214916,0.33926605808113347,-2.814766805268154
train,0.6488840109021693,0.37411707455849647,-1.3704778856971793,-0.5741386494112548
train,-0.5008068815421337,0.11845954380307386,0.5324388897627819,-0.7801157090419834
train,-0.7279525213063667,-0.29006164016851754,2.621213003407873,0.572466791741223
train,0.37303149325766105,-0.7360907543627049,0.5922971662816167,2.1897634201008462
train,-0.3804660212072274,-0.1179807088518133,0.6174222420978179,-0.05224572117906175
train,-0.5285488584494445,1.3947966565496928,,-3.5032239641302874
train,0.35031212224121394,1.0675180066792045,0.6155705372048326,-0.17623899988289243
train,,1.2909238839827206,-0.7067255464749933,-2.349979008969233
train,,-0.342217007569383,-1.011265680183278,2.3822384219860413
train,0.012433825298311947,-1.1532951173496897,1.9076511365029036,3.2615597458499095
train,-1.9871174977281543,-0.8742699435111861,-1.2039910312665143,-3.6854890948968224
train,,0.541712298390335,1.313724861443862,2.980961620579444
train,-0.31671290608018626,-0.21072214943148507,,0.5305822658572077
train,-0.41472900703261073,-1.1497923007451603,,1.1978218157752678
train,,-1.3783795060939092,-1.0138931490903622,5.159978671631093
train,-0.027445966819716505,-1.293202879527354,0.3742111807007675,2.1063411249809896
train,0.03236452391199982,,0.032153931048433004,0.3587222838731718
train,,,-0.8232706072073704,1.841643107910817
train,-0.41763984740960836,1.0979768296020078,2.5175394999769005,-0.8010551045250147
train,,-0.9954999707950635,0.6405145740378846,6.313621163579041
train,,-2.2502619690302827,,8.892344995555396
train,,0.9946981519103695,-0.8278507407172667,0.9685002888428375
train,-0.7851106229142656,-2.2222971592087895,-0.381820767721072,1.4988807025049204
train,0.20858806924802967,0.5965504149666975,0.13498383465183103,0.07191800330598547
train,0.9984246461147182,-0.8864867430369814,0.11135325772415462,3.6673083481244615
train,-0.2769570352280315,-0.334484731989024,,0.7704605624800809
train,,-0.4797501312067892,-0.010233444469748979,-0.07351840208178084
train,0.020846212948238043,0.8087525887088761,,-1.719291730395545
train,-1.6183396966768018,0.39787287377689706,-1.7237203889299288,-4.75489058759595
train,-0.5788266921395078,-0.7458923027077936,-0.9527027382417721,-1.2406620081696789
train,-0.48670061102162276,-1.1105111779736927,0.589723414168895,1.1085352292614583
train,0.09908851646599273,1.0730174589282098,0.25341932169914294,-1.7303567046175894
train,0.23679388254210393,1.2959017094825018,-0.26822058835832124,-1.6843165049604014
train,0.43955482671509033,-0.45142450273189033,0.10961469278925619,1.6902997872008219
train,-0.1454370892925917,1.7840885625748768,1.9584119372599202,-1.112288515214027
train,0.04244306120259538,0.5607036249108052,-0.10998847899151974,-0.7623404394588558
train,-0.1231387450522938,1.3272815031987673,1.5744869810924924,-0.6841527107402934
train,-0.686719261049967,-1.755917629714286,0.0811979859750151,1.2216513258266783
train,0.2883455773090643,-0.053998812304221155,-1.6889164053889647,-0.6600900708598751
train,-0.00899026140749628,-0.28274518074089366,0.12378734256495236,1.13450937258799
train,-0.3548044906093048,0.18236013184236588,3.255487968471875,1.8348352378699349
train,-0.025545401180793723,1.2667936220539835,0.05812639258305456,-1.5714191340067285
train,,,0.9843995202169009,3.8338488569588884
train,-0.6809154993551434,-1.8795738262705117,-1.7562784295202292,-0.28493067724789695
train,-1.2795614472380512,1.1845861854588706,0.19932292240601032,-3.9058964167396026
train,0.1995198786952363,0.6655400817935586,-0.8413952367867872,-1.2204625499327089
train,0.4401380831244166,-0.5138655977199819,-0.2882964272921748,1.4986798589754342
train,0.629651352242459,0.07378423094416166,-0.07736900225995497,1.3855787518076492
train,-0.3710769298518085,0.4423082374791075,0.8704597220516475,-0.8190889318477491
train,,0.11269448899625366,-0.311569323716885,1.4137381131623712
train,,-0.040654808763685685,-0.5800749732231961,-0.9334872801032676
train,,0.17160691065211292,-1.113191277816253,0.7209344170209194
train,-0.2273108176372967,-1.4637632822302775,0.407538115124765,2.229234393307618
train,-1.5163427160965277,1.3115298400056756,,-4.65374324529092
train,1.3941800088415102,0.21655797186788805,-1.6650489194583844,0.9118182638102434
train,0.609699060030446,-0.3398289239265162,-0.5524430170332304,0.8745813681326069
train,,-0.32105832450449107,-0.8970650952111192,-0.6887905261228877
train,-0.8101077623005035,0.01469177838768017,0.5513062101153678,-0.945609736073513
train,0.028281449994976806,0.44105640585174427,-0.5714784709808114,-0.79881372464612
train,-1.46627525548225,,0.9861127375464878,-1.336833861156918
train,,0.3936456870255171,,0.6672652687091951
train,-1.208060404357952,1.7284198069274854,-0.7138290653591348,-5.673630609359941
train,-1.8631310397128937,-1.6479590575663965,-0.8517493886464348,-1.637019844734357
train,-0.7463797175181379,-0.7081140803746302,-0.6934926776577842,-0.8633468345682277
train,0.23508639239903437,-0.1499940432763725,0.7818303321777327,1.589550269180421
train,0.38479661210105665,,0.20339481852439387,0.5882326847504394
train,-0.581326928394425,0.4573654957694704,-1.4481788844706347,-2.9897972537448947
train,,-2.299094017655308,-0.4622801308938998,5.887746318988643
train,-0.5124987248795503,-1.4344324937354995,1.817455759520844,2.4548214882320663
train,-0.8843153374880032,-0.3748886297893155,-0.3699091101441192,-1.0159377684550628
train,,,,-1.831404319489921
train,-0.1371364819063284,-0.4695733148352594,-1.6408400245058818,-0.7280301276948518
train,0.22661816755210523,-0.2418458113180909,-0.0291278565066962,1.1496232862527154
train,-0.018098176506297206,1.5859714281975763,-0.4185758541255084,-2.5105315264250443
train,-0.9522724786514821,-0.42974230747647374,-0.37343518886549526,-1.9624580053291794
train,,1.0390364213567154,0.07593451414675878,-3.437129708181809
train,0.5266513331639889,-0.09898231104766765,-0.39846055263538804,0.5939652499761556
train,,-0.02220474758945816,-0.1148440034895095,0.4252543962215702
train,0.5055561826473558,-0.020259697865679473,-0.11176440981665457,1.0130275449052835
train,-0.6525590929536628,1.6726717386024026,0.4320447717372826,-3.676496804247862
train,,-0.11844823622893227,-0.4327307031496493,1.4497916161845463
train,,1.4515773555220919,,1.8035518236954053
train,-0.5097998079774656,-0.22411810412385436,-0.5648441928450793,-1.305374383279342
train,-0.019519124677139902,,1.942157098578184,1.2785299762372793
train,-3.4058693632384434,0.35572586650248,0.5944718169420246,-6.293844889547674
train,-0.27352242637692603,0.20959539619967113,-1.3894960475053217,-2.1100816214937153
train,,-2.4165098748024367,,6.642564135070394
train,0.24545117728201205,0.4389087744514743,0.8411288270423999,0.6333311724773549
train,0.6853917140911265,0.045164483643323976,0.144076007358159,1.406986408001431
train,-0.09246294673770665,-1.0053219659625954,,1.2825854072376008
train,0.9655938743771173,,-0.2106638170381934,2.0105798735621554
train,0.14138445639562908,0.9815111671733114,-0.9968002785292029,-1.6657492134164882
train,,0.6423529787579016,0.729092270758106,-1.51290883019881
train,0.3966164383713938,,-1.446770022140793,-2.8946963751747075
train,-0.6257785252946101,0.8574801572491135,1.1797026991530555,-1.5729958751753175
train,0.6466072898552955,,0.6431259735602054,1.9273900373094646
train,-2.320998407369013,1.090253705624308,0.1942728269882368,-5.820240883788629
train,-1.0726016215081569,-2.1795730763667525,-0.2790996032229188,1.0725393030807076
train,-0.6458256033731095,-0.7300108641830405,-0.42725676122904105,-0.7012988414206713
train,-0.8190889419974487,-0.8572524873608731,-0.4484096308623913,-0.7720058743625191
train,-0.5282371156118337,-0.899025143332789,-0.5412954044904577,0.0028387841092064603
train,,0.28239713269136724,-1.2673114773867928,1.4472891210866325
train,-3.0837453165852606,0.614730336239693,-0.06530688976560486,-7.401027695756929
train,0.3502455687502022,-0.3850414312301927,1.1600348474491817,2.1843422517958935
train,1.7380419642341145,,0.3532731671381402,4.491665353414
train,-0.18136611879666983,-0.7378120584543664,0.38676601149089046,0.7443949876085669
train,-0.2658386582991524,1.4118537504451092,1.1390574169121042,-1.5680046514581583
train,0.6069736253956203,-1.8693032553290787,0.16454769206009157,3.774030358158763
train,-0.30595247532311454,0.3433184406753743,,-0.34618353697365717
train,0.4127521060913171,,0.8087555762021507,-0.21811539008284725
train,0.3782033117220661,1.3569082155784746,1.1516367635921947,-0.6964087989121903
train,,0.087823098509724,-0.5624991413719255,1.6193392292141207
train,0.22086772621454218,,-0.387934219233868,-0.8959601136488469
train,-0.724726269407979,-0.5997233725257085,1.0771284561148315,1.230271490716126
train,-0.3787106218013324,0.951819710654432,0.8567900754027852,-1.16282710234426
train,-1.1449222521151992,0.31869203086855746,0.8608841971251705,-2.1783362221326086
train,-0.44130383090944847,1.9816031508507546,-0.44620804669120817,-3.638384274565448
train,,1.0699966367087341,-0.8773782232888925,-5.011108449572449
train,-2.3166206018643645,0.9021169798153098,-0.41084711386517586,-5.869568082716664
train,,1.5685852803695224,-0.010880087619016899,0.8183249045125965
train,,-0.6780251653129188,1.727655072796789,0.6569771279846894
train,-0.2505074681197239,,-1.1882176049430349,1.2802711925862988
train,-0.9299420983492743,0.18230995246193216,-0.8504212342805089,-2.7563918257477864
train,,-0.46170712836600547,-1.485224489234557,6.046298804273792
train,,0.45230194611146424,-1.1889191387497409,0.6609025630420319
train,,0.4051429577571465,-1.2980391554646107,-2.1027076845338475
train,-1.1785378811785625,-1.1492933509319625,,-0.11670950896155041
train,-0.17502627927721542,,1.529361563586951,0.2642403877437228
train,-1.2039352556503453,-0.2761461100893086,1.3509755660841323,-0.572296901898415
train,-0.47992616349277445,-0.2180553435143717,1.0182405629683375,0.371296418515319
train,-0.2864610404883834,0.17204043067482214,0.2213674284513043,-0.3317798838313199
train,,1.1877509471195282,1.492909874914845,3.1589961514735694
train,,-1.9445479073024763,-0.1255289340707648,6.218163806511659
train,-0.135835637970849,-0.5675092069641323,-0.23606395075978956,0.37673571319783955
train,,-1.518168940653253,,0.74604699038834
train,,-0.4359495272453484,-1.4534915085109252,1.07990454900252
train,-2.164207376089453,-0.012864775338461872,-0.6646937739916485,-4.685083470108955
train,-1.0277326244472573,,-0.6685394340294922,-3.0773588893785404
train,,,-0.9655968860405015,0.7114757405697615
train,-0.45297937101197583,,0.20526073327281585,-1.8325730230032065
train,0.11652634490836623,-0.025048264513614,-2.119717256392603,-1.8478136204394975
train,-0.4331990689345683,1.3005523673978385,-0.7362950366956843,-3.545344098396552
train,0.4171332493064626,0.14441281421254826,-0.009813775002083651,0.8478486437463679
train,-0.670614641990164,0.4726310619274351,-0.18024183378973682,-2.3090727085043135
train,,1.6867585788489252,,-4.194170138471477
train,,-0.894513736774485,1.280664639184131,0.3817923945198334
train,-0.09275067873030739,-0.050861277561646386,-0.08550144415489215,-0.48886620694115424
train,,0.7912559198049595,-1.5536687472487563,0.8609528114669625
train,0.6477016173725878,0.5929327234645008,-0.03698251717704211,0.26143644086143525
train,-0.46802412826441414,-0.14597441613527481,0.6339821813913764,-0.03488001403977503
train,0.25019921189787575,1.0045253603102102,-1.8624533715397784,-2.626150610371666
train,1.0429132471546396,0.20831565876452218,-1.0759179906160943,1.2253044210610058
train,-1.3239853762096345,1.1236170955693874,1.2998716935846997,-2.9901308556180086
train,-0.34019853650449383,0.492110082742568,-0.7847097513185914,-1.7212358062530193
train,0.5161259460132634,-0.7878907749760297,-0.989326941950964,1.250050577814548
train,0.08013008791321276,,-0.16061477719006664,-1.51883165496675
train,-1.1406977638193256,1.1044172493999997,-1.2646070855534852,-4.779070363046319
train,-1.1107771352224665,0.3167941039093016,0.1958512605151721,-2.0417217902560756
train,,0.3384704912768233,-1.1522848897189917,1.4349446051968275
train,0.16730124150499415,-1.802565305971156,1.43137095829249,4.486067084983143
train,-0.39133923688984384,-0.3230428014476518,0.12343565968675058,-0.5941178765515002
train,-1.6129393807502754,1.8523770564621858,-0.16270277230834523,-6.378511824640844
train,0.001020648488602635,0.20268278099174505,-0.7439799400554692,-0.9503190801107142
train,-0.7942721386863466,0.07573948407405447,-0.17615456227584927,-1.6069935162312363
train,,-1.5165487066668375,-0.968350817748142,3.7584581675222917
train,1.5102019274549447,-0.8393270304455046,-0.020681009115984965,4.362934035998647
train,0.11414085562520371,1.092233012497293,-1.1100810381405752,-1.945621767649493
train,-0.4226797470619443,0.5914051472505782,,-1.4097155486437787
train,0.37822701136273096,-0.26856409812964016,-0.46292882151582815,0.7284112020746871
train,,0.5578224368040583,0.2234562181007312,2.1178102889069286
train,,-1.3829072285139703,-0.39729002908315963,3.894763431193722
train,-0.7161171419789943,0.9324456843539297,,-1.9825451859312835
train,-1.2727999378579629,0.104594012237959,1.2649053424207513,-1.756694791310796
train,-0.7010951162241198,-2.258001421326111,2.4195861374969154,3.8103016507080216
train,,0.14670938749112053,-1.2813049880679404,0.8100070521367566
train,,0.62522568025199,0.24622299267886721,1.3124900744031955
train,0.25197882988257286,0.03839016705608833,0.7336303642839391,0.6314194325122612
train,0.013111659876304617,-0.03449764578056645,1.6186163776518039,1.5936150710694288
train,-0.47244762209402236,0.7926840500169244,1.7074021225206233,-0.7197399433361423
train,-0.7661799933814778,1.2884949555394767,-0.7017143455421883,-3.9651735540226327
train,-0.02457832954990414,1.1416641046280627,0.18887072037173355,-1.8744723585686067
train,-0.7593405808215673,-0.10932097905304516,0.45730208168404146,-1.1226314923871765
train,,-1.481122493904757,0.31235842254516366,1.6678889456454116
train,0.20762246628054068,1.0134120455752125,0.9605249003237993,-0.3549405790230845
train,-0.40970539378238147,0.35139657070909025,0.4302142633593746,-1.5100544426926241
train,-0.30959630656510345,,-0.0606469107829285,-2.965992654491571
train,-0.26811790412498737,0.2505154932875329,0.4781915292795428,-0.6148686145575332
train,,-0.3817831218726185,0.5013886225767341,2.566473140804687
train,0.9909006848524382,1.133947757354792,1.191141917771637,0.9087585289537405
train,0.5816207889228382,0.5471618789757865,,0.5851811009143083
train,-0.22260993762842818,0.5952214512364292,0.8771071378483897,-0.3804678324982361
train,,-0.4054507752489827,0.6191926328211989,-3.5734285562117485
train,,-0.5428306216454046,0.47833520573887106,3.528239344520585
train,,-0.19026149253058605,-1.5424482875541363,0.8878038963532264
train,,-0.030773926885132547,0.08065347588190394,0.24871487768122647
train,-0.05890934037570118,-0.6870344350614264,0.6991081359069513,1.4979940608347042
train,,0.13814780845525135,0.8480085263154941,-0.7439552787921629
train,-0.7714876955434748,0.8280464938378769,-0.6218022904609097,-3.4664880032492134
train,-1.0805942694110193,0.6212081010437088,-0.8712500411853604,-3.7234865640604644
train,1.2462391240424888,-1.6494772620905271,0.6223259432576145,5.769719883878676
train,-0.12183083384673957,-0.7219578619625405,,0.3457988945199978
train,-0.3544186641386893,-0.8526813387278454,-1.0921498575200108,-0.43167040130587864
train,,0.012117756412686921,,2.5888462809408264
train,-1.1464861625515257,0.017996595539386148,,-4.274475501456722
train,0.22562342747412695,-0.6953326649931141,0.8523375886866073,1.7044367306159665
train,-1.1384168502777088,0.5693403798313537,1.0938314108106224,-2.3718660229481436
train,-0.9155696044906327,-0.017398328580253194,0.2296933641858757,-1.4241409091563855
train,,-0.756468208478734,0.4630372141028719,3.690187017539492
train,,-0.7808338663497534,0.08336823852282417,2.583576098844801
train,0.3561808513293523,,1.9686001354878984,3.9072838357541304
train,,1.8005964521634972,0.595762844837426,1.9763599864912131
train,,-0.1312277930589402,1.1369742972604262,4.229494813226927
train,0.4481498901879244,-1.9838454769718623,-2.174076191631655,1.8301524092684134
train,-0.1301667070964042,0.17137183376851506,0.9451660114101169,0.6919898647458231
train,-0.4119023405929788,-1.1317958409508182,-0.32150799932320523,0.8358988561453345
train,,-0.3182019732609849,1.9752705849528387,3.4404696092847717
train,,-0.4021543560622884,,3.8449704005470773
train,,-0.9415663084567777,-1.6285433013213195,1.8016565759518304
train,0.048535253677178675,0.8894699989160437,0.29622663594718857,-0.9583577389864318
train,-0.6613998783060885,-0.7954850858267472,-0.6104958783052414,-0.4964565928454224
train,-1.3884333503549944,0.621820571387823,0.09921778851040174,-4.010866233050577
train,-0.009201471729143543,1.248275190133398,,-0.9171914677273694
train,,1.0257054025616987,-0.22542647335411442,0.23887627588572022
train,-0.937675804876519,-1.2525700359692955,-1.0251147346323057,-0.730652071961662
train,0.25967326824144565,-0.2191206584274633,0.7147251852144274,1.5224262036096967
train,-1.1649065958695222,0.5880152428801632,-0.036709857073560136,-3.5457301258869847
train,,,,2.5954357382238427
train,-0.8708393505616064,0.7113203409196822,1.9530767209324726,-0.7880917500587924
train,-1.149090693422409,2.6282929746768686,0.6211377243572369,-5.568916491291682
train,-0.8532374431965759,0.5382384163993668,0.5852497794055641,-2.1964513374100023
train,-0.7126900115371833,0.8003127530544609,-0.8331304627598569,-3.2163684699261315
train,0.1569949157152158,-1.090761036711692,-2.029105268178447,0.4289517232608204
train,,-0.25950993674213496,-1.2144780715880872,3.1492465767256594
train,,-0.45324058881341706,-0.5219880050228602,2.7591488024799413
train,,-0.6809616252944446,-0.8592194453089576,-4.693612112320644
train,-0.08202526214874985,1.3764623987625195,0.18326542061215598,-1.7847561127347773
train,,0.48517917206742134,0.825290550131013,1.8778808303198211
train,0.1217129430041853,-1.6526052689369264,-0.669596434778213,2.0779980291658737
train,0.5399603356535492,-0.0439454701237797,0.16963356078119166,1.0205939908052009
train,-1.1183882117311936,-0.502031373221244,-0.6043506487050232,-1.9617393593138157
train,-0.440944868658179,1.75660378301831,-0.490919925803725,-3.8285885548330167
train,,,0.8930021865499179,3.3343163697082874
train,-0.5463106896505753,-1.4301311625151012,0.4627158825999349,1.164238534874859
train,,0.14648715903124251,-0.31218428434279555,1.3037072243104808
train,0.0010717368852899958,0.625978815050772,0.3127169517195456,-0.6010516303181049
train,-1.5382734079812133,0.10544807629957628,1.8198991668785036,-1.6814251399835365
train,-0.2840290857115036,-0.8610848598893722,0.5069549456807697,0.9834507983978987
train,0.49569835395532713,-1.2008671062585976,-2.2793869782732585,0.40862850512101445
train,,2.0903028684778575,-0.5841424431716055,-0.30292480885847556
train,-0.2714715760920984,-0.5498560406268652,-0.9608605117011256,-0.11603763949712881
train,,0.9414699213674335,,-0.4890976502424079
train,,-1.0522617284530258,-0.3876411993397072,2.5576982495740417
train,,-1.1714866888399926,0.42804355362836377,-1.067420894037482
train,-0.2104659114392296,1.4680227380063944,-0.29625685559595444,-3.1092858467401374
train,-0.5831327336446431,,0.005855263017253754,-2.027177769610286
train,-0.6624670702877429,-0.4323396579512195,1.4672097338560535,0.8755348033066858
train,,-1.091059299080264,-1.0531125176592948,3.0289036476409765
train,-0.9126464927300639,0.7549678047949588,-1.203170106211332,-3.8481439201257897
train,0.03451264624284773,0.20913495831607462,-0.08020762441148128,-0.23639841597047853
train,,1.8790751725708736,0.7814948748452683,-1.1298283554784059
train,-1.0141632962686744,0.7624193759609159,,-2.0006240868710043
train,0.05139121030985849,2.660508274238717,-1.1580218907743003,-4.91180886126256
train,0.39565000072327555,-0.024020697988940923,0.1640418392726489,0.9564859644785021
train,,0.8234271279849457,0.9927042390601225,1.414439418720275
train,0.5181791031797846,0.9892847871794673,1.213526138643165,0.25996803281341035
train,-0.680936406951423,1.1228027435534018,-0.12854061630013897,-3.190796336491596
train,,,-1.2654317769824204,1.5582767982530248
train,,,-0.27249605615578343,-3.74429283446363
train,0.42627950577615437,0.518644396751258,0.5870396953796543,0.5777234992911141
train,-0.10990624754699407,1.8728940473492286,,-2.1839313194489867
train,-0.9060962882323175,-0.37983499540378346,0.34040889774114524,-1.1748193562452909
train,,,-0.40331159866019145,2.008331208543961
train,0.06657572678967974,0.8248108674512703,0.8696026668139821,-0.7943449268038498
train,-1.1799843796408942,1.0653675376014966,-0.3480907790632491,-4.232204697582251
train,0.2269252287312819,0.07176473434407317,0.957780439259658,1.0813900952683184
train,0.5422925794778317,-0.32205792601609023,-1.1769006129433013,0.6256394408794974
train,,1.4919501191671038,1.7640139728916429,0.6448876697154152
train,,,-0.04459517223587531,2.7377512566299833
train,0.35667336539564265,0.4764592019206842,,0.20218129718246386
train,,,-1.7889090185660534,1.0375585963418477
train,0.17669068125269216,0.4546348141175708,0.437215295747162,0.42970371332279395
train,-0.4038541211691769,0.40129122082484536,,-2.4247514936059127
train,-0.4915830773630937,-0.43374593188233923,-0.07012375228031187,-0.3534611261398718
train,-2.289706520612039,-0.6163412394027443,0.6637956171410228,-2.9061775284738713
train,0.24215242918067634,-0.15749212518308128,-0.17906295798228086,0.82117348488094
train,0.5706728663740503,,-1.5347042357287215,0.7161590173570187
train,-0.11976071730943676,-2.0010629527730615,-0.8831498840658321,2.3673369600793883
train,2.8605803542361214,-2.367380630501069,0.7766471747190135,9.522448834666733
train,-0.4887922607360209,-0.2081641556249459,0.06879667095943039,-0.7157680883441585
train,-0.510486605448993,-0.4054606023260403,-1.8666945418053826,-1.7144485770673203
train,-0.22448305632744173,-0.6086570141579222,,0.6124259050376984
train,0.06258483761607245,0.000399685954187849,,0.0338748964517627
train,-0.1541133030732669,-0.7109058929292618,-1.590706268951556,-0.45880868593176816
train,-0.4154905229998848,0.9168495705386746,-0.631889674422234,-2.2560402342531245
train,0.5340389018788598,,0.4029486267319728,5.618762652843463
train,0.6595351603491906,,,-2.174471328290657
train,,0.24712237357406258,0.6844626466898323,1.9330966570125494
train,,0.9335207255413682,,1.3776880074257192
train,-0.5133446160441746,-0.10310593892990441,-1.4845337007201997,-2.3981051303193803
train,-0.27930627954947024,-2.0567688861056816,-1.2453193219618552,1.3981475931497824
train,,1.679218486394455,-0.7548310542139653,-4.167630309604283
train,-0.9588335906292696,-0.7107273284332788,-0.3472941246901979,-1.1362394250056134
train,,-0.10546808342194183,-0.2747772356274652,3.8007789641553025
train,,-0.5503705629694725,,2.3177282303816034
train,-0.32861148276617097,0.2398941263972421,-0.25008111678893535,-1.3712887112449077
train,0.09261114731576248,-1.0803670374158532,,1.867426661029101
train,,-0.7552191994004497,,3.274975554281753
train,,-0.6183019620155816,-1.2850736358179247,-0.5932180843112689
train,,1.3681722118978967,0.21304509359455018,0.32300740635125536
train,0.17195135940248166,-0.6580248169460571,1.3056080969429025,2.4896692035884267
train,0.3704572648348375,1.3871799093041781,2.030141824545307,0.5874534750086157
train,-0.35227915148937655,-2.133539872517543,0.0803217284125236,2.4769008084806825
train,,-0.617907641346473,0.009493969789554838,5.120944748953708
train,0.0531391575629043,-0.904575844184681,,0.6024413291909065
train,0.5027902751307717,0.34466377798972064,0.5407086277242654,0.6095025317704157
train,,2.4229631035723576,-0.4135829559515459,-1.6323022750415095
train,0.17080087925173765,-1.358578548604225,1.8869948713292402,3.3333592214458276
train,-0.8081125352107084,0.5087308583248816,-0.5608757410823981,-3.051457944172042
train,-0.8613081856282941,-1.7231102280442276,,0.2785506331019612
train,0.6764550931034109,-2.15091305508816,-0.3171002796123618,4.602203869234965
train,0.3260616358003909,-0.26282597615886705,-0.04889978370739181,1.5131968000662301
train,-0.6617996162555876,0.11156745868260196,,-1.3988011137415715
train,-1.158726473388649,,-0.3001125009629965,-0.3151603291924963
train,-0.13926617740997416,,-1.2935360764967476,-1.0381474517792615
train,-1.6223580789737317,2.130348306845559,-1.4388895185795845,-7.067817976988631
train,,-0.40635013352923377,-0.42348569548929077,0.5318987168611291
train,,-0.06640015104199012,1.9992178027559189,3.8702300952742332
train,0.2580326594958768,-1.4652361389547828,0.6714663421979643,3.5598701728867352
train,,-1.2046618527927415,,0.6532902958630821
train,,2.137542259450088,-0.39305599871997665,-0.523711734122907
train,,-0.8832093167547589,,2.015890049082451
train,0.2827690065147216,-0.25259557732421595,-0.18486525906886417,1.306926168671601
train,-0.6685472825252542,,-0.7498003082536386,-1.7525621394400173
train,0.39929620524461584,1.1674760441192849,-0.06733464515275518,-1.0178748011552257
train,,1.5712851113127284,0.6198001611677832,0.13867329180135918
train,0.1302500700034504,0.4896831186644724,0.3710411694747055,0.009756463553751787
train,0.6488974768422048,0.6695801812695138,0.08033077734383955,0.7907612891593205
train,-1.0822738423457032,0.300790379683655,-0.7553035340770226,-2.9792575915028965
train,-0.511158192944059,,,0.163003832856155
train,-2.1333149154887345,1.0740045381044705,0.12941162657089214,-5.83744924265082
train,,,,0.3873886633129952
train,,-0.7210775562831835,-0.2878224220759512,0.4671080190833623
train,0.19349757590107255,-1.6225053628358146,-0.35757972622721595,2.845699729431291
train,-0.1341975165012876,1.818949921312588,1.1878809127087768,-2.242438040508291
train,0.668125959946245,-0.03587332718272992,0.171159752315181,1.3833755722238004
train,-0.28468477705483325,,1.6041790623148222,1.272646927890156
train,-0.2745729538151312,,1.2581540952365322,-1.1924058919436984
train,,-0.9060541638293853,0.05093024381923488,1.2928086488947121
train,-1.0433709384046683,0.7591482499102573,-0.04683859165615223,-3.209487669525601
train,-0.570414245515434,,,-1.2515493195200877
train,-0.19726694716001086,0.024072839743335836,,-0.07833781370177775
train,,1.0439602794384901,-1.093378104160623,0.25745438239036766
train,0.4995089063905197,-1.8337063785594834,1.2642165030219419,4.462434553816105
train,,-0.5815573157777966,0.8316281267893971,-1.1465070994837598
train,-1.7813401646934497,-1.2665112313476363,1.0806745520431356,-0.6939729290368176
train,-0.5151233229507436,-0.21538320148675497,0.028261328989384184,-1.0321364635013728
train,,0.0315390637102174,,0.5936311705040801
train,-0.4097391148765658,,2.1696163715847123,3.530117217193671
train,-0.24697895653611146,0.39923076769013804,1.7552759163846237,-0.150834012839419
train,-0.2262407766184726,-0.4259435129388529,-0.5149117598801878,0.04134972680351168
train,,-0.8495895048581131,1.5698770354108098,6.528326313552665
train,-0.8482818912364931,,,-0.7899313254499581
train,0.40858407862425317,1.5678227423397124,0.1576638931032153,-1.4821781794380202
train,0.6256479219187479,-0.46881354212328175,2.0886070086295483,4.095121971979836
train,-0.03425828956559325,-1.7074517541598722,-0.7942278438995767,1.8432828668272798
train,-0.36100860376826316,-0.4324683997792163,0.677660522956753,0.4311421730086767
train,,,1.0771123559416362,5.131860393689758
train,,-1.6370001971264525,0.34250910997166223,4.716086859747892
train,,-0.06344012880027773,-0.6672627235929354,1.3384130948128063
train,,0.8870964952530278,-0.2981454615088156,1.8066104802050915
train,-0.5325605491743797,-1.142491737285346,0.06710614003706977,0.7186706268617011
train,0.18477313388325922,,-0.7462561756758863,-2.381684645653886
train,-1.2569824468209636,,-0.7067464837276006,-1.7247962242280446
train,,0.5033351733094314,1.2590119897143046,2.8672165406490526
train,,-2.804464320657038,-0.1661450088338454,6.413758737314452
train,-0.7239094468568641,-0.615643649985826,1.88371018629133,0.999308749781673
train,,-1.3742535531890885,,5.001462545170989
train,-0.426623256496368,0.8267571229695242,,-1.3069341297936004
train,-0.34258360855683867,0.9421932770535588,0.9585918956642561,-1.0463960954030975
train,,-0.09375375933008975,-0.7028879448008694,0.8432902229381385
train,-0.29874154090532634,,-0.7775899577528089,-2.9328927239092675
train,-0.39625446794841146,1.795159388363794,0.19491343362210245,-3.7916722866651096
train,0.4971340754437548,0.1798893934631084,-0.025388025276097695,0.12991669503148884
train,-1.276559307808191,-0.5729866287002335,-0.42527086023742516,-2.13240949997468
train,,-0.11768575234234858,1.3458470424599,3.4003814888739283
train,-0.6864753670270355,-0.5472989391103991,-1.109483707954243,-1.9995117419386288
train,,,1.1158874994721653,-1.7650733944606976
train,,,-0.04863814794651954,0.4750032256009645
train,0.48887579528885816,,-0.22431935101472475,2.4181468852397097
train,,-0.6803416771568621,1.1884685037411102,4.977954075865439
train,-0.909147064761017,-0.49067405228839,-0.7926018511810943,-1.755274057603612
train,0.1270436591027414,-0.9475727166435112,0.019399565100121856,1.7057481810123833
train,-0.3042488331895809,-0.19047798186657203,0.16463491075182182,-0.10956037183911162
train,,0.698600447774705,0.10159110445071438,-1.215892042800511
train,-1.6600211117933592,,,-6.104747036751187
train,-1.5745469586371144,-1.2917566855076776,1.4790885991307428,0.11693508627043997
train,-0.10706890365232115,-0.7412922451958832,1.4549950516239587,2.7131986732664695
train,,,0.3144666801656624,1.555286076476419
train,-0.2511454811233107,0.32956161802498,-0.41754363403333716,-1.1715546729619097
train,,0.7043026041825584,1.0130041117395314,1.8983020794346406
train,0.037218806465027746,0.998943282810807,0.022413112188350914,-1.4306576967945286
train,,-0.49506873846353383,0.11020201504586474,3.94440494698022
train,,0.8213997073889523,-0.27729386837734266,1.1964103653403744
train,,-0.6750755428987221,0.6076187186612864,2.9395385767934448
train,0.5197143614104025,0.013798583852533082,,2.5389087336612066
train,-0.3393160384286808,-0.4234464213338235,0.8962118969743091,0.973325791487373
train,,0.6463282939070267,0.7187590527629814,0.9879734690590518
train,0.4158984515789572,-1.0804207661132919,1.6159765034264995,3.446562872544755
train,-0.19200493671329577,0.28111539730783747,0.10197446680451178,-1.0624935221505658
train,1.7596020926019942,-1.9604034283889307,0.08993907975727768,5.911465051414447
train,,0.5844990445085246,,2.6950784496039017
train,-0.3968146478309497,0.09775940029961622,-1.6026314058272835,-1.9478305344070723
train,-0.3136360779083661,0.12171005628198112,0.3156504064454002,-0.9352905310107871
train,0.46654607336057224,0.19460670460147883,0.9240624568701028,1.5312299223806356
train,,-0.9423914766986462,0.4324020656980689,3.665254431586454
train,-0.21121031451845665,-0.23215645762929044,0.32994137481622604,0.49285138450697136
train,-0.018358026689447242,0.3081969303663942,-0.9565426586978523,-1.3753969219041138
train,0.2400478221111561,,0.7148620935390234,0.44770233196903375
train,0.030633171968260146,1.3804571726545039,1.4100564492461232,-1.1431463941147597
train,0.04642706920144762,-0.7714003415875846,1.026958640577453,1.7409944632809378
train,-0.6705986483056813,,-0.5205827400137271,-1.392481697937516
train,0.023362693258268962,0.4585926311269742,0.09227957703508283,-0.7310380706802563
train,,-0.7725345563073234,1.4208132568257767,4.994673421679954
train,-0.7694178712997181,-0.4366673948894141,-0.9426330803432382,-1.3698927464737007
train,-0.1322020292256165,-0.7018040188903065,0.9417372852134307,1.5914198703421265
train,-1.35574431675547,-0.15328325487332484,-1.4229886413610862,-3.7676783648642096
train,,0.7539694969850951,1.832330625004512,1.3960052721177159
train,-0.6006471143530775,0.17841793735836037,0.1028896693576761,-1.5094823509968884
train,0.14197717753453967,0.38223255967487124,-0.6076344190251776,-0.8026527424980973
train,-1.3664904623903589,0.1688624901791922,-0.3157056359437963,-2.9174823542857875
train,-2.3300913524783944,-1.3869508379860827,-0.9396502950625755,-3.584080412178337
train,-1.483993671837909,0.6711699996740861,-0.12302317625062263,-4.261597328425785
train,,-0.03936763392691162,-0.3192680183092305,2.6744268504011743
train,-1.3048054335557517,-1.162528541349517,-1.5157246759303156,-1.8856987367064686
train,-0.6377417531975557,-1.1114558590175316,1.2630334768423173,1.644459691440382
train,-0.59892869635378,0.07183559089309835,-0.9391932234847974,-2.0771291254104103
train,,-0.5935742640552295,,-2.1998786585452943
train,,-0.30864533552427753,-1.3506567133164977,3.848788719107243
train,-1.8824925973879574,0.7301020040703748,0.9383774335762496,-3.8640985627424254
train,-0.7172011379850597,-0.5166196736890925,1.2973166413909527,0.26449005330177444
train,,0.4154946661098105,-0.8216950873034596,1.5064373519059016
train,-1.1964386099197064,0.6388529978802391,-0.17751265641820166,-3.079238460963649
train,0.22110270148609265,2.7359097202158518,-0.8651619503540208,-4.431687433360469
train,-0.3109062147821172,-0.7033134417211566,0.500483195176178,0.6525942430821123
train,-1.0748261628956342,-0.5698442268537965,,-2.3888032755612447
train,0.17631427527571128,,1.7468135311047943,1.950578513830875
train,,,0.5965595895957118,-3.4387870058352386
train,-2.627450763627536,0.14908386280279545,-1.1727236522107136,-6.889378060669383
train,0.060800910209138075,0.9631999383806884,-0.47858002664071464,-1.6876047869931616
train,,0.09547218910622461,-0.19500781899991762,-3.5168927977067184
train,-1.5246815246218126,-0.052274638390181344,0.21671850187762556,-2.3438484792982672
train,-1.6776325506297827,,-1.1468834640634478,-8.528996608978296
train,0.2122653995249052,0.16044976301007555,1.0797265989364537,1.23693575152383
train,-0.5326479739784109,0.18663870350737768,-1.3909333834924282,-3.33636174246336
train,-0.5585940316381168,,0.16768772930068665,1.5335033798943627
train,-0.6381058976350841,-0.030052859511978815,-0.7574985561945391,-1.9292278324317487
train,,-0.37313655666102874,0.1356439822922149,2.385983717099442
train,,-0.7205090143420975,-0.49825438131646527,3.7064775637582716
train,,0.048211789189360296,-0.5624945429491205,1.7555168082320805
train,0.01838036948822011,1.3488352629296843,-1.376191628020841,-2.89560658029039
train,0.9197094544675952,0.7134081966650185,-0.015719003090877773,1.0090154299881087
train,,,0.5211750153083398,0.37459456893943516
train,,,1.6222178015681423,3.522275981871537
train,0.6639800956477104,0.2997959570940391,0.30640999791261014,0.6194781177648282
train,-0.9708136888832585,-0.739731806330937,0.1492319597772118,-0.6093485417952569
train,-1.377807578112777,0.3510960686618923,-1.3255193472288995,-4.511717399338054
train,,-1.9938428864933184,0.8078003319623162,7.448503051869448
train,,0.8824044142152486,0.01571681274061824,1.4556248367200166
train,0.05638394415272969,0.8488967365140364,-0.6832195865594319,-2.2974613931406638
train,-1.2770205618448687,0.6087135733001772,0.06349718920023813,-3.9285571963539203
train,-1.0318216669880087,0.3449378871232765,-0.5038387401087326,-3.1961583921898975
train,-0.9443113277156397,-0.11774762548317634,0.8057981791443541,-1.0513178585907679
train,,-1.5379718754664664,,6.635221107112105
train,-0.7064389467292826,2.2559727851989386,-0.8598160975946931,-5.980574864561973
train,,0.5460049053228557,-1.84289485533068,-0.6608594511726958
train,-0.014301203450022887,0.3472324112101634,-1.1607692676051247,-1.671904070443769
train,-0.2230750880584741,-1.2769430160056254,0.4408708490046877,1.6871510962733294
train,,-0.4170360982831724,2.3011476263726873,5.572395992024922
train,-1.3604341591546973,-1.4163451512911254,-0.7286591808538802,-1.2522919736673739
train,,-0.27603115878253,-0.009669082611396155,-0.4369987229171126
train,-1.7649867520707303,1.2386276940852,-1.13865544916011,-6.575737494529856
train,0.42107177509970023,-0.6183445206849957,1.4473739686835372,2.792375419761201
train,-0.7332823832113948,0.6431468169722419,,-2.5711729360117297
train,0.2646585079476397,-0.896252915728772,-0.2489062111274598,1.3664258052072293
train,,,0.9350439618881102,5.802563248125103
train,,1.2309810838577246,1.6733479046554187,-1.7978199512310733
train,,-1.1850742209081475,0.888353469400046,4.389179078641117
train,1.0501799891738044,-0.2988592519812114,-0.11735007371381387,2.710846695968963
train,-1.4531398798597763,-0.3253518539687958,0.3795375560904112,-2.1592299638868915
train,-0.5416797470264477,-1.3968874469350872,0.26855204486845785,1.2796596368500446
train,-0.11315971252464523,0.47946463396547606,,0.07659482441637844
train,-0.05545136320143947,-0.4029897317827547,0.7399049024445123,1.3540912821835875
train,-0.957727762175276,-0.14146691053702315,,-0.1458317003996374
train,-1.1341302361069563,0.5149890136981318,0.221494669952656,-2.7662118100092696
train,-1.5619216064682349,-0.4472507063606332,-0.9161695386975676,-3.3891567810962977
train,-0.12695485203561796,-0.26400906685620995,-0.13350783332326188,0.17651020618507712
train,,,,2.3489227222292444
train,,-0.48807194436837686,,2.6940817618264115
train,-1.2656823132520363,0.5355551317823595,-1.2232365650152943,-4.0772544790384995
train,-1.0546980792594272,0.06912718471500298,-0.33203958643031933,-2.4952111163109145
train,-3.1886851619263035,0.4748581285484534,-1.2557679819326988,-8.404806700997385
train,-1.3292869947598946,1.0220450746254048,1.110329981207342,-3.2495358420770866
train,,-0.9109743968466737,-0.1455012524628841,2.665128534528645
train,-1.193833644776249,0.07311824616059229,-0.534086094424454,-2.8254537569627547
train,,0.3306948036939135,0.7042370534242093,2.3698149051319333
train,-1.1085801409252134,-0.05794357029797719,,-1.6080869930173818
train,-0.9041891802604823,-1.1738308607960521,-0.02496161297024734,0.6708928731285716
train,-0.6634487025570555,,-0.031130539399842696,-0.4911065388183526
train,-0.017450637545092122,-1.3543831101500787,1.2249882968793644,3.3089765311622608
train,-0.25814155380885595,,-1.0742129237801108,-0.5615252546535823
train,,-1.1264835907694324,0.051886452390618336,3.54893692212607
train,0.446246566806349,1.606166752678835,,-1.0142290538808014
train,,1.378469706351908,0.060872842992979175,-0.5252899688007555
train,,-0.701763276207208,1.4130549276180104,4.603745494534173
train,-2.740840426960332,-0.04750892988326158,-1.0557842538089126,-6.177563978013636
train,,,1.632831753163445,2.850030482273326
train,-1.8508672907255432,-1.732426631136157,-1.4988115099127057,-2.4742097213862273
train,-0.6463824928188787,0.2633700295831172,-0.14699523758168237,-1.5240894867883727
train,,,0.04588518024667898,1.8772615086931692
train,,0.19514320379244135,,-1.8650410572391847
train,,0.24386284190221585,-0.9906336900630867,1.2993227533738394
train,-0.23843580427012617,0.669396143242389,0.6407937281361868,-0.682225210115802
train,-0.2234382692602689,1.348705413421774,-0.08671735448122653,-2.0435745768991405
train,0.3757864981426206,-1.1714434367877764,2.490254494076836,4.039991258876533
train,-0.3672409292195072,-0.3740505962946843,0.1974251201865878,0.1043424831558682
train,,,-0.4736641535747649,2.43149473024922
train,-0.03832065726989479,0.12296602663541424,0.9705595472689607,0.4788545194445151
train,0.9908015426091218,0.5482696982722546,-0.1338133908661081,0.9988200745175596
train,0.355464263881413,0.19241887199662283,1.5094172434034496,1.9032826596496062
train,,0.9404350171052983,-1.744955067754925,0.08142650814114304
train,0.2572063400130414,,-0.7520256439720598,-0.46893715577016565
train,0.3405497154597999,0.31928144711035444,0.623128851692745,0.6022268770513279
train,-0.3234198777557761,0.4451563285371984,,-1.845471102276566
train,-0.8269280185493719,0.4320558490130258,,-1.4600844636662456
train,-0.37886881504042086,-0.03379986777627609,0.7711417382666539,0.18239780651541926
train,-0.5874611579668454,1.4425318761661379,1.8160965898150625,-1.6998250135612207
train,-0.31011565898694377,,0.6022940978310567,0.23307820375432156
train,0.6244168120817037,-0.15392948166943793,0.5481889204223308,2.258030612237406
train,-0.5870022402175945,-0.450267727766314,1.51684750567802,0.7948150387199087
train,0.2003742900930965,0.8377798904206138,-1.11896066504658,-1.9950911091314152
train,,0.4193641423278241,1.2341838057287056,0.5590463530312313
train,,2.067876626462124,-0.07620176058040577,-0.032690818348583756
train,0.6813522636567745,0.30599997139290747,1.0842803265576166,1.8066468931887874
train,,-0.7735630658904264,0.2979193084990001,2.9065568505723007
train,-0.05682117436930713,-0.9286981414221963,0.4839240946743877,1.9434733316997077
train,-1.8186170225033724,0.027422060793941525,-1.7835959520719913,-5.485690070049668
train,-0.8169065290416985,-2.0864056358793466,-1.218389378688451,0.2741118922303808
train,-0.20095494040525194,0.6174988677735188,,-2.0213617142014497
train,0.3550561626923591,,-1.1998050924703012,-1.9899776307750705
train,0.4328725507530375,-0.07269492171348085,-1.0279205241816933,-0.12320033864294305
train,,-0.13573515930698016,-1.6794622925894285,3.126162782746126
train,0.6223166768676698,0.29943098901869164,0.20741042676570395,1.5122262486311449
train,1.2307609449663883,,-1.8081248605887206,2.2215701253941997
train,-0.3547545212655955,1.3341950952622084,0.016079272752771576,-2.9481232219494418
train,0.43890066054471133,-0.06518612340384466,-1.1498062030775884,-0.2952360908745932
train,0.4969059927727777,0.36516708331348025,,0.7766568389033272
train,-0.7236679088113099,-1.6876792013002047,0.8573752509970667,2.022266548299222
train,0.08156713485148799,-0.20311677774344197,1.2049124061187395,1.0611855331299433
train,0.331312099593606,-0.12985362653780969,1.2432422047514706,2.063779675278875
train,,0.4385872637428617,-1.3516554974392845,-5.3286148326667915
train,-0.06956918539786132,-0.4320059038057229,0.7318460985388857,1.2348745759869355
train,1.286792712761923,0.6461397330898757,1.358204587714594,2.568700403720601
train,-1.2803966019659607,1.4545674949779632,-1.1234544392028445,-5.881643593988886
train,-0.3903652476583445,0.16143429480374286,,-1.631502399945563
train,,-0.33573948929201214,-0.14068571094073795,1.5457311829254459
train,,0.9366673647795384,0.8496605859158983,1.6023575824563834
train,-1.4002308951023401,-0.4018216218414621,0.810179839640855,-1.6696671939543422
train,-0.46368807846717564,0.5110141221662553,0.3710077022886964,-1.104087165338949
train,-1.2988505576723888,,-0.03537827205105631,-2.671416036726757
train,-0.014891080310810647,,-0.3493889586843508,-1.3829967666069627
train,-0.05419893525808293,0.6296570068472406,0.7705480695641377,-0.8305444659080237
train,-0.4623776349129648,,,-2.300116437328179
train,-0.5479442112346831,0.905115381435357,0.9281283893324498,-1.7000279043153705
train,-0.2591754789006807,0.563287319960782,0.2828889087849497,-1.2565152895323197
train,1.5819075416608401,-0.0539911474407378,-0.07995379416455207,2.9008393849007206
train,0.04528622296680886,0.3127175826068853,-1.1094279183299949,-1.3618412895585532
train,0.1424332150032803,2.8858370562100473,-0.21182549112053328,-4.267701563295072
train,-0.08796814524932538,-1.4702404572820975,2.3251439885978664,3.9915135688618912
train,-1.2190117680446544,0.09044052845755299,1.655392966664806,-1.5282493226254394
train,,0.7141633028722888,0.9682977799658967,-1.2352568691585222
train,-0.3537057068910549,,-0.14133048143492008,-0.37540481838802253
train,-0.4584703199611833,-0.2452914488015643,-0.9128889245185952,-1.0120989269165508
train,-0.06012751802022048,1.6642978291727728,1.9513131917204738,-0.7373005891318511
train,0.3919819366129186,-0.353137904689638,1.8676589732244455,2.297288423977275
train,-0.9036942961133579,-0.4037355334083473,,-1.259915886918534
train,-1.4149379998660407,-0.6663791653648989,0.04166645723335051,-1.7365090913023775
train,-0.5329667496695997,0.9323595388496067,0.16965401488713802,-2.45156103546309
train,,-0.4126187185889637,0.48979985208758964,3.58245544224313
train,0.08005159549253643,-3.083035309016487,1.6550422859665004,5.7950356021152425
train,0.8608254338704938,0.5530243123900481,-0.4705200488636137,0.525319724580401
train,,0.6103043546625868,-1.2606631129456352,0.861332443351966
train,,0.46162668585327643,-0.8909398947069583,1.2781133325964924
train,0.6817116579863174,0.24773724415327836,0.23776922195971412,0.9308739928477565
train,0.026695860940055133,-0.44777354474275666,-1.4875731318783276,-0.6275262119508548
train,-0.33334270795502635,-0.323824259313959,,-0.25257433834372767
train,-1.9418276633993377,-0.48882593413724656,,-3.0215836853696385
train,,0.6297885038694387,1.266456839577662,2.2216850970375432
train,-0.11359372443419928,0.9728714338649045,2.3578733874069138,0.0825987282466702
train,,0.4823558399157747,0.16974179593190916,1.3384996889553098
train,0.6790203460438434,0.002827525315450906,0.7780809505457349,2.145464608604474
train,0.38222664254886274,0.8538882615113591,0.25133525951986047,-0.5535548987844353
train,,0.1715705452634181,0.9655695659119989,2.345638242750244
train,-0.3812010622743822,-1.0849369392174162,-0.7101772159480034,0.08824654275169344
train,-0.14681364963164567,-0.4025599210441735,0.8817339703446492,1.2550742828592851
train,-0.035843785773505776,,,0.7931460064628558
train,,0.6333631756254171,-0.6932951714179807,-0.13549779920552113
train,,,0.43898117905275297,5.22548525995397
train,-1.530424999685826,-2.0792104402948386,1.7214049766773023,1.1738127038921413
train,,-1.565852829713051,0.1340310283807044,6.223238850885501
train,,-0.556729674075397,1.075292371074919,4.102221418706307
train,,,0.25010122627182724,4.750608160624871
train,-1.7658568840419588,0.8058485635040875,0.8754104657484646,-4.019631029958675
train,0.41187936663134367,-1.3887885988182123,0.41510864387690205,3.159921098839268
train,-0.22684667880554182,-3.054417676135814,0.8559499145297982,4.547953344587352
train,,-1.7696339570825521,0.2876135263905893,1.0469112383383687
train,,1.811836864941147,0.02586697025442379,-1.429977479286367
train,1.171256717005282,1.8434694613001015,0.40725325678698326,0.4577700957006803
train,-2.114447383220151,-0.6828410717238107,-0.967144240976936,-3.8714618802510596
train,0.2246288460086045,-0.1402778919124391,0.15013449741121487,0.7419012557229748
train,-0.8689691589049365,-0.5596144398725428,,0.7325823627144551
train,,0.6177942663758711,0.08788318507953405,-0.16488392573871205
train,,-1.6262958984294564,0.10580084743044443,5.27100779177578
train,,0.4811069824719767,-0.9833152089654534,0.6826227658114563
train,-1.8601154720151223,-0.22957589984184265,-0.27602198327274957,-3.7749918708193393
train,-1.561215669683006,1.3385567046674705,1.5117035385336681,-4.023008574349863
train,,-0.3470422260123571,-0.9947850394567921,1.6355738594662792
train,-1.3593118838024367,0.6576261619834083,0.1033798150602523,-3.8239364700249165
train,-1.0913822841944836,0.06595876073859444,1.7043217341290386,-1.0333965729571657
train,-0.2906026646710686,0.3012370326554115,-0.8859622024301644,-1.5487781789371344
train,0.31668533533732024,0.5420253586925969,-0.5146228182815451,-0.918088839490832
train,-0.5873511804684304,-1.204874172666471,1.115971300215195,1.630905616771595
train,0.1764957609843632,,-0.06960676998748952,3.7487339871014065
train,0.3201672440829742,0.9232060740923635,-0.67754228418088,-1.4050531334806258
train,,0.15593242648196481,-0.5775557178332484,1.8688855167571956
train,-0.8962347462669074,0.3495484749095622,-0.0019147139178461402,-2.699633166539007
train,,0.5638022007817814,1.6619490205380538,2.3847053211014995
train,-0.1520274203600581,0.5809271271942982,-1.7720894768555806,-2.3939450167803873
train,-1.2877980844102759,-0.36088040356488915,-1.8944976376510154,-3.226585555974133
train,-0.41754370553783204,-0.8477593025729957,-0.03434451342242234,0.09539228821741719
train,,-1.0024365560954014,,4.452427296861282
train,-0.8080434744340415,-0.04812821181558311,-0.36156482314630045,-1.9785371702625298
train,-1.8275846636841964,-0.7995354917316947,-0.9117144141697576,-3.5204534244053693
train,-0.3951668432188199,,0.04500203244173296,-0.5991515658454978
train,0.08606442166400459,0.5210195443456866,-0.6837830500040329,-1.3422169873021046
train,-1.165348431440317,-0.273168067167312,-1.2879035942080332,-3.2993426613731383
train,-1.4037627819187586,0.2660804673383058,0.31342984744302593,-2.8753250393723304
train,0.7998114051541511,-0.20808451063407493,-1.1227815368544498,1.032085760846479
train,-0.6310996074279362,-0.7079839004095776,-0.29381728703562116,-0.3024261983097021
train,,2.3420249820517123,1.2168167948444162,-2.1133284969727706
train,,-0.3266575244185385,0.1294274030274422,2.5801506055126047
train,,0.18475955844334466,-0.7966025996842744,0.8702555393309612
train,-0.6238362019403403,0.12273723846760387,-1.303003905013583,-2.5188395071473266
train,0.5517193694026545,2.3289557358995077,0.6280908571607889,-1.7153139284799328
train,0.5443250653259796,-0.6515118372746787,-1.3115382460824996,0.8969309653154218
train,-1.5618396902241707,-0.4256801854841373,1.441716149428075,-1.8954179085556528
train,,1.7092475055246275,-2.01668285843146,-7.534464129510523
train,0.6117972540365536,-0.9964992513207758,1.0641521285294826,3.1761285166312194
train,,1.3937039515760632,,1.584877038199182
train,-0.8488413099011304,0.0009290171106664034,-0.9821059230888078,-2.4946941390197965
train,-0.441547742088189,-0.6753480303969479,0.2352878919897965,0.5276151306231123
train,0.266580043599971,,-0.0588622390499806,4.97751857130594
train,1.305290779844867,0.31453951855811135,,1.3141369437749526
train,0.5804867613828631,0.4614148301359589,-0.12552901022758914,-0.12213514428695016
train,0.174867694864008,1.2894367046710005,-1.7304148667360022,-3.07738126724163
train,-0.48541812171928617,,0.3072222188713266,1.4703115214335658
train,-0.2741471949654516,0.7164259099100955,0.19405249068155223,-1.8974920323096307
train,0.17925541600624825,0.07802573552039786,-1.6570695090142495,-1.4529494818369026
train,-2.01601610812322,-0.8969343380574705,-1.353927890045435,-4.055710495497807
train,-0.8461900476644466,,-0.8668573844309417,-1.5238201418240334
train,-1.2130384205872466,0.5956579831450065,-0.4515849351499713,-3.0447949884621734
train,0.9564941440945348,-0.8158212770626255,-1.0248226856925002,2.2268549149987336
train,-0.723081514044965,,-0.1370162857975931,-2.4880443357091573
train,,0.25194700034887896,1.7956394777838718,4.334926754931319
train,,,-0.75126499197823,-3.118037882008216
train,-0.29527652076021776,-0.7241145052527462,-0.5896014246137692,-0.1977331007867183
train,-1.1499197091879492,-1.5562253170519533,-0.0502750503203518,0.38372350524930804
train,1.4990490189823464,-1.7109662407725172,-0.8555595806963449,5.046968734655658
train,0.23544554148771218,-1.3414649913624346,,1.26858456161355
train,-0.3415177558924566,,-0.23340907639703717,1.0806818984013942
train,0.4206615614703443,-0.22464418950969756,1.2855689154059091,1.8351670299271072
train,-0.14100103094431246,-0.20221714763339085,,-0.5228886419620612
train,-0.11426668815848327,,1.7355693601155289,0.6788040749959701
train,-0.12713045865612452,1.4447838367484036,0.10840979907331127,-2.7171795577968156
train,0.6926288089562236,0.6816257951860208,0.9336236517004235,0.9823870860500192
train,0.23554519068703708,-0.9238213440488602,0.889126577660621,2.075050920904764
train,,1.540418138767964,-0.7512143094698168,0.5979720706126939
train,-0.2129751456627002,-0.4843081530820479,-0.5852041242629235,-0.4558097372840874
train,,-1.1265021766318086,-0.03280622439279411,2.700606873683777
train,-0.5967453238325872,,,0.02107645631887306
train,0.040687992402618875,,-0.8683216206202004,-0.748651155388151
train,,1.0583812753196522,,1.3254194741645224
train,,1.1027824577659993,-0.6009907000457922,-1.0130353531077292
train,-0.8039708895149007,-0.08015914807436385,-1.883352487468717,-2.6440585143312934
train,-1.7477588650447005,0.54629888807086,-0.9065309307708642,-5.099487040688827
train,0.4386570864670774,-0.005657208688156872,0.9366844646921276,1.246849689419139
train,,0.4069636806051059,0.6810358938277588,2.570788757803456
train,0.14550238678707084,-1.141621150968515,0.8853667890289663,2.9620655664482722
train,0.0829723241357248,-0.14081291641405644,0.606632451148096,0.6510013766308759
train,-0.13671203719859396,0.5655733623869942,-1.844454292989352,-2.2963281490638625
train,-0.8514224280281063,,0.2971838482902982,1.744347804106208
train,,1.2829858523136322,-0.5055134909604379,-6.148237435528004
train,-1.291646533350944,0.26929919188978135,0.8737743303848656,-2.1811084958725453
train,,2.1278097370852103,0.694321675956617,-0.8100575538960932
train,,-1.3392028458438836,0.9354707259696011,6.545708293439262
train,-0.06361283390542827,-0.9378569968444463,1.426401395629676,2.520914432169757
train,-0.5302453515247216,-0.9307158941085119,0.7777939930035561,1.0295445330200657
train,0.5531529119984293,-0.237391042438616,0.23309212315478384,1.9304045610520768
train,,0.0430473377647067,0.5814047159184362,3.0745537906603078
train,-0.09123673368899653,-1.055780362818298,0.7631458556777021,1.9970219130708464
train,-0.19313023548269728,-1.1736673191708644,-0.153001443247074,0.9858945180694496
train,-2.1673747709321813,-0.5544557304424947,-2.411795656311653,-5.292333723920801
train,-1.2754903587854727,-0.13006780784300015,-1.831783210540943,-3.9991492826485433
train,-1.0047995817838036,-0.16409879858809312,1.6362782281036483,-0.016943896202579356
train,,0.43721037942773905,-0.20281045355435517,0.8214388017029793
train,0.48324943213258986,0.22326491435784912,1.2131984576143378,1.4875937889208182
train,-0.621876120655389,0.05740298136973499,-0.0806171084381624,-2.0912906566084906
train,,-0.28130134943004514,-0.3474869654738354,-2.487776781546361
train,-0.12997906560228872,-0.25414629123552407,0.14300598216738203,0.15317030303473916
train,0.16444542136232732,,,-2.738853820481724
train,0.4503043052387017,0.26693900038302537,0.37657139201627887,1.0260696455716682
train,,0.22544021020235164,0.49838257742292635,-3.0938637693229434
train,-0.7747980494479346,-0.34586547047135213,-0.7897388622531205,-1.9259634040862386
train,,-1.7430620216976989,1.7702796540134254,8.137289498661527
train,0.6215399217717017,1.8205276517615676,-0.18761720229628895,-1.6137065314854455
train,0.5706723360223047,-0.3078960542190908,0.36504131090632885,1.6858484633536692
train,-0.6432823099722069,-1.4547443743273383,0.39444846523557836,1.6425995510220626
train,0.592756677458687,0.8470503321147864,0.9972462729265956,0.9729230616617996
train,-1.1102329957000696,0.39662640476398564,0.764731406056443,-2.1564590045902188
train,0.24617832466461076,0.49848208523367266,-0.08635236067251874,-0.7596876836446262
train,-1.240632141980254,-0.38347133651464316,0.38800163882021815,-1.4675045175302492
train,0.20470479835037703,,1.7861261772784098,1.481341861875792
train,-0.47612008830221536,-0.5167152657290193,0.04914512190467312,-0.16394274402865672
train,,-0.10199282675775649,1.1419333178296438,3.9406281710950872
train,-0.13898783604324802,-0.16526142014766376,1.733235581139403,1.57736831413802
train,0.18487954130184062,-0.4385009990393873,0.12497016799062154,1.0945088970498023
train,-0.3064529948617883,0.0003469434326103719,0.6712142178611772,-0.1206066047561282
train,-1.0872705776849476,-0.4344271966770452,0.08435859969589826,-1.840107615808277
train,-0.771729069270127,-0.8065303447799709,1.1144099321177312,0.5333497894663813
train,-0.526589131004384,-0.5667116574000086,3.050211193542043,2.215474057327651
train,0.2755613596420057,-1.9659736878783813,,2.5997370409149045
train,0.5043927457860595,1.1116763043919313,-1.2848648916315615,-2.133844836993429
train,0.40010196802516085,0.6626601121702491,-1.5160572715899518,-1.375222293340846
train,-0.6166460908984976,-0.08214257949991981,-0.6897401503408996,-1.9887562432275319
train,,0.6411789629967707,-0.10781730615186869,1.2568280443762405
train,-0.11205394855021322,0.7155650114111279,1.2671251442293276,-0.30181259749678147
train,,-1.169510452937059,0.8168691298589394,2.148111481538349
train,0.5192641064403694,0.4361927083640065,-1.42479505001403,-0.09593056368931174
train,,0.3635303201858596,0.7941359754367358,2.67100586128228
train,-0.27179035347797614,0.8513947655765483,-0.18412042889321042,-1.7983724032100683
train,0.036095668505011516,0.2773047649463253,0.1967593987632687,-0.4318491032595848
train,,-0.11846702949621615,0.8730197624202786,-0.28043792347612045
train,-0.6160941100457098,0.0946077652387074,0.6876431249281274,-0.8436260153559306
train,-0.053222229371962894,-0.1928740566839934,,0.7608468722692726
train,-0.735660186652092,-1.306729535961352,2.1219522462416753,2.3056424321855604
train,-1.3512561785527988,-0.3766497131094137,1.3047503527674753,-0.9451717075333456
train,-0.853768721515513,-1.1585752356817984,,1.4346054252395422
train,0.3639657636676758,-9.78670904850773e-05,1.2952906208085684,1.872207677457892
train,0.5888681450999389,0.07127275006420464,-0.6015811681410461,0.8009040027486235
train,0.6546982636532089,-0.08929540326195513,-0.1953701975735463,1.1173242675112143
train,0.1494413090818329,,0.553885770238314,1.2907148715456207
train,,-2.368024654188337,0.09802941653884385,5.819711689845678
train,0.10078586558612311,0.34580610337257206,-0.3292615500342577,-0.8452049221568309
train,-0.15246799385980608,1.063420020141975,,-3.950605692005719
train,0.6838011052010986,1.3852366806499778,1.662495275159219,0.906569835832159
train,-1.6357732417049191,-2.221016562158425,-0.9577161326914968,-0.697889707100245
train,-0.6636955949817754,0.7781277488181971,0.8604633361135167,-2.2394962601731367
train,-1.034506352778845,0.7498739429419145,-0.8882597384949269,-4.301927773270621
train,-0.628846108307237,-0.6370899200636457,0.06845993709711826,-0.33495513957149425
train,0.4148265760126262,-0.8417807078431322,0.5581050235557681,2.6592471271352083
train,0.13012529585922478,0.019657746054033868,-1.0261912179255577,-0.7099078413966711
train,,1.97191840224197,-1.0898330309882909,-0.2579733137582042
train,-0.241045003202633,,-0.03921290241012032,-2.121314956392777
train,,0.4135047296485041,,-0.4583684034987946
train,-0.27522499666864875,1.120579670071634,,-3.3015688058842962
train,-0.21466617978600375,0.7715804979506219,,-2.3782454760515717
train,,0.48754872886619455,1.3072402214438101,2.9406398349900527
train,,1.7662661235928774,-0.0692321417747206,-3.1962172269436935
train,-1.6023950805253655,0.21023027115719217,-0.7838422087108307,-4.132258243868397
train,-0.22402630660623463,-0.021402045783402806,-0.3766091142051922,-0.6207149545146708
train,,,-0.7863372618353724,4.680985809433332
train,,0.692624712731999,-0.06975685869625282,1.6089020667643137
train,-1.0402917189101737,-0.3001808430560924,0.38683868914296893,-1.6398141801475883
train,-1.0285192968066428,-0.2551555135703512,1.596912174922655,-0.7385515036727641
train,-0.7584357023664076,,-0.8801453310716991,-0.5664449024999627
train,-0.5621795202885038,-1.5163564471588835,0.28364184199569953,1.1801423669251017
train,0.28510699666775696,-0.5977476820480759,0.26656174961921775,1.8743547732628705
train,1.7218199216608185,-0.7662676499631953,0.23521211327873584,4.801410136656688
train,0.5486612568795729,-0.6504174195813591,1.9981405633539366,3.72893014840667
train,,0.17210606215462987,-2.1112278979335053,2.2445942815858366
train,-1.9914310706020237,-0.18033215855520388,-1.216182381253149,-4.764818003058582
train,-0.37709677732574354,1.0652024293120603,0.743743829753063,-1.8421219355947454
train,,0.838958533633358,-0.3043535642694007,-1.296385003259924
train,0.18778503425029777,1.7997771516785213,-1.2801178790326677,-3.303868349570976
train,0.4790571710438475,-0.09069914244459126,-0.013542584882883717,1.0160755946901172
train,0.4197315326567224,0.5961295863003985,0.6711074519589418,-0.005152276870958039
train,-0.3371915900608735,-0.21639155366021617,-0.6516787178845626,-0.8205379119254913
train,-0.5818140926064473,1.1854719068608068,-0.46123826602384327,-3.5264800215462726
train,,0.6450045271102052,,1.1314156346346165
train,0.24934894323729911,1.4251150316050298,-0.5786494681594455,-1.783813116984596
train,,-0.2993973429922445,0.9743701935739151,-0.1999100236449375
train,0.2875809437001628,1.0166811508998312,2.1350569695684176,1.0728838577660533
train,-0.8337564569974845,-0.5393112568244357,0.40173059187011484,-0.8451037951166618
train,,1.3312786181192349,,1.0135590777474435
train,-1.0619172552108989,-1.795288909926379,-0.5739979571818109,-0.2982364819622294
train,,-0.5547154219213639,-1.3845820119653747,0.1554375441602237
train,1.3880324409405889,0.8501420290200905,-0.4079917441242284,0.5564885068508741
train,-1.0632098488750956,0.17180187220541557,-0.728488706028825,-3.1295050331157426
train,-1.5642421564102817,-0.1498803371282503,,-2.6187674343085985
train,0.30463364248604546,0.2885767752016107,-0.4003920762550812,-0.1492629765116606
train,0.6605763561149979,-0.6746097500215226,-0.7809267068050874,1.7309658259974403
train,0.49607307593906674,0.6628103972114852,-0.38046025663945104,-1.1316062597516163
train,-1.560930971913915,-0.8652872888483132,1.4681100124464772,-0.651761876049623
train,,0.047302754234405935,-0.43286049544967475,4.651999199031672
train,-0.34242284283284324,0.24925606091787547,0.6884879649598634,-0.6803227138258323
train,-0.8562957203899312,,1.7988130857836278,1.2403820188737207
train,-1.1405308048690357,-1.469596639953546,0.08394023710927426,-0.19101288021388652
train,,-0.4235595373843558,-1.3796405888694456,1.2916723975825266
train,,-0.044842604384728785,0.715341934451017,2.201298064885448
train,,0.9819156155263443,,-0.0631692953753078
train,-0.23413876168732484,-0.6599189123699108,-0.2449195886391271,0.2994778485663319
train,0.29021165409507793,0.7865170303967818,0.24095092824303563,-0.48483500643166827
train,0.5783921289893262,1.0231233305084366,0.13584106721892353,-0.26162151144323087
train,-0.2546191693519174,-1.004479872443697,-1.0348147537255856,-0.08345871869091526
train,-0.4375559295268985,,1.6826860070039382,2.530188034645532
train,-2.426264497516411,-0.020502939599899732,-0.9789972810644154,-5.436459017311413
train,-0.9985729217257705,0.3626052172325055,-0.18854831529101193,-3.3294110156911425
train,-0.6576138046933037,,-0.15265618443118759,-0.880514337917295
train,0.531700594225425,1.7610622092689627,-0.4075222620098697,-2.1309615318084454
train,-0.9977824452655082,-1.230193321022193,-0.20019536535219867,-0.3530382660419039
train,-2.126179846986499,1.9240830148041514,1.822647561655205,-5.761827134136165
train,0.29464606298792984,-0.5996101157773974,,2.448149720749986
train,,1.5840228834603531,0.4297055375646395,-0.03266053008622208
train,-1.3166998065933029,0.8044466185504893,1.405825625848655,-2.726879389151109
train,-1.2200665065293719,-1.0280962407016316,0.28449256755009195,-0.18257441788084483
train,-0.14781122066707772,0.09213630214387653,-1.4317535275110878,-1.6831617246942232
train,1.0549423470467998,,,-1.7708943645995152
train,,0.45697793689143623,,1.0761604736831352
train,0.4398590193760533,1.5661398124561152,0.0652077922862848,-1.2711154247471117
train,,-1.0694093400659472,0.5814914935943746,4.406547536399301
train,,0.26752944919499677,1.5088042616278272,3.776983194578348
train,,-0.16695455083459265,0.16895738349688344,3.692975081264616
train,-0.8954390478529342,-0.612492042966706,-1.2264478158964844,-1.5014959612729557
train,0.15134122278350334,-0.45867043818437647,-1.171998973936687,0.045299792457201386
train,,0.1331658693273423,0.8982054517543923,4.507286859270336
train,-0.9997583289752751,-1.1640015185347066,0.7742609767532118,0.19928295325429046
train,-2.223107002681167,,0.2367107875984341,-3.9098363952105686
train,-0.2770446362946442,-0.2949624552212684,-1.3511826120866803,-1.4105811648351458
train,0.4418751067609515,0.6274423919647969,1.3274193683484017,0.8504661623670703
train,,-1.0111710819760582,,0.8441369159346627
train,,1.4063117469163888,-0.8141283896003546,-4.861357152697499
train,-1.1680666068661436,-1.3366759249250844,,0.5100368535899058
train,-0.9058732477127633,0.19273266879311,0.6664429764145393,-1.5374288484167973
train,,-0.0010911521710929484,1.3295187993757498,4.424475223971759
train,0.24645463696274209,,,-0.14176486187923087
train,-0.3437668645127133,,0.7109803620543449,-0.5520555700497
train,0.14859033652785508,0.36985914089554656,-1.520367511521967,-0.993816757744108
train,,0.9586027984514983,0.019446860004620665,2.2243415510901716
train,-0.29317717553493494,,,-2.1080359889618245
train,0.26234884306720113,-1.0571936568673752,-1.4639724021566487,0.9049961705780107
train,0.015133350945176748,-1.6225846190796092,-1.3235218310065326,1.5078965868434633
train,0.31753025516928146,-0.9058686830593273,-1.3855452663010077,0.6612190550825758
train,0.18951539879889728,-0.8543906882847975,,1.2014051885203367
train,0.47330270287564946,1.1571741145533496,-0.8347461504461713,-1.83950922465037
train,,1.0307443293449865,-0.02027045578128665,-0.10438737087330784
train,0.08998728740940885,-1.3943766407725111,1.2272709832037008,3.3412386702416255
train,,-0.8357950589689155,1.7714666316378307,4.892962449273223
train,-0.8278211545657629,1.7757981190840155,2.097065964359265,-1.9923345273748554
train,-0.5120984831572648,1.2691995478582025,1.9000297120890794,-1.2036483065520256
train,,-1.6220829666570848,0.5020946734255882,3.9563854196080417
train,0.2651041302010774,,1.2489510201735377,0.1973513397981646
train,,,0.6677735275136142,1.9588949081878402
train,,1.8539695299104908,-0.3823439260051349,-1.6372861249277046
train,,,,0.839231317660165
train,,-0.6853185128513257,-0.353631402152303,1.7133997296373247
train,0.28536423713027276,1.1654932118808228,2.654067609260288,0.8763159162812875
train,-0.515563056653742,,0.9833066978395875,-1.1957560848466642
train,,0.9619728032098158,0.0472225728901035,2.043083322990196
train,-0.5786203884885106,0.6870070108887067,-0.028683163480412735,-2.427428176092137
train,,,0.4333744965131282,2.5495564782889377
train,-1.008109453026549,-0.5599107043520434,0.06833980186841591,-1.3110607624173782
train,,-0.12399848881313931,,4.598948094240677
train,-1.5411451129487534,1.7239474768750727,-1.4623370841307715,-6.404350586533664
train,0.13689926286135395,-0.02046076184475078,-2.089323116655264,-1.7684680603909864
train,,-0.8705539584038556,-1.1288378794151037,2.079020831815309
train,-0.8549347812830732,,1.4150033929258934,-1.1030733541001536
train,,0.3084402873902038,0.24026080479032388,2.1928878155988842
train,0.555486317710872,0.520987958550541,-0.08740720802853615,0.12315986585971953
train,0.13740865490499413,-0.9622193625163007,-0.030122090639374214,1.704000211754546
train,-1.2251974462730428,0.5298177438745783,0.48476576666629767,-2.7656233520396456
train,0.5388737874080927,-0.630928222607924,-1.6546936020644887,0.8741552277919843
train,0.19531637777066638,0.7619902867469566,-1.279792000327906,-1.8104211085983721
train,-0.010147405718860962,1.0686228759895458,-0.946246467482973,-2.9440746830027336
train,-0.13391872390494924,1.1907846717363848,0.678153492721926,-1.591933828903869
train,-0.29746496107724024,0.40322835317568867,-1.8377372660341094,-2.8465606991305004
train,,1.0755611245627408,0.12326737482480869,-0.4561992647348011
train,-0.8696627692163245,-1.5557009606904213,0.5529391864765275,0.5466867858856749
train,,,-0.3285316793544667,-0.6045963648498272
train,-0.12317512000690797,0.24687333510930112,0.30720808472636135,-0.43067123593889056
train,0.5016883025734662,2.51005996959885,-1.7592343585703263,-3.987566970994528
train,,0.46951972822427385,-2.203176321454335,-0.4762970077875757
train,-0.5670641445325818,-0.1984982212030215,-1.4936014299233809,-1.4206437804747385
train,-2.1856567613738136,-0.051343776147561984,-0.7884071162896172,-4.478189829098402
train,0.33300494359659966,0.9045383054883906,-1.1124926982605972,-1.526043868290085
train,-1.1001786714735646,-1.5025369568567806,-0.6716952897133674,-0.35773398669649775
train,0.20384282137531745,0.8216659603194256,-0.6187457869253223,-1.777768230312542
train,,1.2498964848540013,-1.8497228485250325,3.043578736106136
train,-1.1590323101690956,0.9854027421367,-0.8371585735581425,-4.550446740593902
train,,2.7711592116453034,,-1.307925636426521
train,,-1.0337511041023346,-1.124843157505659,-0.2879001023329021
train,,0.19073027593124112,0.3539492768007413,1.4113816605725817
train,0.654721096875464,-0.04909152291907153,0.09699462743951164,1.492619749895389
train,0.021849862388929366,,-1.0049938454874756,0.41527893575353375
train,-0.08499342533306029,0.26291907069874143,2.6621541154441757,1.4369792060340882
train,0.5198197985084585,-0.8871086843536636,2.1981340646351923,3.767274843895199
train,,2.9191836299609184,-1.4911769355027018,-7.640795971971125
train,,2.548780475451459,-1.0312645107499556,-2.932135093249843
train,-0.18635335517009607,-1.7188973221846346,-0.37709812770539025,2.1525087205626425
train,-1.5409886859821924,-0.6828976105111495,0.4295874971511547,-1.5516717041604342
train,0.6152065105525745,,-1.6165858517552152,0.5349431228042829
train,-0.2591773568750364,-0.8901197555305251,0.5470526368765519,1.1957350321029707
train,-0.13245794683610143,0.4479793105719072,-1.6613124687581424,-2.2833745021940794
train,-0.6198371966370632,0.7260489617647654,-0.07855411061637316,-2.2595688688701387
train,0.21759169960029603,0.11648040952740815,0.7907781152518066,0.7375698931237455
train,,1.5645877320309678,-0.38257050764823514,-0.7886146186431796
train,0.1653519175105493,0.6331822395353958,1.918035865467361,0.6299249561927853
train,-0.5541769779202157,0.8123022128629881,0.17696528786603763,-2.1988637914959654
train,-0.7981757527321616,1.3845405808490838,-0.513878342921666,-4.009795912453624
train,0.5508646506371224,-0.26099318454764175,0.06625335848481978,1.025994217754721
train,-2.7572931985111437,-0.32716233955516383,-2.017417885778933,-6.7344641479757446
train,-0.40624952888538746,-1.5775486157148202,-0.3311417568469842,0.7921395347802969
train,-0.014783418512768392,-0.6262184660295275,-0.16306352561019047,0.7634756898474345
train,-0.6937009496468304,-0.5184184629572379,-1.6452665920823342,-2.111592005856973
train,-1.1699844173902731,-0.2845419393393505,0.15124373873742558,-1.7283659698841303
train,0.5274782065434432,1.2991299823273474,,-0.4071313463165518
train,0.289046017187245,-1.547742764743503,-0.18131191846115252,2.5940706968148013
train,0.5489193154376013,1.0004261528544052,,0.10348301775639931
train,-0.7746647072106896,,0.39931647586612157,-1.7975152600098478
train,,0.4535449559147806,0.8100948930323022,3.3524432055042355
train,-0.11945893394177455,,0.2025885214046874,0.70173006586097
train,0.24088266056687396,-1.8792932686085748,-0.9287141111190846,2.698309502626569
train,-0.29414420702603655,-1.031619933399442,0.7432546259299624,1.2149694123207013
train,0.26826962882302036,,-0.862867610488478,0.2637403004606817
train,0.5398498340843465,,-0.15068051705173718,0.16911048335303622
train,-0.9034781318011229,-2.119211192696537,-1.0520712459088781,0.322291461822836
train,0.5908575588339958,1.1880003083013377,0.7468171388874763,-0.7968395037193692
train,-0.5553639349443269,-0.2150207335566874,1.0664880759008546,-0.3237215599419635
train,-0.37036726493332095,0.15695388648438582,-0.515764173411634,-1.6620143399279865
train,0.4433871293333384,1.1435731184356765,0.004521016082653763,-0.5549322150533325
train,,0.7812519208225976,1.9998481559477193,-3.303484489531464
train,-0.38153791829149813,-1.566174769309423,-0.3705928140010782,1.1182286055673025
train,-0.6313929567807873,,0.1292832719193074,-0.5402073165198451
train,-1.6331463163539228,-1.4507825462491315,0.8497286931216494,-0.3661757725199619
train,0.6497168699367258,0.9238965901027495,-0.522768964814612,-0.8914070318185661
train,0.5420027473726123,0.22149640889431393,,0.29878310127850194
train,-0.8970794338942594,-1.1733492936567758,-0.04095792586710227,-0.3926885699172973
train,0.2228061787309671,-0.7680759872780989,-0.6170622081055938,1.1899353055013453
train,-0.417356744004952,0.46268727443453717,-1.3592785742638775,-2.8741710089692067
train,-0.9025697745724784,-0.8811189328295368,1.1293495472137403,-0.20882635171698793
train,-1.1129001881869993,-0.46842080890772175,0.23977176938811895,-1.076779674101935
train,0.19033420043628715,0.4275546845854682,-1.004047152023185,-1.175046005523904
train,,-0.25765390966255414,,-0.36779574419841576
train,,,0.40298825241580943,-0.9615139010330591
train,-0.5752573605174528,1.1647161100580465,,-3.1864007750422076
train,-1.3863248346145738,,0.32414356905695396,-4.065520176961837
train,-1.9726338947967128,-0.7818938466200626,-1.1457963984372712,-3.902484523168665
train,-1.4168659786013051,,-0.7509701036728582,-3.825385721001497
train,,-0.5975403264457921,-0.5267643213667391,2.922146004313169
train,-1.7801194909677072,-1.6815115034983927,-0.5549109157235667,-1.3015797587646727
train,,-1.466660610463318,1.4116512464166215,5.735172103920833
train,0.22134466304679273,-0.6120260454500149,-0.40635041323885396,1.1621344883634368
train,-1.5578432305498815,-0.49127469740730173,-0.6037692643257231,-2.807923321799641
train,-0.6296560116863293,-0.2597285117273231,0.033670882793069234,-0.7433666436437393
train,0.3637821992111107,0.9999187851222631,-0.35434599342501183,-0.5625350226275534
train,,-1.2214397565862065,0.40864417425533034,4.269622609322958
train,0.4088657891640391,0.7046856631858687,0.18951101301679174,-0.16420618476195759
train,-0.6834192924497803,1.4916421579202364,1.127718599493846,-2.882338912662673
train,,-0.24151493753321518,-0.5130313883517525,2.878550091561525
train,-0.7407961890255832,0.06688793035511893,0.5196017638316736,-0.6922081346914006
train,-0.46893350864940864,0.16615580330797153,,-0.5956085742837423
train,-0.43995807090734673,-0.0356043444494316,0.35174934508647676,-0.6373980602111585
train,,0.8114290633317279,1.3351451337545484,2.33595396709954
train,-0.09363313364805216,-0.355064868085593,1.7442876510187966,1.422832786812442
train,,0.7698595522005401,1.309023905555198,1.132708343910088
train,-1.4023648422192696,0.3531178857993731,0.7255899209413554,-2.981647103775377
train,0.32465161570016776,-0.4625706857844914,,2.1129957694011368
train,-3.2871618223061927,1.222231444939048,,-8.761849030270119
train,0.5874542153870418,,-1.0139107351686412,-0.8923375697997545
train,0.00688975436567681,-1.4363586904413437,-0.5215731073276266,1.6328745969982197
train,-1.1458456631383243,0.2740601842514127,2.1372627118654255,-0.6428345336148558
train,,,-1.8222327334699246,0.9982271799113022
train,-0.0403605301546129,0.06544714991090979,1.952189123349471,1.6292813698432136
train,-1.3691991237955274,1.9231487314992726,1.0084144562636301,-4.713507454295841
train,,-0.09685097839731659,-1.7489531626481534,3.534492206239204
train,-0.2542344692351386,2.1763126385295837,0.147684506894265,-3.7868742332580507
train,,1.0500419056873747,0.8158578392649225,0.8820503557112006
train,-0.48307399786569843,,-0.389204721367234,-1.2310938257356159
train,,0.04002936484900654,1.5471032758309275,4.491677274600727
train,,0.43442038516924886,-0.6117351517886965,0.5421371180601254
train,-0.908037778358386,-0.5665371802481813,0.8713667252117657,-0.005755106741280713
train,-0.2688870618913856,-1.32337169701851,0.9050802293094031,2.1759464366325396
train,,,0.011096553390150843,5.2497901229669806
train,-0.13366312494059235,1.783141369744079,0.3072475816453039,-3.109421768487853
train,-0.1040753243407566,0.1317578165945147,-2.027355666915396,-2.1156550494093063
train,-0.014092849107457266,0.5884604613488079,-0.7791605682268798,-1.424227898730822
train,0.19766178991786007,-1.0259544156317986,0.11166452986120706,2.3734347168553533
train,-1.2296279926629983,-1.1833095757532333,-0.13379395752377737,-0.582888332812184
train,0.4274408826724775,-1.0274728966453048,-1.7593396765305516,1.008935219786062
train,,0.98933116025663,,0.5387564744515099
train,,-1.526667060313378,0.48292335376056167,1.7681144150578727
train,0.3033905411795545,1.4144298646879145,1.562928693853878,-0.46944528858459655
train,,1.4487697895395,-1.6849105448223456,-1.610692269813018
train,1.1728182228570068,1.0798986838733908,-0.9865546201659899,-0.06464541931044579
train,0.13873742739945885,0.794944714013551,0.012576824273617383,-0.5458963879372631
train,-0.8090583434136148,1.1011922538625425,-2.421577589213402,-5.258752768962182
train,0.23810609659393794,0.6394382597420956,,-0.45146625740836777
train,-0.2890270144972931,-0.9564501274142196,0.40959696418870883,1.8983065210316368
train,-0.3672076175030497,,0.8397618589498681,0.046050215828775665
train,-0.48319901201121446,-0.19465691767934817,-0.36742171741087454,-1.3111537274557872
train,-0.8561860293899152,0.3458753731658708,-0.6654098065187743,-2.9965158934562557
train,,0.8530259343137915,,2.4719648912324232
train,,1.1356900525828661,-0.5444734966298747,1.0295849384379747
train,0.2082596220078457,-0.06270570730372461,0.9206087908180184,1.1105274840608288
train,,-0.6072323854179222,,1.2759098442449055
train,-0.21095981470854736,0.6580577262364431,-0.776750467890659,-2.0480791439946384
train,-0.7225629145510196,0.49228496949242323,-0.29581983311040017,-2.7582393418824056
train,0.512709975783091,-0.8769484761893649,2.1149050035446066,3.7678355190441324
train,0.2677193431779887,1.9942102680127616,-0.6083357690089046,-2.4171538897849585
train,-0.11552772984129324,0.10912515138438138,-0.9478670430499987,-1.4168825101939724
train,-0.7022251817375361,-0.12920658932065499,-0.14670233947562875,-1.6968471574367892
train,,1.212758924859212,-1.5858353842150998,-0.7337632226642388
train,0.4208252458735671,-0.42517354235608146,0.8720072896683597,2.3992280135469772
train,-0.26187047446149514,0.3317357530398053,-0.13958987344344048,-0.8514317012059102
train,,-0.5046428528304779,-1.4461564079911462,-0.5799409138208359
train,,0.3469122177378544,1.8264488718011034,1.2331913069431522
train,-0.5955911720622553,,-1.0639231875286028,-0.5683352242862383
train,-1.0357812191221327,0.04085923196228305,-0.7625054884505794,-2.936359543408566
train,,0.1929955100357354,0.6598977457049505,4.03085183080329
train,-1.7657918028130681,-0.10306964902041937,-1.5963769740531186,-4.618119559536579
train,-0.5759409657854047,1.122578876834661,0.005940553236119855,-3.673927624894622
train,-0.48442185613098215,-1.9666501715420421,0.19001205329614002,1.9581109135093753
train,-0.7188903346592596,1.685712896476337,-0.4339372016383668,-3.8611746490179084
train,-0.5000552139548138,-0.3443675762113985,0.4077866124562224,-0.3240699666065219
train,-0.6324212158803135,0.15569949619961732,1.3497289051002384,-0.6305504285397036
train,-0.4380271592807991,-0.03172938904868804,1.3333274796558754,0.2876854298596285
train,-0.6398849450489889,-1.1404829131637153,0.07215105765180284,0.8843069759013807
train,,0.6336327593003982,-0.6392498620464769,1.3338860810741626
train,,0.05993538694670038,0.4083801026923634,2.8445813349193
train,1.0013654873653612,0.0806017340699872,2.3392167037675757,3.947660819487943
train,0.08112143843648154,,,1.7061568994290346
train,0.590450199967501,-0.2944619640498833,-1.6081189984874866,0.32681916479342193
train,0.3413221339741563,-0.5814673627837147,,1.0274869094837513
train,0.036733362743777656,0.9396679499690066,0.923005963658846,-0.9072551050499065
train,,-0.31773709745835244,0.7235442173661241,3.863859563595428
train,,,0.8555544346242232,4.489913243772254
train,0.2629350566378341,0.24733715358844285,-0.3512860870665841,-0.14808741639141365
train,,-2.790852967553283,-0.9320982156388024,4.984810210953895
train,,0.4270014311788784,0.031979793527218955,1.3521936486124946
train,,,-0.2492141117358586,1.4005845808943467
train,0.022144519852249956,1.6406337778423048,-0.08297346075503136,-2.432699494362849
train,0.07011931799832499,0.3116944779377623,,-1.4536041694959911
train,,-1.0210109237480902,-0.002086794958269893,4.500266553168121
train,-0.12369734610263014,0.9980141596790576,0.41346901322389273,-0.9434933430224597
train,-0.4626758943276492,0.5465877109331564,-0.6471240191663882,-2.2781417228021446
train,0.9181034748332693,0.30085657542461103,1.939922821932099,2.9780859602267093
train,-0.8049747343296639,-0.5002162670345908,-1.3367548769898494,-2.032918283118673
train,-0.2976520693586968,0.10835869709583726,-0.4517342584156294,-0.7874260713796455
train,0.6319036873298769,-2.825697112762553,0.6584319520321739,5.848076050546236
train,,1.019479503200929,-1.1346633640341555,-5.971228990636553
train,0.1938639169765277,1.9044157645773723,,-2.019247644157582
train,0.42768305777067767,1.1858340357373043,0.06919562923976935,-0.5753523753870646
train,0.8573374579861489,1.5109985590002712,,-0.6655097684761602
train,1.402347481900756,-1.2386161340377362,1.0576690621147138,5.741177319444769
train,,-1.990341797836121,-1.2680255659087494,4.748588386715177
train,,-1.4247725953979868,1.9237613399865348,5.163009534689242
train,-0.08795023279854651,0.0031388318014861183,-0.4216369132544249,0.07682879988135194
train,,0.8013098545318905,0.7830530124409314,1.2137202233734101
train,-1.4391932402815364,,0.4004022085350867,-3.2957818123436042
train,,-1.448476337874337,-0.40406399956800654,3.56395934637776
train,0.5870482381176868,-0.7423565828621764,-0.8711128767629576,2.0883537156949967
train,,-0.1623526586512364,1.5963677412732058,2.1344266054432857
train,0.4174441488829063,-0.18184932696524836,-1.4486739219521025,-0.45376917684987883
train,0.18686453533266295,0.37783381166694363,0.5877854434422666,0.13635034305934648
train,0.07108169488683735,-0.6834568184458479,-0.511092023625622,0.7474277067663325
train,,0.4187757127318295,-0.6800542202031948,4.105555734108504
train,-0.2673478684719344,-0.11792874943250525,,-0.7002489960990814
train,-0.6802646529029635,-0.165526618702445,0.46502713677145785,-0.7059539777022465
train,-0.09100516703980367,-0.30716015834457355,-0.31705828312570966,0.3628621805955334
train,-2.35734205977125,0.6695569017412462,-0.7235700653239857,-6.324967252083486
train,,0.36218157176568266,0.7523953160297873,-0.346506640139634
train,-1.2482357531495256,1.300417856864,,-3.512719373940717
train,-0.33888271451404983,-0.6891777564792779,,0.37246129456086674
train,-1.308103688059568,-0.6671078845672878,0.33100234167690284,-1.4064684078018532
train,-2.5336051616645863,0.8256026101301415,1.8247614108651227,-4.584604346594687
train,,0.5408592019008813,-0.6395212869402594,2.4055935322283704
train,,-0.8688930636237228,0.8988148924106483,5.282548238592205
train,,-0.3696118996063335,-0.056337282251960726,-3.9770579441088314
train,-0.31942593149840676,,1.9897864996379309,4.07429280641009
train,-2.482369508752415,-0.5559076544337296,0.3697267428845123,-4.1537105886633094
train,-0.6022702983636546,1.3245267793994584,0.933912983195428,-2.8257315188655023
train,-1.301654053626235,-0.9360349127218295,-0.26964148612684,-1.3937891899393842
train,-0.46929640763154823,0.9127787237337222,0.507658622173958,-1.7111335542968316
train,,0.5957765010288527,0.001392924193226194,0.7035086739965359
train,,0.0732459760689098,-0.6979493279961344,1.4361902744963
train,,0.33259527454171445,-0.6260989602168773,1.8004129472054908
train,,-0.6594843368522162,,2.078958584107922
train,0.0745525872772004,-2.1172732641545,,4.112798617144169
train,,0.4940636385667527,-1.6899579865174945,-4.000502603666633
train,-0.4950469040519325,0.42733930309818685,-0.47839510095701837,-1.9685784546377674
train,0.02862978357761063,0.688337981206742,0.6129943222845952,-0.0375863728032087
train,-0.6074616475417373,-0.715521723583753,-0.4769493644557589,-0.5557310851481223
train,,0.7232151818696456,,2.4075718671157182
train,0.35358097274229716,1.1264638503080515,1.2906950204301064,0.22584168858531262
train,-0.5977024000514717,-0.682754078594454,-1.1310261036315215,-1.8971062508893712
train,0.004314866914423623,0.3196159820698826,-1.191943448728797,-1.4509132104805915
train,0.5471413304289424,-1.4810165672073605,0.02317725536454087,3.55206570280858
train,,-0.24172298882005894,-1.6586698525090988,-3.3539653798474784
train,-1.813247369430679,-0.7562818566313159,0.9325216325049958,-1.52069651712114
train,-0.29138126258125424,1.6845129719007603,-0.3515759856423068,-3.516748541474878
train,,-2.28620427330232,,4.467071811767744
train,,0.28192432806721013,-0.4180463917641751,-2.3918994822119277
train,-1.696975814734967,,0.3377374786830403,-4.066567110366551
train,0.25830501936502576,0.9527134643174485,-0.0903397901478403,-0.47987026977500413
train,-0.3950759813542682,1.3715726847818845,0.43769648320902693,-2.367583229298437
train,-0.6941725017218927,,,-3.154023283487062
train,-2.333814261231234,0.7135992278033598,1.4365738850616507,-4.756424848963604
train,-1.592189365122251,0.6429938885266728,1.1901761794994625,-3.126131293980207
train,0.09023616702149992,-0.919356078818363,0.13429783059252123,1.6365075480632163
train,-1.3510214661808702,0.1404569004073764,0.4383294777103886,-2.5131302826319653
train,-1.2315386508015154,0.5485942181512097,-1.844991315654358,-4.4964746376082845
train,-0.7439743980708359,0.7643386319410231,2.073357622478484,-0.5296530347313775
train,-0.7854273689356562,0.5001458917270996,,-1.763643311999553
train,,,1.0982819931483248,4.876616248953603
train,0.37085690400152505,-0.07478181462679437,-1.1631754430789043,0.6295056371123321
train,,0.029720881704426477,,2.008629720008497
train,-0.8879070118522959,-0.7075535767014501,2.6366013533530874,1.005195087938539
train,-0.8818184726835535,-0.5713963637766482,-0.1334979232714904,-1.8314458565354346
train,-2.090634528499408,-0.42184687820702266,-0.4346214445104124,-3.6242559205800826
train,-0.5791493318549737,-0.42956593433198625,0.9043899118789183,0.3813323463677628
train,-1.2903026982472527,2.1685316743249112,,-5.485550840806236
train,,-1.1715878515721225,0.9705082469908805,3.1042059531037496
train,,1.4579716145820467,0.20280667107183528,-1.2842625864127752
train,-1.9970947199853006,1.7132336782156468,0.31346736807981,-6.240644602207529
train,-1.0960781721205968,-0.17695373613275167,-1.138575809017894,-3.272374431476629
train,0.26170690504107796,0.4015577713485087,-1.7763075050745747,-2.1787781658822065
train,,-0.14150526767791288,-0.33626394122368286,3.5753648248856207
train,-0.3174421065506752,-0.5082795860479188,-0.478205519639628,-0.5854037155794705
train,-0.9773426506212257,0.7727811161953001,0.6113296311979634,-2.6892262007811696
train,,,-1.2359470396345904,1.5563323721456939
train,0.33256279184082504,0.21689973473259677,1.3727160222701043,0.9304345806131837
train,-1.2172614153768786,-0.028590946864134978,-0.8456020445731222,-2.514438628454319
train,0.0033493906985056915,,-0.3285356329234091,-2.727356471565384
train,,1.4469239155504707,-1.5523774241102153,-0.7240772297348564
train,0.363374278740985,-0.019631131803717557,-0.0695230958146825,0.44862018831058165
train,-1.6326535862896063,,-0.20294193134204597,-2.4077785725973864
train,0.2028280869054394,0.5879534781457089,-0.004898719821898663,-0.4121764788704608
train,1.3073842088512746,-0.3309153197724727,-1.1646676411875339,1.6463808440623238
train,-0.993003086660048,0.49751958160532445,-0.045443756724495944,-2.273595753246527
train,,0.19214693303009941,,3.820735801011258
train,0.19331604644966693,1.0133348660635895,,-0.5272474095026006
train,-0.21921708801149936,-0.6540451654307502,,0.4238952648401745
train,,-0.33814050383882177,,4.404361452363501
train,-0.4238871748874499,,0.32695863896714084,-1.4860411658284216
train,0.5506506984369862,-0.8968666856375136,,4.128959729269116
train,0.568848472023002,-0.929165844420111,-1.0484206770109847,1.5194148098593592
train,-1.5139187117181263,,0.4143219165635979,-1.6468461612645253
train,,-0.2703900217558757,2.123671715911669,4.274056782219154
train,-0.055960741607333095,0.8803004581634442,1.0571603105212013,-0.7287762366018916
train,,-1.2415537010499724,0.20151524184011319,5.809431418296216
train,-1.200777318363346,,-0.2023370005778062,-2.330863870210469
train,,-1.0619449440113353,-1.8994134347974136,2.262694629126409
train,0.4299594997047249,0.060932272451362554,0.3477667642417784,0.7249223116705794
train,,-0.42803671694040873,0.2929393306737457,2.741864279571293
train,0.22125424762977436,,-1.3937826965115063,2.159011993168193
train,0.040861261605586424,0.4749935998539099,-0.08960115623812094,-0.25688973556741906
train,-0.9568400913570603,-1.178903994823199,-0.856496072241917,-0.7071974739952926
train,-1.142351161838793,0.2953613173026008,0.055402783097433135,-2.9287162014581445
train,-0.612310032644842,,,-1.3707680978555556
train,0.1283442662364291,-0.002226154250848818,-0.3137527134524849,0.2989770643746259
train,,0.13212667351155166,1.0864484569580946,-2.451506658929158
train,1.4692330381601815,1.1270185151275143,1.6452286875992717,2.2684866436762148
train,0.3359087128283857,-1.8595326093810622,-1.6538446478069835,1.761173480987202
train,-0.39748578127651546,0.2506358013352246,0.8230129698841037,-0.6627728769860409
train,-0.3298365145686532,-0.8225838648093322,-0.9995363310579555,-0.2399276056889077
train,0.07672764240678943,-0.48446255252252396,0.2961391068398772,0.7463777626263765
train,,,-0.29532335045484726,3.348759639551379
train,0.1614859366708091,,0.43973747081796916,0.43856670389180036
train,0.45966445643958304,0.363415056649797,-0.8474121273262986,-0.4456191554793615
train,-0.20668749902196346,1.037579926913965,,-1.8453273592414607
train,-0.2538800207109271,-0.2267710517158922,0.5748858280794706,0.4214947694400182
train,-0.6243740115636289,1.6180914078522992,-1.5760644267580015,-4.50005143405293
train,-0.6854989493002257,1.1253824009359992,0.40614363862511565,-2.735142855460796
train,,,-1.0526181381545991,1.06435635234633
train,-0.2404268924690629,0.8253686495667782,1.665236223581573,-0.7946161415790673
train,-1.622287876964772,0.5359214570209141,,-6.590636966553077
train,-0.5614332198100054,0.11775615424071276,-0.13341382178695235,-1.2964457905739009
train,,-1.5179314336038443,0.18345777046062434,3.9511102571308947
train,,-0.08840711178635073,0.4847735751083064,2.54378991018476
train,,1.6808850116071474,-0.4905543934195251,-2.7782094684639493
train,-0.6243837983733829,-2.4524895418071555,0.10097552653979779,2.503742915349562
train,-0.4224458064226811,0.5560221260076521,-0.2677824928793183,-1.0805323406835035
train,-0.2009319815993637,-1.7821947248157821,0.18027649878885765,2.163844851507339
train,-0.24591060548943522,2.1642096491447673,0.5269255466029668,-3.1659186691781165
train,-0.04908412020421334,0.11966505997736787,-1.0138521440237789,-1.313798104083798
train,-1.9856788450232796,-0.6120189958228052,-0.4798831209909755,-3.4375588893408717
train,0.029829787244074146,,-0.8616092806726819,-1.1224659865351114
train,-0.18975039790378312,0.4389047955128812,,-2.7817372468961437
train,-0.3695761670819301,-0.43278320354902344,-1.357109755285644,-1.268808550084495
train,,0.8581310276012356,-0.5261790084129633,1.364903842311088
train,,0.14424895688240919,-1.0653351294960358,2.214614936137687
train,-1.328087316246074,1.9135653146624556,-0.8666356358234445,-5.613418446450874
train,-0.7723734067389988,-0.9344213309884161,0.9999043621493221,0.6748698124124047
train,-0.1475578797218203,2.2983954096602703,0.547547294940332,-3.389112344596814
train,,1.0829342630165077,0.5836272517599271,0.36744771926109954
train,,-0.7942032184761526,,1.450996701650608
train,2.9187242018592574,,1.0391332658123567,6.8417861043437505
train,-0.5872895528803589,,-0.710949137901493,-2.3967368007812206
train,,-2.2982292417868764,,7.083878098782369
train,-0.9500556050304348,-0.005254689298726869,1.2991049689044805,-0.8762922803451756
train,-0.4243005350836204,-0.07892548549003446,-0.7191315450175867,-1.1591680823653447
train,-0.25935649070088374,-1.3384139711140133,0.12882383162748257,1.8313699631600002
train,,1.3521399123189333,1.8702250735546055,2.606865966947832
train,0.08388384046711031,2.052875088620409,-0.6092465866010214,-3.0755485758955876
train,0.10550131093875588,-0.9709899895044232,-0.6985423108234909,0.5331596756694833
train,0.5560775736690841,1.2496670864779185,-0.07855926851629216,-0.5364169629594537
train,-0.7438414389588776,-1.1390416324531376,0.3035012537317504,0.3373008854416546
train,-1.3479758929540802,1.0542890299069896,0.32664409997585625,-4.189362654734226
train,0.5146457464765345,0.5277696226868351,,0.2990234501154668
train,-0.43003958223377053,1.4358821301972262,0.7495176025588105,-2.1773193899179324
train,-0.08743000285076141,1.2487886319178025,-0.6869521201019687,-2.2676352469383536
train,-1.414821966046967,-1.2635143954834878,,-1.2337400741524591
train,,-0.4450954770500441,,-0.2166142286019933
train,-0.5964882270324926,-1.8271235928273355,-1.1153444971325484,0.843574566344233
train,,1.3412851434611541,2.219475679718047,0.05755968281696603
train,-0.7278241483330319,-0.21740317088622207,0.5187968319508487,-0.38192838909001625
train,0.03186573496305606,0.8806563353316684,1.500285275094352,0.3548005494822641
train,-1.340891366887341,0.027582049270228077,-1.1293344556657638,-3.9925411311357526
train,-1.0929851460296731,-1.1705466122179442,0.10206227158742484,-0.1526320511405378
train,,,2.0666486219304305,7.492072745156868
train,0.32789717671402985,,1.6562179231606884,3.1715475205796664
train,-0.4962758037302924,,0.42736398406784054,-1.3784423753113897
train,,-0.6789551295980204,1.277687987277539,5.482640869644131
train,,-1.7106722156243022,,8.490870564227585
train,,,0.3035348382205905,3.018980024036902
train,0.39611642921632084,-0.29880827997549664,-1.6174088510992615,0.587102915647791
train,-1.8970966489993337,,1.1005086182808164,-3.2301029141478557
train,,0.6688553957515583,0.6165866544923123,-3.1822563028946176
train,0.17036291097604997,-0.4552826203812096,,2.2303810242274147
train,0.32587777109878474,0.2557334912181687,-0.573551696670057,-0.13207878651731852
train,0.25463543545577344,-0.9783686714733523,-0.44557096024201776,1.8108019382969207
train,0.5318971916146258,0.4713781525345707,-0.09928003605381798,0.26820925729366124
train,,0.5713597523630687,,0.5262021278052813
train,0.49056218943026464,0.2560930153235265,0.34443871301460305,1.1662261976845971
train,-0.7392656706946472,-0.3257076781361595,-0.34147962269580395,-1.6186632939121903
train,,0.9079468947083285,0.8205004423610511,0.8596567206271308
train,,0.2167595388036137,1.52488431064705,2.533619956913869
train,,1.1970801192003315,0.02323360450501456,1.4648487572759679
train,,-0.17510998556253374,-1.5689874699603685,3.3186763292436234
train,0.4979656526035894,-0.7634085014663211,0.8123201215041153,2.6489471449253483
train,0.22714033735050096,1.2023981773437165,0.9415768948243803,-0.16571477189112666
train,-1.4389909333811006,,,-6.302758340897267
train,,,,-2.9208608246265566
train,0.6512219272815676,2.3135599224967023,-0.6871101242668556,-2.60371620526058
train,0.2581644023760756,,,-2.5786293765898805
train,-0.26889266907227755,-1.1946574344009424,-2.1014828344379595,-0.8436738045496909
train,,-0.599549890959406,-1.512051610385619,3.5437793518365406
train,-1.4201054289839048,-1.0232965188199432,-1.837267695217903,-2.9925605909963284
train,,-0.9450490629945631,-0.33314239180334204,3.1073321759422385
train,-1.0214639888968742,-3.2422317000085203,,2.156597703052479
train,,-1.5876146812083995,-0.65346227747694,5.508049458849915
train,-0.46415179400109763,0.48435689887229466,0.15547426393971972,-1.6004476361621462
train,,0.3503453985724768,0.44661976823635585,-0.1742352806367335
train,-2.0438304205077014,-0.765234777609068,-1.9879368094745968,-4.570804108614509
train,-0.528939154247575,0.4845768263857206,-0.8327810855260476,-2.207297798949376
train,-0.33870906024145003,,-1.7589250543715165,-5.065013999206437
train,,0.46380106605731525,-0.24900335288779954,0.7915297506934663
train,-0.1767316813635717,1.2100459701429926,0.32757294410075566,-1.9181446531162645
train,,,-3.507819064833131,1.588943453706007
train,0.5980565763000376,-1.741347338959274,-1.1418527905109743,3.433282474870729
train,0.07156197641661556,-1.2848610754899064,-0.31164426257815003,1.976233170658734
train,1.1535041943674553,-1.1173734515120628,1.1480144786353037,4.936765854478296
train,-1.0025849038853407,-0.8039912398919988,-0.6652195116405101,-1.619216093439853
train,,,-0.14197278549003467,-0.9689913347998517
train,-0.2222829705176974,0.01817587579189088,1.066054448553305,0.15958065698790425
train,-2.239182013604732,1.2273217080223486,,-5.436478775829358
train,0.9407225134233782,0.8310548963229408,0.4786244640152666,1.057502423449999
train,0.40810327475759683,-0.4654130122795339,0.5525350283707693,1.7156697108766161
train,0.3820842934324029,-0.09064049211724774,0.5174304754621942,1.3753209463041598
train,-0.15463166376309115,0.17463318867604727,-0.8491368466723812,-1.4304385504617632
train,-1.8991525456733411,,-1.524495791768642,-2.246481490387613
train,0.24467886224832466,-3.1176253155910567,0.5512541384085655,5.629001450171029
train,-1.0005791676068616,0.9012240266523263,-0.8974211505561333,-4.218897930755898
train,-0.7225637950460929,2.7348542221126837,,-5.4384587357528185
train,,-0.8954517382373054,-1.070430662783077,3.601263465375095
train,,0.32537145462248146,-0.4033676814239993,1.5956331189900586
train,-1.247408934848235,0.9865806454356693,-0.7581038383467379,-5.042127251912735
train,-1.6897962857598667,,,-5.9441322590542
train,-1.1540880911513127,,-0.34039050257200515,-3.6073755163180086
train,-0.27597721432695166,1.2239384804534459,-1.0774585124223544,-2.74259765380109
train,-1.3710128907075723,0.10799456455245357,0.34522509971726745,-2.6830229836501918
train,,0.2439177563686652,-0.09652423940920493,0.5417193608425563
train,,0.47440494658455673,0.2638514063819777,1.983302029171092
train,0.49063600429229,-1.6247256378960917,0.0500021042007075,3.403978183529916
train,,0.4246580861491987,0.1486679400729703,3.1282196859321
train,-1.95374414618705,0.12459488598756391,,-4.03356136698476
train,-0.37622767380057587,-0.9649630099957065,1.7705095652244751,1.698027118337735
train,,0.12175573863963653,,-1.7708737687602163
train,,-0.13908561059607805,-0.15182146779389025,2.477094231096015
train,0.23405752786184877,-0.031234390581807398,-0.23045334550482952,0.21803365492004373
train,-0.2811500387427047,,0.5221478328599516,1.7021816287178417
train,-0.018168818798287547,-0.2519137997534242,-0.6248466441271698,0.7722542717330877
train,0.24705430914700788,0.7311742346848302,0.5149045245017662,-0.630094177994047
train,-0.9356979549785377,-1.6240341748075366,-1.948310044510084,-0.6161479486133061
train,-1.0238667889445991,-0.6456121080337338,0.32540502182976616,-0.7876530190522272
train,0.306659343709419,0.5143524955027194,-0.8750039923205837,-0.6399667343577874
train,-0.270050446483079,0.2692490498796412,-1.6573044119801317,-2.559043152706628
train,,-0.7050425868179832,,3.3460241106630333
train,-1.1676105347098045,,0.9883219827163569,-1.4299376675573068
train,,0.06864996306837114,-1.7220962249409908,-2.4052926322721047
train,,8.206815842238583e-06,0.8359529351031187,2.4303172918327993
train,0.10362338754603986,-0.16872333100510895,-0.5568764704105976,0.15717496407525933
train,-0.46716991451200546,0.36215559318143425,0.09457969622626568,-1.6410698197478726
train,,0.8217034024034786,0.9351731285992657,1.0491299059297403
train,-0.9465626783979635,-0.5462288889520099,0.39555479533584315,-0.8513058848208659
train,-0.1972664013175052,0.17293961331053753,-0.16142157714244026,-0.693107179516238
train,-0.7049428898858848,1.1478784422500619,-1.169555232920827,-4.035413682739048
train,0.1438105569055713,0.9252201854974732,-0.1605566090713384,-1.0207487503320585
train,-0.4314884089797437,-0.4589979622045182,-0.3585925890389108,-0.29494282683802897
train,,0.9165411957601307,-0.21995770401300424,0.7121942144147465
train,0.672697666092673,-0.342881538300903,,2.0151297989790256
train,-0.36114210406607067,0.9587578348479397,0.9330639398383829,-0.9990702479930902
train,-0.39823830225415846,-1.4882303653593514,0.3105212629699998,1.3296008552444505
train,,-0.2677446982515851,-1.7811889260002571,0.8645278732110595
train,-0.19665870605450564,-0.11955688442535031,-1.3374833618846218,-0.8914102824003303
train,-0.002426031645001402,-0.30533036246363565,0.04638738450400155,0.24588333081151262
train,0.07417405920213994,-0.6123893395557878,1.29188609835663,2.5692775602588744
train,-1.4490189753761946,1.2536129512519527,0.08246693397390216,-5.0328292070475005
train,0.42877701225157916,1.1281312447982015,1.5085445752015472,0.5420383786253185
train,0.06606291373377547,0.502723728721704,,-0.5641027445306958
train,,-0.7754912842995549,-1.3153986376841444,0.912666931079088
train,-1.3039938193596383,0.12823794475580336,,-0.10503733540204133
train,0.4845969190785325,0.6243143267853628,0.063082889760862,-0.016336050518136275
train,-1.0923714333533165,,-0.5546336106356775,-4.0114373143208475
train,0.5090019688576177,1.9126296614811729,-1.146687570611081,-2.8016680170267128
train,0.5760834760503102,0.8156821338868286,0.7400936848660796,0.6503632087364224
train,0.006487943319522409,-0.209630473422562,-0.7392260688412252,0.22226051714665385
train,0.41964464046152233,-0.43183755815514635,-1.1564271700615392,0.4639097796817385
train,-1.9548186450713312,-1.3446114194960386,-0.2594298466189158,-1.8367866809610496
train,,0.3416392389990985,,-0.5588937191307419
train,0.4990174920788943,1.1028546143545592,0.04319368759212269,-0.4730247787088383
train,,-1.635572026926781,,6.390347487856151
train,0.07104104871095057,0.04568325762642644,,-0.19409642770164642
train,-1.2454353372324038,0.8436654040524177,-0.1822773075733601,-3.943173013144989
train,,1.396576023796081,0.4536797465108915,-4.087641764963945
train,-0.0053315166002824875,-0.5566539997730051,,0.6731798315341639
train,-0.9678474217645294,0.7973239835516182,0.05868182519253582,-3.094873446785226
train,0.03492012706584459,-0.10732820031547811,,0.771550644691746
train,-0.4559941010837327,-0.052699209980894286,0.6837717361224737,-0.25111517303008063
train,,-0.05984225584201037,-0.014297313078275574,5.9487849163666215
train,-1.3763099056292238,0.18641754446854722,-0.6344661845970485,-3.4523076560750807
train,-0.26000359474440154,0.027853111106876518,-0.638521077408262,-0.9685727021864672
train,,0.5052504459177071,-0.8707087559446782,0.7817133442957895
train,-1.080592548746664,1.255981687998202,1.3927369670645726,-2.7454245616717845
train,0.14197927305481725,-1.025161726678541,-0.035584177278184616,1.6069992877902846
train,0.7817148861547681,,0.03607173064361526,3.17422178988943
train,-0.29569951184682947,-0.12449438087313514,1.4034156090675305,0.5326806167993042
train,,0.1001449092580066,0.722761552546069,3.8875331525800543
train,-1.3637911835466527,1.0111336406772011,0.6161641452847668,-3.7965142999905392
train,0.2030685191358317,-0.8071941676125018,0.9973331894260818,2.4795223579703047
train,0.019480851588733895,0.39454733996005414,-1.184730921003387,-1.4623121050415675
train,0.42474901439096885,0.6525665907100108,0.3304853034121483,0.4314486061960328
train,,-0.7118917087791348,0.8436796965256922,4.168294243158093
train,-0.6503703307665074,0.6050580980625312,,-4.738825878723315
train,0.4832690588849867,0.5783184612627639,-1.3361106335777966,-1.1148842150296137
train,-1.217021781670814,1.5103361359052272,-0.7236124028732682,-5.302679478123495
train,-1.0885296129969064,0.9987349372963451,-0.05754668594492094,-3.8096001623746747
train,,1.0427436273880806,-1.1416830874618293,0.20468672633131002
train,-0.8554208610419705,-0.18959970938958942,-0.0799400558284938,-1.2556610461967062
train,-0.30175547757483384,-0.45633612060042733,1.1407819793622,0.8748700877485857
train,,0.23741641485179776,-2.183762645654801,0.21660010860920004
train,-0.11006121721138168,-0.18794208357752307,1.495317453586535,0.779596005942657
train,-1.625994807479832,-0.776492456482549,0.13926086006067215,-2.2507305171823453
train,0.014081417571044743,-1.2273933943391884,-0.026318810513847334,2.0749579758509475
train,,0.6916797418963743,1.7955311474839217,3.005196618300169
train,-0.4854946068525292,0.2385570787651714,-1.7671719224247042,-3.2741226236175134
train,0.08382438668664517,-0.4984030010436081,0.495285127590566,1.3830701369794425
train,-1.8914414597014462,0.6183798475620141,,-5.329884295037665
train,-1.0210050120793461,-0.653620940299104,,-2.1298949189221483
train,,-0.6632329320312232,0.10271841708225085,2.725232057088969
train,,-0.5292079396140933,-0.3827718214337776,3.764988473920656
train,0.06179309894599819,-1.0207595380410577,0.9237897929609045,2.428116370267902
train,-1.1242567024242827,1.6515791692642345,0.8813763194464737,-3.9552408743734984
train,-0.03120912801674529,-0.9393347780654925,,0.8790286899129672
train,-1.132854262655576,-0.31740666890349195,0.05770807058215801,-1.957925584678982
train,,-1.2763784541919672,-0.7857765871925204,3.859250065529109
train,-1.0994369027807325,1.7950363999381589,1.2922756279059573,-3.4013533165429393
train,0.1534255393850585,-0.22983346728583723,,-0.6433240745245605
train,-0.5331138190522995,0.26252451587876496,-1.0470985584361059,-2.7331890420114986
train,,-0.9350598879610539,-0.06559879518300309,2.836358644673601
train,-0.020867581148755292,1.6742471501329828,,-3.8980062442164463
train,,-0.5476100162672933,-0.4696321909165678,4.131133465608844
train,0.15905880935454392,0.5243801204932814,-0.49877709922063396,-0.26825812021323026
train,-1.1071317315222933,-0.6634564509320079,-1.111516984080275,-2.171306356958323
train,,0.2769236403520012,,-3.6126551420983932
train,-0.49734619838815264,-0.25255251525703093,-1.2099926268570615,-1.3300047814882237
train,,-1.0798459029726017,0.4741214761498662,3.4756374717329606
train,-1.6421048668502667,-0.36253044692797165,1.057190119421926,-1.9872049447678268
train,,1.2334093002893187,0.15040969493987774,1.3018496598131883
train,,-1.2733500491356073,-0.7514513117183339,0.02740496792018876
train,-0.2734569815099301,,0.7138147833115903,-0.4714097216568735
train,-0.15810007737244608,-0.22603697318127022,0.8829733394814603,0.9044282849064408
train,,0.13059514690817672,,2.6533214076994
train,,0.9573576361554642,-0.9481655030477707,0.1546821023839891
train,-0.15474643731290372,-2.2056785323751185,0.7128807452197347,3.428230064657868
train,-1.315923345122486,,-1.4548149746710155,-5.846249358296596
train,,0.19618763229237066,0.011638057906842745,3.3558116789570134
train,-0.2672511206247906,-0.06675256289049444,-0.22889759361186005,-0.6325551424218405
train,0.6793402274020507,-0.06699953859724546,1.4525424325367904,2.6070293338944044
train,-0.01730810028688229,-0.7870697227587663,1.7472278565885124,2.831920294464966
train,-0.5012624285873316,-0.5895214776308548,0.19129989559819072,-0.3761887475856138
train,-0.0896958046036621,0.24760818557662204,-0.1741652953608795,-0.3882194352197601
train,,0.05583273879355339,-1.314211667454311,-0.6897155591907291
train,-0.4371748182154302,0.07325309879785853,0.5967172963419499,-0.6237693085246541
train,-0.88066785069504,,-0.6394120810928817,-1.3202009258381735
train,-1.7503064768963066,0.6114857137133187,-1.1857840574307414,-5.239870074905022
train,0.2617746315067113,-0.5913514622944563,-0.34694290915043247,0.9443567632785028
train,0.1273647435662885,0.726726040455247,1.3237701726042896,0.1488300929262701
train,-2.3678457718721977,-1.0292944933714296,-0.31405841478361834,-3.212565191146132
train,-0.8920030973076961,-0.7615285448394652,1.1415449487098723,-0.20569136734455923
train,,-0.23989615546253612,,2.1307980988436297
train,0.3321686626977374,-1.3756568481055338,0.08778015968174824,3.103650226501781
train,-0.4614491653249828,-0.15811622122789826,,-2.2525916350211004
train,0.6483337225060251,2.2041757719361623,-0.9319681873522477,-3.442660769971957
train,-0.5138732016756271,-1.1331266557813857,0.6822039357600824,1.1232973459159312
train,-1.4436682181502434,0.7449636272869189,-0.17892516263621047,-3.6434331361242287
train,0.03916483298858627,2.410600205057552,-0.2560464414909289,-3.743713935844419
train,,0.3683106606511087,-0.6080990590358961,0.9267892064731833
train,-1.1082710318754314,2.1332232520528795,0.3442968305705579,-4.8899565638958755
train,,1.8972402309226646,1.8806791050221707,0.4450465930367332
train,,,1.3608988088354956,8.433461602746753
train,0.3554771344141422,0.3223179370755194,0.054814909141696185,0.3806469986332109
train,-0.6002786418131814,-1.0582788267723378,0.34409332121246977,0.5968118007847195
train,,0.6699710247565255,-1.0419772521749202,0.025165712528772505
train,-0.40440908487897126,-0.38779915397960424,,-0.4425272324677457
train,0.5617390178139425,-1.3830725010963567,0.21842674489974212,3.807786133650236
train,-1.2736832877901856,-0.8183976128542931,0.1198128805162365,-1.16019452847345
train,-0.8029643489470184,2.2597841004494863,0.4113855633479217,-4.383403849149195
train,-1.3912452717135935,-0.41197495390766137,1.1960845940003384,-0.8478071776014003
train,,0.2733442434769548,0.24675258478729473,2.909643485283325
train,-0.6585755551735941,-0.5131138976213573,0.3643339830664468,-0.0906591305570543
train,,,-0.167001950465005,3.4606217663457306
train,-1.6669395941831155,1.1612009526937084,-0.2975442625794152,-5.364370410989054
train,2.569017208523559,-1.2439719807599405,0.4017316212106073,7.274958009417372
train,,0.07960457257427947,-0.5957878197804447,3.3304530122409925
train,-2.738785981701114,0.47477898267520074,,-5.511890312769303
train,0.30843321030727494,-0.522796677731454,1.3413260297400762,1.9608566908396199
train,,,-0.6249406846939846,3.31660917667792
train,-0.8836837505838863,-0.28415481707450563,0.16745419522639005,-1.5672950787903086
train,-0.07945500183220265,-0.3504547398725282,0.62181276653973,1.034612384849527
train,,1.3939558291959073,-0.8335801643042199,-0.9080229218062773
train,,1.8347987576027376,,2.3451059334974786
train,-0.7274840157984785,,,-2.470828261325866
train,,,-0.7209884736551674,5.24751217752408
train,,-2.143803258419733,0.08001456744360035,5.864171944102403
train,-1.41200544503235,0.5025179988956577,0.08702857283175458,-3.611935042327436
train,-0.07983918097415742,-0.6852545138579543,1.2481939239877837,1.7028111992059873
train,-0.3972248777745381,2.1749225175855993,1.1759796731498506,-3.3771558075188564
train,,1.4278535038962556,0.4017203408516143,0.22926341743743206
train,0.09497844378318593,-2.2157271504202916,0.2837831194059829,4.360658213382339
train,0.562633703416799,-1.703977678407732,-2.4959395545981753,1.817326107600083
train,0.24104019626286974,0.557601008984312,1.1959391131509374,0.34592164198872605
train,-0.3997639413261025,-1.0371902564791253,1.5386016290878952,1.6506290990234658
train,,0.3090514473185951,,1.3311517877253758
train,0.5988135910096952,0.4891325600162381,1.1004713820735947,1.3532849843101493
train,,-3.102259889939036,-0.6131027750439718,8.139541034722471
train,-0.5484010943133574,0.36507627240545326,-1.2690924865735866,-1.9470041576386423
train,-0.12295375615720441,0.5810348444560388,0.1334863275884584,-1.0275748834035827
train,-0.40295141812306695,-1.1484337079714333,-0.4503846334469606,0.46330663758933543
train,0.4088174411346218,-0.06873021137304103,0.09491608245222238,0.9072824119364319
train,-0.3957078929409524,-0.5281623896031048,0.38406135739819897,0.12261785139984066
train,0.07441615131625619,,,-0.2151149550750735
train,0.022683230722998406,-1.340518251244501,-0.6817619352760866,1.5037926505933132
train,-0.04948356938452876,,-0.8299764043503622,-2.8386527807964685
train,0.002724273371205179,0.08660655704814464,0.19586068878569737,0.2638060803767389
train,-1.0737013256689425,0.7688003632141983,0.5355630849433891,-2.9589324800324732
train,-0.2488941721893833,-0.1705411930698701,-0.09094837778528746,-0.4554459855811734
train,-1.03432997817744,0.5891004850704713,-1.2219355863638643,-3.91272298548636
train,-1.7000532872959644,0.21473721932550238,0.14324962678952777,-3.9116950552081313
train,0.24191825565722413,-2.0143291049175547,-0.2970425241702186,3.317640958116229
train,-0.7530639055667948,-1.3310677452930435,-0.8057384253865741,-0.3385340386937449
train,,-1.0363773045365474,-0.7759246853836078,2.5541805809852827
train,,0.5013548597113259,-1.191549867592069,-3.4045598240491985
train,-1.0737104016360088,-1.2344743124825428,2.093494717946453,1.7160949177508402
train,-0.7629817466774795,-1.4576702010541216,0.457962014046953,1.0927693073321143
train,-0.8533420382607443,-0.7464209175694089,-1.9942800450441518,-2.586022621594451
train,,0.2002231828271644,-0.8631382054173062,2.597948326413877
train,-0.28055048446798797,-0.10946033260974353,0.5727225836693167,-0.23028782811063236
train,,,0.27410398038781253,6.221975414214923
train,0.0883498498099352,-1.4424020753039963,0.2789007375430409,2.6697979937334275
train,-0.32577130859484044,0.6851244048381432,-0.6740004478007053,-2.5426704971401435
train,-0.10628765973449854,-0.9068743029261621,-0.9678700235495568,0.6036018853049132
train,-1.159785318588053,-0.13126664249845346,0.610136908493739,-1.6431148606966548
train,,0.0853631714007869,-0.06525995337057497,2.2637391667114746
train,,-0.3247889438818122,-0.9549123293479908,1.7818926759524634
train,-1.7045514382899527,0.9809028770087429,-0.1708652038289662,-5.3188834447162385
train,0.5673551809050025,,1.1774221566233298,2.0977718873451305
train,-0.3984451425412618,-0.2560017359018497,-0.989558098754932,-1.176776730650134
train,,-2.0546166960687735,-0.28040694632772434,4.476223652182589
train,,-1.488436770187767,0.16685630291708797,3.875509373138214
train,,0.3342152119992216,-0.8132202202832933,-0.13624651329709564
train,0.40735283231664,0.27321748876586394,-0.46523825210489883,-0.2101753484953003
train,-0.3247677400450615,0.7519588656241251,1.828053002888236,-0.420413029190018
train,,-1.4595761130225697,-0.26455498922650966,-1.3943057023388592
train,-1.0946020069766573,-1.3327469389286462,0.25671161833958306,-0.022554574952506373
train,-0.009438103465396563,-0.6379075416559077,,2.4378925612233813
train,0.49370993554426507,-0.7788239748722771,-0.12405280666633102,1.942063074396805
train,,1.888491905487288,-0.09790464501146257,-7.347345393201189
train,,1.4120374462642722,2.578283488803639,-3.7185041155492944
train,0.05049047778147469,-0.7325959292441414,,1.9950871971195718
train,,0.8271043968108583,-0.7753395562534388,2.2318904331914147
train,-0.801368422049034,0.6155069686044845,0.5345164472699906,-2.136117062264687
train,-0.8700143282028409,-1.5456262554743077,-0.7880972756231559,0.03151999426739499
train,0.13013445265825904,-0.2914934859991317,0.04649210461521063,0.9586867525440556
train,0.47408763248215174,-0.060802497827770995,0.056716027101383584,0.6931302956532359
train,0.21219864465879457,0.18897480122797222,-1.049648668733538,-1.241371238944693
train,0.011070902839961805,-0.6944314770966613,-0.7708517184998485,0.6712357174686708
train,,-0.7640162767235076,,0.6207090550217106
train,-1.001493303674081,-1.4603219998361765,0.8944670855940625,1.0437833772606442
train,,0.35533987306589776,0.6545713103589151,2.52316387752831
train,-1.0513337541364915,0.5959729885912428,-0.33443659400205966,-3.6131998717496363
train,,,-1.0077527254192482,-4.025733101528614
train,,0.13277290401503894,-0.20395460954636033,-1.6756623983885561
train,-0.10334862801980285,0.3956550113565402,-0.8459000014983364,-1.431871127714644
train,,,,1.264282570292718
train,,-0.0006551963716389868,0.17141107522623447,1.945299009763973
train,0.1340164311524973,0.47657876036184116,1.4103163962278589,0.4092869891398227
train,,-1.9895356437415574,0.733112492570934,3.163322996293075
train,-0.6153640855834543,-1.3187996461315465,0.3302677308692123,1.633079347975791
train,,0.95912886254563,,0.7931205035220205
train,-0.5554262907406248,-0.4225104258722575,0.6682562400628022,0.26168602625062054
train,0.17816480537878762,-0.3185370269032072,,1.5783751759096871
train,-1.5817118658401186,,-1.0006685280910612,-3.5489317451391735
train,,0.36476772754531495,1.7337407864931493,5.13901508062382
train,-1.0132637134186155,-0.07192904100461502,-1.1445018096171087,-2.4025992007524213
train,-0.9651617468658539,0.45838736611868847,-0.7481421354196519,-3.432683582219411
train,,-0.037729313959634254,0.5708415642418347,3.052979474152276
train,-0.7518932620434229,2.114334433329331,0.3668824919402413,-4.034629283120768
train,,0.865889497269757,-0.4922423269982953,-4.9007013137236894
train,-0.76476217366161,-0.23270051814310624,,0.3977328642553958
train,-0.7163108688807696,0.7351784165455836,2.0093817821913227,-1.5000977325560036
train,-0.16221348831407995,0.09905517016696852,-0.7230570485994494,-0.8861270160580699
train,-0.22569512818683826,0.19842537285814146,-0.5496944564532648,-1.2699629485240034
train,-1.2193498289865519,0.16780739100557818,-0.5236952321635949,-3.237089748852671
train,,0.9675579233294288,0.6695655452552083,-3.1967082128654827
train,-1.7328521625244977,0.017429448789846348,1.2774590833283523,-2.3717486152971703
train,,1.3464516171994336,0.07677520344749292,-1.7838434836059764
train,,-0.8698612593422261,0.550248434769135,3.6894432170968257
train,0.558677090706432,0.7998264276758686,0.3136467978013528,0.7444867770694326
train,-0.20782544731806477,-1.63768067239535,1.1886331185147714,2.545681732105442
train,-0.46945217833224856,-0.41870869012435086,-0.33822181357674974,-0.05531210229027905
train,0.4207877890376095,-0.8555334621230858,1.31420728543962,3.2783917524610513
train,0.4314261803274301,0.21903409247342256,-3.039843152903396,-1.8428140016480474
train,0.07887901529439337,-1.4570685374413477,0.2651138601424535,2.5611295863186516
train,-0.14619719405494147,0.515156916623052,0.5624835054758555,-0.33480434463989567
train,0.4241676000853218,0.33223849208132517,-0.9950478486720338,-0.3666538128116056
train,0.09710830956112176,0.9663191051661755,-0.3532798759799527,-1.8068624525272312
train,,0.7556581256071154,1.3402583822876728,-1.1659183239004698
train,-0.7100226330469077,1.453649530689162,-0.32693522968666683,-3.534226378006727
train,-1.55553763186823,,0.8603232385536635,-1.4144611202474857
train,-0.881530957658675,0.3114449127129906,-0.8365495470522621,-2.927718134849934
train,,-1.7972635846539344,0.5075027931440035,5.791180936207916
train,0.08436453317789702,0.7319728267215435,2.8756875636315224,1.7412156117184945
train,,0.39241613960958593,-0.959467113747651,-4.283402324963472
train,,,-0.15960801983711845,1.3609617635500169
train,-0.12806312376742046,-0.1523973100678818,0.15648258531551457,0.21692531444523966
train,0.47308203216878564,0.332307323125395,0.1559432793477061,0.5379463195577678
train,-1.3786589643021954,-0.36084206628628185,0.3042533208334026,-2.248871686836413
train,0.2540535001556569,,-0.055276343654528194,0.9814308860463499
train,-0.33214355347813607,,0.6505209266894428,-0.6278984383241923
train,-0.726728026406132,0.9523107325333792,,-1.2668913529429149
train,-1.1848162158218172,-1.3812980507716646,2.4121222204326895,1.7089765310575806
train,,1.279728916936068,0.709593089930753,0.5627549115823867
train,0.4306835309499917,-0.3891845580507091,0.834169279839576,2.282728818336279
train,,-0.6164196544892286,-0.2805761140169572,3.640513334401604
train,-1.8912167413087764,0.7212616152109972,0.23692162994603824,-5.0818947339856155
train,,-1.654999342602435,0.3136516823977786,4.871609659787628
train,0.6399391508783264,1.5283018774193864,1.0184318919834756,-0.4557427268513678
train,,-2.2290586810799153,0.5855423916524428,6.2437239247881635
train,,0.6184086056702601,0.27417527472772546,0.3407475126479908
train,0.3635093079005398,-0.3541270441049889,1.4760186504073465,2.100609678446693
train,,-0.8211360245129764,1.5949471788122076,0.03497929067008543
train,-0.11046815155076564,-0.7387909349076357,-0.5264426670797896,0.33829829344131046
train,0.40647288720760183,1.7492289417774491,-0.9976063873279379,-2.7645923456334796
train,,1.697208673782096,0.9236632990137241,0.9167698352122511
train,-0.3610190840399187,-0.9444648070100612,1.391631619607028,2.3671997923247474
train,,,0.3299585280055576,1.547508154849135
train,,-0.8445188970265533,-2.2949049534716113,2.845934298101982
train,0.6342032274876336,-1.2255701568389046,0.3145160160008017,3.5402968444259173
train,0.12061338542135516,0.5018823807117128,,0.029126050184486163
train,,0.7262588989121528,-1.2685536701282665,0.2801248953031613
train,0.28844901643979537,-0.09105727543820817,-0.8894659295203706,-0.25141178206010256
train,,1.2596407470043285,1.073282814541479,0.9346281138975829
train,0.6183873446327686,-0.6744709572416948,,1.851724328416543
train,-0.538661591837082,-0.4299604956682844,-0.9042308387974101,-1.1973140121578478
train,0.4909261194839616,0.11858878447878035,0.5663959618491562,1.270397789792605
train,0.36110457522558875,0.8694839195185778,1.0845383068628554,0.15622915990985717
train,0.4959634441806834,-0.9220037616136934,1.396201241468643,2.7969602598593384
train,-0.3281185759947454,0.2160322025746758,,-1.0429082561448793
train,-1.3587118536649554,0.568296043695641,1.1669031429088468,-2.4560568517471126
train,,0.08544896384590975,-2.73808390260854,-0.40237326631185755
train,,,0.4875437569026237,3.5585758324555954
train,-0.350743517449185,,0.08703268606662783,1.4566104690638535
train,-0.4428282523563249,1.591987826693915,0.03535673605116786,-3.512086703988721
train,,-1.0521852801628415,,3.349256368433897
train,,0.08625587619255609,-0.5058002528196206,1.4016531022458132
train,,0.16899713313742337,0.22175748333659837,2.216939677980551
train,,0.2636895325743746,-0.9181631111803701,1.960120289012737
train,-0.6731438807369684,0.6338227611673642,0.030768330214553302,-1.9391511675777826
train,0.5563659994301646,0.07477608454883591,1.0176137200901938,1.8289395312330972
train,,-1.1052260779190288,,-0.4610574948340701
train,-1.7599609902119373,-0.6169811363220109,-1.3716979821800819,-3.9987979767383193
train,0.31876874125810567,-0.46187705129876383,0.37405543895954335,2.0851225039447336
train,,-0.1808045211063408,,1.7370717173807706
train,,-0.7864172959116785,-0.2657040369214337,6.0087110964333785
train,-0.6555669527090104,-0.8544055703558533,-0.8827703945802617,-0.84843049380964
train,-1.0622461123778975,0.5379374927706013,-2.0964299925221836,-5.587081890687906
train,0.2651380744622646,-1.7097305452438079,-0.7398134971128065,2.5158685963914738
train,0.6773964203343686,,1.6737717738620226,3.6374758132704437
train,-2.4717746074806333,,-0.9855185672515744,-10.701421282211587
train,-0.6157684004532263,0.3028723218035389,1.9155599178641693,-0.15018540881376102
train,-0.18055765825148212,,,0.9844648983186637
train,-0.4015222484271688,0.8186990199727379,,-2.0403365928970127
train,-0.7067622195889323,-0.36093970050700713,0.23891303047779613,-0.2854988934362563
train,0.6578771136540468,-1.9153545615192693,-0.07666854025245796,4.424690837842559
train,-0.4995527570453658,0.0005251520666348528,,-1.8253806294140058
train,-1.2385853014775419,-0.6459960396074005,1.1025702452166322,-0.9016157373993001
train,-0.2368940226167729,-1.2415558672988376,-1.5828006986905505,0.3760163649479562
train,,0.8912646190393217,-0.33764055040918683,-0.6786992968776387
train,-2.385357748954704,-0.8135682980083051,0.9195265592341112,-2.920626557568601
train,0.19809016488812245,1.3433378808316887,,-1.0383098149755832
train,,0.24070913904983313,-0.15658874373425968,-1.3972611394034575
train,-0.2166530081419851,-0.30415748669439024,-0.32728594467395855,-0.0016847406246775776
train,-0.3172338663225711,,-0.4171372339449121,-0.6115427925437531
train,-0.009981037382290317,2.097492534529406,0.22215201070940213,-2.921124803039564
train,,-1.762291348133631,0.6517808382792251,4.394685308159612
train,0.26136210133764703,1.9926856930930539,1.6821211426571514,-1.5682261975489402
train,-0.41404843055297935,0.48061504199851934,,-3.1356283120321913
train,,,1.2705537134982552,5.04624731370472
train,,-0.7976832038530666,0.6407534159940661,4.041727630465054
train,-0.7345249745915355,,-1.0342627840188066,-3.018714604235905
train,,-0.08183190169724301,,2.136856337433431
train,0.44015288025907734,1.4453187554949052,-0.269733706852818,-1.0657438329662945
train,0.3917537842625856,-0.6264243734675563,,1.1042846887996474
train,,-1.1384258842363768,-0.9458128327867859,-1.4877268866435565
train,-0.8223971591582174,-0.4488199075602179,-0.23384324066659545,-0.7206514883732849
train,-0.05861650525245607,0.06768506659678401,0.3189475595658894,0.4857839109524334
train,,,1.0074185794621169,3.892411300426543
train,-0.06342506561369483,1.5268040963584915,-1.8515508024678455,-4.330029975634085
train,0.08320087580251632,0.21061979392790967,0.3403642587924176,-0.046035745835799086
train,,-2.3731932301908536,,3.1628474357721474
train,-0.34615064968622083,-1.370310241666238,1.1171877853120495,2.1512635337740726
train,0.13448510892433518,-1.2053921166195507,0.020461329158032206,2.124997034345113
train,-0.37274367396909036,0.23739151670772476,1.709238999329676,0.399942867854614
train,-0.5668513361658654,-1.4631594594603756,-0.37356722604364573,0.3750491696411737
train,-2.3596164700866664,-0.7370713475577598,,-5.997435840213203
train,,0.22873991410267186,0.003943132831861858,0.9524021683432258
train,-1.6834844045522832,2.055790628439715,-0.39256738154559634,-6.5721635463325985
train,-0.4911974021643399,,-0.23066142003022808,0.1368490396923407
train,,-3.3622966375972654,0.39051779774949114,4.667621034975616
train,0.4724310876751966,-0.4361301029787165,0.7620458440510212,1.9050774312361958
train,0.5902879174027579,0.3493485527670456,2.7899332850785026,2.4836534877786804
train,0.21328514964726222,1.2697399694131883,-0.2728978166101173,-1.5294202086916613
train,,-0.2069955248476072,,3.1400960080389337
train,0.009151837575855623,0.0588849016752454,-3.1065329413659155,-2.679682327513828
train,-2.756210612763399,-1.4430616163406491,0.17708983581047297,-3.252551156864854
train,-0.03058980793499221,1.2218854905766656,1.829851831479856,-0.27026150372105373
train,0.4012351172652925,-2.3717674026950877,0.615357491402541,4.1961506482959186
train,,1.4888272157155131,0.05794503714134553,-0.36827831088810026
train,,-0.748228066203094,-0.8001275356608775,-0.9692650813176489
train,-1.7175107892935302,0.1313284986138001,,-3.4861655103490006
train,,-0.0020932003367176875,,4.211388414516687
train,-0.0256545404892826,0.7430131526124958,-1.0426576341730431,-1.7993822836358728
train,-2.1000150526390406,0.019019026008111947,1.4497591351661845,-3.2499510973954444
train,,,-0.8984715900043301,3.4831140590216254
train,,-0.752271398319512,0.6025193869620101,3.4197520000624735
train,1.2022087966772412,-0.14506625924125297,0.747782570905778,3.6832135369863823
train,,-1.9985384703997249,,2.5511857768502906
train,,-0.16625830732710048,0.3061401806405214,-1.731283446708147
train,0.10172118965246925,0.8035730769994417,0.9987327704473357,-0.1989995183285355
train,,0.032761033902844926,0.49422874884973084,3.3348919556794323
train,-3.084757900481041,-0.06557259153593667,0.3530486109540236,-5.495357088038345
train,-1.5017128315392203,0.6735737029598233,1.2206453276700342,-2.872547144237122
train,-1.0912789777100012,,-0.7328014006443496,-2.920066237723642
train,-0.72178308685733,,0.6843416676539598,0.25671327805464117
train,-0.8876082724410266,0.13737706070792607,,-2.0794102787254976
train,-1.1278287414539776,-1.4439436541646753,1.4002387607364037,1.1218382785892862
train,-0.9764792883879498,-1.2761546119734328,1.718926386705814,1.7405119737173353
train,-0.6353654178416912,-0.24421974767018748,1.0483603955011787,0.059907109648618284
train,-2.028029123359205,,,-3.794046905708787
train,,1.4808434417968477,-0.6745361894866061,-1.499615316777022
train,,,0.00015832952989300463,4.711855772744084
train,-0.8471461970771308,-0.5718524516721848,0.9999391216001864,-0.00885915851658287
train,-0.8413971559630063,0.6649527718722018,0.1119084905550608,-2.5109815134961453
train,-0.805214534338666,-1.2960532503386877,-0.0995373808478401,-0.06322817176617174
train,-1.1797969936546864,-1.0800387245789564,-0.5996853842677564,-1.0984135702886928
train,,-0.013446652227689012,-1.4200806388240743,1.2090271906827235
train,-0.7659285215551338,-1.3353752615331267,-0.514868265603783,-0.11738889020959595
train,0.2506665403417148,0.4435144295553732,0.6543431070366587,0.32943078229230827
train,,-0.6993985321789987,-1.8987003095852868,2.047760152876963
train,-0.6815375564699716,-0.3759426180552866,-0.12468731533356865,-1.3806834702069728
train,-0.7804136806763549,,-1.2303209805167938,-2.9326422902384612
train,-0.40843577876375436,0.5180444681086067,,-0.5168743563384611
train,,0.12743031536804797,0.33221968923316186,2.4392282844525526
train,-0.41858508114334836,0.6506966235806017,1.0383568472735516,-0.9764536553019465
train,-2.5737019521369167,,-1.3650662253664245,-6.314514239257838
train,-0.7695704722230753,-0.1644154118479687,,-2.269162039856953
train,-0.9146099940474329,1.1775759385965747,-0.7024597497976465,-3.9858799115783996
train,,0.018974199637415142,0.541397194915626,-0.1853560611607521
train,-1.0077440018761914,,0.09305343385316892,-1.7101716229570036
train,-0.8756356006285406,,,0.715147735694027
train,,0.8286432742878914,0.9443133605785186,1.48687288952187
train,,-0.36354179696577904,,2.457946568366743
train,-0.14548580777172293,,-0.06263840391563082,-0.018002152831272614
train,-1.1766301446589358,0.15368358762794457,-1.6895304572668448,-4.040446986029829
train,-0.479190625810426,0.5771644737500746,-1.7025895038098071,-3.2193465648161874
train,0.1117605608514932,0.2194429774572307,,0.059679178246673195
train,,-0.8418481484601275,0.1975301533919162,0.2702588747748632
train,,-3.0241097761119713,0.6122038515362553,6.668737618450292
train,0.15330745385801392,0.3328594141657842,0.47059082872297076,-0.24650611473146677
train,,0.9986489114467364,0.20538153157560693,2.8286081012371285
train,-1.2741878862719898,,1.0027266252435265,-0.39477084835909704
train,,0.3040297892426106,-0.06373474529760237,2.096339925705305
train,-0.2260748298716987,-1.2081477135614367,,1.0236693898117781
train,-0.5685622175353494,-0.06657384435135891,-0.3925099950376011,-0.9466751779127371
train,,0.46453256094490475,0.00517364723060522,3.3623108708647367
train,,-1.0573617944293696,1.455237930338513,4.365606670809422
train,0.05583702432342329,-0.7587210072070996,,1.5933831028121903
train,,0.48729851545544195,-1.2520718938596946,2.000106207295528
train,-1.5564184727533052,-0.9121360890558621,0.0944188497349883,-1.4850752711982853
train,1.1772235871678245,2.555363619409498,0.50226444847089,-1.2883008688659596
train,,0.8633389588373254,0.2457675054332784,-0.7941960446258745
train,-2.6495057112701064,0.528895609517153,0.7346635148854468,-5.522921918133147
train,-0.6159142524438155,-0.4650714973563567,0.015504250429367336,-0.1328674465427443
train,-0.9164178807664192,-0.6528534023371997,-1.265871467068962,-1.9634129977309518
train,-0.1642888956530234,0.4201422729598008,0.26057249908665037,-0.8266127906898768
train,,,-0.90651014891336,-0.3352819218426449
train,,-0.5990975603821808,-1.9990635081705366,1.0441116745311643
train,,0.30105318294453776,-0.5527190481753599,2.3355372139582675
train,-2.4444875614966457,-0.36502953334366095,,-3.89930904619986
train,,1.673800498270405,-0.9077372141964722,-0.010212327456972758
train,0.4541258205216758,1.5247179294459243,0.041847574396533034,-1.1408101270347155
train,,0.28649091819249084,-0.2526460657828874,0.8934352257143184
train,,0.6308196646418652,,1.3423804304410822
train,-0.020596411557109714,0.30905237802716434,0.7344217186703235,0.6926337154960579
train,,,1.0365527175637532,-0.10739289039782715
train,-0.9913082193726133,1.2019791071295305,-0.21625113316754946,-4.278201781906085
train,0.37750368622471214,1.326088162269968,0.5921624933456203,-0.9384049380518206
train,,-1.0194960347758426,0.5552404930258807,1.889409066507731
train,,-1.4428827812614824,-0.5447576022789049,-0.07052708203519997
train,-0.6856733942824054,-1.0108805064622066,1.3159145582286444,1.3016535874133666
train,-0.7821296972242822,-0.9198326930041592,1.3497194910601393,0.38160968469627843
train,-0.5627588349730469,,-0.26305976248944823,-0.5225805830579938
train,0.2323757935946712,0.9826377085715727,0.9804736826516256,0.00465655790125824
train,,,-0.06447733931482674,2.25216298787778
train,,-1.9365826900361003,1.3933963702524246,5.824412687830936
train,,-0.39099155441729305,-1.4964737965462664,-1.234202009316904
train,,0.25951365336767424,-0.0690475015520808,2.38642512271246
train,0.20085389526238423,1.6922369815826148,1.3951896514718638,-0.9140090521809903
train,-0.18565050927249824,0.9274251919432874,-0.01021784190418001,-2.0013258412023007
train,-0.7625930677027871,1.0111225970463262,-1.6237816082927428,-4.035229553279382
train,0.5978925721139837,-0.9672525203904045,,3.7121678444137918
train,,,1.0435015811035058,0.1206801355553084
train,-1.2880732924911267,-0.1560313215749446,,-3.880063686441524
train,0.35974952282193495,0.9512824384881635,0.2551144641388049,0.4160042442512947
train,-0.22536629028857855,0.2470248217296255,-0.5734153626392927,-1.4533674254870235
train,-1.6372553666898597,0.1840324298246544,1.1551983295291721,-2.548407116880322
train,,2.1069419568442833,0.8319671727541806,0.6375427900011068
train,,0.4427644098563508,,-3.589964440282849
train,,-1.4855919141618443,-0.18784374508817803,4.190343146180437
train,0.32809300923548135,0.49040163155525596,0.6921862498005121,0.1199126825328477
train,-0.8766457937795564,1.0961484996365403,-0.9526399610235942,-4.238360853713575
train,,-1.6120663150333188,-0.3221550682670448,4.372603895672526
train,0.5755877826965335,0.5478078559528812,0.08616439506317315,0.2011481152840256
train,-0.14682425555589715,,-0.326004792127426,-1.4334123088857054
train,,1.177247613510913,-1.2083607833718377,0.1325594811319438
train,-0.6811437522514743,-0.9886463856269362,,-1.6884187711512784
train,0.27445474989057955,,0.28135664388759374,0.4516888182967213
train,,0.25949108942532223,-0.6013447637547061,0.21669910299343603
train,0.5308670802837799,-0.9645828800195427,1.196623515018962,3.401548210546845
train,-1.9548370754511128,-0.8316845835205432,-1.527739166207658,-3.88589130163509
train,0.28060663315702344,-0.027962907317913017,-0.08234062986157907,0.34749425418266894
train,,-2.4048532395568607,0.583839212071674,7.906987407840968
train,,2.0994310290867526,0.2345120024653222,-0.9278930438389534
train,-0.34929741325025515,0.37984005820910455,-0.25834793075486484,-1.1202837346963397
train,-0.07761895739185166,-0.8035327437493073,0.32151192022679875,1.9251412225437676
train,0.5160864151531269,0.8635463721989672,-0.5134191708120401,-0.29745390427433854
train,0.16063898663653897,-0.45998288764473794,0.6078232863257939,1.0711672546308797
train,-0.7239402655358818,-0.706534518504009,-0.4173246196877827,-0.5714067559341034
train,0.6678144388252178,-0.14165530191764916,0.4624877498267749,1.886537636893335
train,-0.2645100255651739,-0.4856036229640151,-0.48447020820546133,-0.25515202596264214
train,-0.24636976853958592,-0.019455139944526287,0.6046744028398506,-0.6113887692555084
train,,0.7852206355770788,0.08302574957767864,-3.6238287365263737
train,-0.880372565698564,1.2500451195229532,-0.2599833624028069,-3.9913760288903224
train,0.07352623625426281,0.3330050492730597,1.1105278482455418,0.596734397957693
train,,0.8657686645321556,2.0974815713162402,2.3947770151321297
train,-0.43689522634973144,0.22450625169921454,-0.542528410720529,-2.1097163330556237
train,-0.8311486433943269,-0.31632733120532114,0.9651035203058861,-0.697113620242869
train,-1.1154131912750544,-0.9211392848751134,-0.5530449505549404,-1.9163396984246708
train,-0.7407540565138502,-0.7458736040873228,-0.7597740965540603,-0.8407137936254928
train,-1.1061201090612856,,-1.8509933418365907,-5.973538032656602
train,,0.6268580356040926,0.14493104462807344,0.8566343866279533
train,-0.8543742471389603,0.13774833786832172,-0.6597643057760967,-1.922040158728525
train,-0.8963138037332459,-0.2819241797768334,,-0.6652398354186666
train,,-0.8563611682764206,0.5493277022285156,2.988572255464605
train,0.27240114430125184,-2.302542364031581,0.07766677828074683,4.144159214085881
train,,-0.5463794691709192,1.8227918964463232,6.474908163312226
train,-1.0428614128552134,0.7427292813168757,-0.4747761000502151,-3.3403264688910963
train,0.8630233792253093,0.24240389251521366,2.789285971676278,3.5316158739724237
train,0.9001729087750606,-0.02574328374632314,-1.1492316889345526,1.288995141370097
train,,1.0645744347973047,-0.4815591714550356,-0.20062390909996725
train,-0.247221423106233,,-0.2623496970845525,-0.14853188107540533
train,-0.7631007696315165,-1.592882407265934,-1.6613678884942469,-0.08129470250674176
train,0.2800023450087674,-0.4128304154793601,0.3672970025475339,1.468360330241568
train,-1.1671604988380495,0.1189821939684125,-0.43749862794328,-3.7437151402167723
train,-2.4102957389483772,-0.011220978507572192,,-5.55468944723005
train,0.9748009814777857,,2.2881078362529648,2.6955872425628806
train,,-0.0593294667953906,-1.035818850659619,0.9188126190801894
train,0.27415374576939944,-1.1022762901636667,0.9150994885120812,2.2105737381325823
train,,,0.7576091865409766,1.210973715369423
train,-0.1094527704332819,-1.9577327433002245,,1.189108448389036
train,,-0.15891385210804027,,1.5279476407782697
train,,1.6003160633669806,-1.443145003169236,-3.147388505305772
train,-1.4024425934510576,0.43414401081464415,-0.9064281761484058,-3.6456573364298706
train,-0.31109724553647744,0.06791434218777098,-0.4947309470860375,-0.6938556511985277
train,-0.13888117212957796,-0.11090739630767397,1.714687158793443,1.3421736178044876
train,-1.4939335541520642,-0.20806837929149374,0.026060960395340588,-2.737666362709238
train,,-0.958510803690893,-0.09361867743700178,2.969042628641048
train,0.13013922442297932,,0.8137169356863966,0.25473911141539335
train,-0.6591161056858863,-0.44502844700158795,0.19635562293547726,-0.6876662826553767
train,,-1.2725757156981736,0.29137348166354116,1.378849072075802
train,-1.3026255075004285,-0.6026152334550838,0.327655004277174,-1.5065350437250633
train,,0.7409649858195418,0.07416609594234107,0.4425306454475747
train,,-1.0041415416353063,-2.783064532844236,0.5243910934074106
train,-0.5483698097147189,0.4780120983081347,-1.2299879659026163,-2.807602740267341
train,-0.14331599223424998,-0.3455488559289126,-0.8257961580320476,-0.34360502708600094
train,-1.766483775976368,1.5067908833177834,-0.3946239427508455,-6.270321263963373
train,0.6739987482702752,-0.4501767967335413,0.9452397323447238,2.9853292783730185
train,-1.4070478673632123,-0.5053537784691438,,-1.513585122438592
train,0.6071601686107947,-0.45981027494601934,-1.2802136726343363,0.5215037280114072
train,,-1.2713074477953068,,2.388602870496906
train,,-2.4221744161997165,0.017229675488184756,5.995372971749854
train,,-0.6382974729073663,-1.9405020807401983,1.6076080363403276
train,,-2.463318356001579,0.07764232354676513,5.347222218263735
train,,1.810317457426375,0.17259339904928192,-0.2430356514006235
train,-0.661554837521609,1.2042329292965974,0.30018319444630887,-2.9378435960051137
train,-1.5331873404628835,1.7554853522525318,-1.0091099497408134,-6.803944509266347
train,0.31219855411096264,0.4376529235762558,0.1483164430213144,0.4287295850449697
train,0.4463148889688145,-1.8237740163309806,-1.0086087586773747,2.53621592178524
train,-1.0418067025341389,-0.6742395709110254,0.26317723430470985,-0.8285899428846886
train,,-1.2860298844845672,-0.11390353931737043,6.161782661738832
train,-0.019783020688387505,0.5239441427661786,-1.1380906636405541,-1.8687867748299074
train,0.6360940701441891,,,-1.3354859117958102
train,,-0.45071843664825617,-1.7634698623468659,2.550089305359511
train,-0.8612027588505691,-0.963277980776906,-0.6664102886295584,-0.8227601910465709
train,-1.6060739096747698,-1.5799788830119834,0.03630393471378881,-0.7141768208757567
train,,-1.2858909638567773,-0.23703012711216792,3.0678714434939223
train,0.3061834361498729,0.5587984348692667,-0.5839162786892248,-0.7367144910489607
train,,-0.5766047724851142,0.49490514810814273,3.2944498067440007
train,0.4983532077386621,0.7146670934297601,1.2904529979461916,0.5220618262944154
train,0.01991830038555089,-0.666755970928278,-2.577587611211149,-0.9586256860410299
train,-0.2501538136706974,-0.4217190805303727,1.4266537384087064,1.2838052563638744
train,,-0.7854482891780044,0.3587686099686957,4.087964056190737
train,-0.27993805291616647,0.9238834891261561,-0.6965790734817007,-2.868986000944484
train,-0.45487291087251863,-0.1489110503076448,,0.5630520853515584
train,-0.5791924678877682,-0.09695202111502878,1.1727836146108215,0.028258579705185013
train,0.20543520177420868,2.020504537717045,0.29833434869605535,-2.503693520415324
train,-0.7010978247444036,-0.11795834587275841,1.1264885889228293,-0.6656815016476176
train,-2.247867179005491,2.075869787058743,-1.1028103573468955,-8.356448255914195
train,,0.1114566229205525,,-1.7590354229099558
train,-0.2870011703903794,1.0971905058062856,,-2.1463174004659944
train,-0.6076100584469293,0.3276855746281094,-1.1491087256333328,-2.732467828192811
train,,0.7741649598229452,-0.127618144279472,1.3471746001682037
train,0.4937629789878346,-2.175419663017821,-0.07251206743723823,3.964186483239896
train,-2.271039451960897,-0.7685764175414929,-0.13630895793578693,-3.505647964247984
train,0.16494615781668162,-1.084964381450817,-0.550166714439094,1.5425290071358364
train,-1.8984234898578105,1.6754252436518013,0.16952552990794967,-6.058097184360874
train,,-0.9480229222262002,0.1848731939239058,3.534929548871409
train,0.07557103367687754,-0.41483571956145066,-0.07976058531069585,0.8877134893325576
train,,-1.7130527459956284,0.7427917734329135,-1.700775795681799
train,0.2200165067268623,-2.4859080487563476,1.2393588074474358,5.3661998370631805
train,0.6587802315803792,0.376535834556409,0.6171643254456133,1.2113729382966263
train,,1.7315064918082441,-0.4484408644239458,-0.16492735670986303
train,0.3792705741624943,-0.35911923128774054,-0.23919264994546094,0.8766571460432261
train,0.3474914736796276,0.5950095122007465,0.7220655652745552,0.5431130517700563
train,-1.9777191946589996,1.319111117837802,-1.814155361441613,-7.104558600543425
train,,-0.5513205018009633,1.3902268170031602,2.0134313512606132
train,0.470053587278549,-1.5957037156055442,0.17232363985406418,4.32824370846453
train,,0.3539686320776813,-2.3509770751001478,-1.0442711166091132
train,0.417669656965788,-0.06631021833437234,0.9898184310406117,1.3715427880631461
train,-0.12891129768951765,0.7156159582893148,0.3532334410947311,-1.0406767439579128
train,0.558988773866724,0.8897526112559069,-0.1785519900120897,-0.19687686301383298
train,-0.5225118733224782,0.660198801100646,-0.5895734682662328,-2.420790868754914
train,0.07025344420740352,-0.9963429710453472,0.29584863514683435,1.6902648444646506
train,-0.7730622190879408,-0.41451801660551707,-1.5932977082417696,-2.112836441462962
train,0.2600184616497447,-0.20518031916948457,,-0.0945111463948547
train,,,,3.9484279756635803
train,0.5500501230717721,-0.733436507283301,-0.003419443603416409,2.35474233683175
train,-1.12999861390689,-1.1369496863727193,0.34462328100866163,-0.06752697996179924
train,-1.412430343742676,-0.5276816477676022,,-2.882180575012168
train,-0.05540220236047607,-0.8751359018484449,1.285419433157328,2.1540821663559964
train,-0.023895323091494745,-0.014344914883771603,2.0475249899459653,1.6111591563262755
train,0.5181408778111697,0.08959935315597749,1.437473989544324,2.3065667081033894
train,-0.08393940284183568,2.5967400103044125,-0.623475419090892,-4.4985793363718924
train,0.43870682451864573,1.0414597535263976,0.3133544547481032,-0.273528919623242
train,,0.4409413070554049,-1.208813643555233,0.10871037989603993
train,-1.0368746129719972,-0.35806246097079786,,-1.417471393641972
train,-1.6530247885390421,,-0.6155858373771829,-7.596234006623987
train,-1.4398326656376432,,-0.6895943068250688,-2.756152547384231
train,-0.028337776476252304,-0.6549626633644504,-0.2463025954322394,0.17068855197348742
train,,0.3908937635165303,,1.2142650855835242
train,0.6654189912459353,1.656407551318624,-0.6199656075377559,-1.3719224431380146
train,,-0.49659003317927664,-1.0308729823472267,2.214036313951535
train,0.5797267468042775,0.24448495854167862,0.845826110125747,1.0981365502087486
train,-1.1371466428265318,1.3130575847970307,-0.12655890654277743,-4.341487010594901
train,,-1.5572695227277469,,6.873604253951288
train,-0.9260095208620481,0.9621849664017668,-0.20664973922100158,-3.3183211522412894
train,,,0.47270015904359663,6.561949462470759
train,-1.7719826138457868,1.3389056352368098,2.178738704883037,-4.056453561017799
train,-0.15802292168794382,-0.18592400198562328,0.7266065100284288,0.6370073453864608
train,-0.3192738212463554,-0.6813997270039963,0.9738130623910621,1.4092266340744481
train,-0.6047835591642744,1.3243979759470086,0.7084299901905854,-2.5255796975243774
train,-0.8419971357945043,,1.6234836981637275,-0.7609953277748364
train,-0.9035831086952214,-0.31045885897054,-0.4160918801329837,-1.5654179611057029
train,-0.2856729427030957,0.2865517493415954,0.188370570213081,-1.1964467959686307
train,,-0.6621300233498025,0.6337089661378088,4.329230077462966
train,0.8938034243752778,,0.5529209235215603,3.425757107833531
train,0.016975527485018578,-0.44057451886567317,-0.2733132037144273,0.05821604255253565
train,-1.2602490931443013,0.45750414186635263,-1.8008399835704518,-4.187401646676033
train,-0.9174004324864335,1.631758685236955,0.08572939875047805,-4.314833999949645
train,0.5670965680880665,,,-1.8058888653816063
train,,-1.8083127547701776,,4.491213020768025
train,1.220651244596589,-0.6371886969060395,1.3894178782293916,4.352423669584273
train,0.6921479243917277,1.5021495093013448,0.2749226784871276,-0.5373016741984802
train,,-1.8457724281099877,0.40291347015679907,5.373206521780203
train,-0.8119315651373877,0.45267175321385744,-0.1181917734886616,-2.431685699020397
train,,0.9361263226464077,-0.49219834592531164,0.38867149943153073
train,-0.6677090815726823,-0.8705584047729469,-0.2365786526411204,-0.3806744520109921
train,0.6350173689635263,0.5616264002336047,,1.7609666492568292
train,,1.4708753007438395,-0.9731647346315895,-0.8549568215352275
train,,-0.15358511614899517,1.54255864128275,3.523661662557785
train,0.3409881918624868,-0.25120573119067074,-0.628566207375391,0.3441906881044908
train,,,-0.41768629348588715,-1.3329538499097697
train,-1.0676985764098894,0.7627332517826816,-0.36416599357119006,-3.5248095188441364
train,-0.11168519470311422,0.43839519886514383,0.5110487020497047,-0.9818146088519947
train,-0.9127874639543996,1.2345558478874359,0.298630531290275,-3.5375323405147165
train,-0.42754346628562456,-0.7433079335081065,0.90874433956284,0.3598248945867909
train,0.3308715640613273,,0.5279026476333197,1.6694470718290015
train,-0.40122147977108175,0.22866240313370953,0.4446982444180637,-0.6005240841632641
train,,-1.4268083530392344,0.30891941585621513,7.502353991329752
train,,-1.1181311632913202,-0.10167073007674067,-0.2608884805011934
train,-1.0175906919391935,2.5951532522707788,0.21932487387256322,-5.356198151128225
train,-1.2170771525459376,,0.05577651753852656,-5.580986100078299
train,-0.14189818618760897,-0.4268472563172175,-0.71873140261039,0.730671528405614
train,-0.6197022790062061,0.9903122771153945,0.4051678520776806,-2.5482802858506672
train,,,1.1737637193309711,-3.276464127328904
train,-1.106317204747883,0.061744505548686296,-2.3144577644153,-4.080465018024577
train,,-2.444042288684152,0.44155745913067196,1.8999850360094146
train,-0.16385053537758926,2.622969127868896,-2.0267957841379176,-6.011441736847743
train,1.7069564508641681,-0.2651525342889869,-1.2906682501831062,3.5134795752643333
train,,1.6590495697258765,-1.0729630087642852,-5.4234344655657605
train,-0.1636866019248509,-0.7580078260198181,-0.17275735116290009,0.745547272355643
train,,-0.6521088839869449,0.4505996614027743,5.034813614651587
train,-1.0372744876094624,-0.39184084419925025,0.6985258815584455,-1.311423873858085
train,0.09021342118442324,-0.10220368855768537,-0.20702104793389253,-0.12971606860222223
train,,-0.1688000410255678,0.8629407681120778,3.6788581180829905
train,-1.1647281155347016,0.35474685644246473,0.7445451143168761,-2.1401612449650407
train,0.43974024699202346,-0.34338345423764294,0.973485354467059,2.1351971093282276
train,-0.6830512680702086,,1.1897983506040566,-2.665065961771904
train,0.6309333187928795,-0.41335908748047273,0.4211327946180465,2.0677294983582133
train,-0.6608775543900958,-1.934278491586682,-0.7972001662461189,0.3477589213873785
train,,0.8926464711224967,0.9192007349634086,2.6638178854871817
train,-1.8324961128170882,0.3439980828073575,-1.3836696976008607,-5.182921843650545
train,0.24307016208815024,1.6806185310203647,,-1.3821417466508938
train,-0.37992754158456155,,1.7753335957882794,1.5782687277525256
train,-0.5047236571698055,0.9841158645922813,-0.627777735202768,-3.297082047922474
train,0.8406306779217674,0.6933058433085542,-1.30215319635458,0.042395635194987125
train,-1.3428117627918499,-0.7841561852664654,0.8444987497635158,-1.011116501685598
train,,-0.04294711468456898,-0.10758246202691758,-0.3199710707484207
train,,-1.3300913686999472,-0.725928885425317,4.553015379399701
train,-0.996289454456475,0.359352435141839,1.1773298823513842,-1.9603235857031096
train,,-2.198698946741914,-0.20942591392313586,6.2696921660567115
train,0.40702916224965663,-1.2192401841902563,0.639694638608286,3.3141794776367197
train,0.22589181770755803,1.41222389427212,0.7474354435634957,-1.1155700772072676
train,-0.9402571411949061,0.09847155335001236,-0.07469675629717451,-2.0631340306391133
train,,-0.8330975562116993,-0.2342412360942065,4.576707331943172
train,-0.313945531172066,-0.42460808656642324,-0.47487438441413843,-1.0976664074935703
train,0.10716979025158603,,1.0375074035870409,-0.4172255259604448
train,-1.3349450319202203,0.5047489979934853,0.9454405229015276,-3.367384224408774
train,,0.723095692390173,-0.07615787431944109,0.39916251366723
train,0.01777373708255396,-1.0754635469688538,1.0467151449423242,2.5497170364106077
train,-1.2986383349982484,-2.052097955001458,0.5585088882603869,1.1194473249482049
train,-0.5403146213418685,0.7370707539500336,-0.8197662811557036,-2.844087976595443
train,,0.1834518446388728,-0.8190283620687813,-2.6641183058332873
train,0.2808099808565996,0.5763737840172735,-1.0326303241557195,-1.3339735058291982
train,-0.1994737985649361,-0.2787182630341155,-0.45954970511698234,-0.5284870614134966
train,0.16015692954920796,-0.3514762412428465,0.4231274834524644,0.9684472610815958
train,-2.7580525647716256,,0.8822662966700889,-5.357094597314983
train,0.49566113645576615,1.346969762741567,1.3355290809265727,0.34349327902909865
train,-0.6262106705207076,0.5213054074181533,1.3975302445820488,-1.2690450678318759
train,,,-0.18959220415715114,2.765888226303803
train,-0.05965095036034125,-0.4029736977988022,0.8805749806168027,1.07079952136892
train,-0.05709334203967139,0.36336618430333834,-2.443660835735744,-2.796653428614877
train,,1.5874509687938243,-0.9153542663866565,-1.4314488260822527
train,-0.05415001134754456,-0.7801280887162072,-1.8671354640778404,0.16951882063449852
train,0.21860447847446587,-0.7912347544960204,1.301397729677284,3.0947120319353774
train,0.2272603763707256,-0.019941027301879858,-3.6074573228944193,-2.782139634341507
train,-1.1149404242405747,,0.2923465050976622,-2.746847109582423
train,,1.1264375839985847,0.7296028905220752,-1.5344724012112527
train,,1.0872637340106737,-2.032334808580166,-1.1450267311001214
train,,0.7245499143775135,1.0727921360099493,1.9121444916965435
train,,,-0.46353544134332253,-4.003739058879298
train,-1.1888618051966358,-0.5343677211313707,-0.07411104020447727,-0.9916522071100936
train,-0.6082059134826697,,0.9027375407305296,0.10078021290558517
train,0.3133942536602084,-0.5463851139607315,-0.22860491724686238,0.8333424171819614
train,0.4993585275831615,0.3379213186042394,-0.501665482556315,0.016413085610179734
train,0.24242576849919584,1.1879672443980815,,-0.4280259171947751
train,-0.5540530023619012,,1.4528963224232612,0.9213035609224655
train,-0.033458070360384326,-0.030608853346778188,-0.9352305137338343,-0.7956575941927887
train,-0.9903850503279952,-0.5145890510472618,2.0141021738392455,0.7179397749515495
train,,0.8768146409570363,-1.4677085583366543,0.6820517973784019
train,,0.5698519283141604,0.7238490327134546,1.0775019153269316
train,-1.598339284446119,-0.6276728798784679,0.9589868626698667,-1.40764152455101
train,,1.002728735923704,,0.9503095225213734
train,-0.0353954221057026,0.26390272308833174,0.8665875690329133,0.2131343860757154
train,,1.3182270310601332,0.09216405516835743,1.066889180489938
train,-0.6067090315571955,-0.1686117953486571,-0.02234614408046822,-0.790075163552536
train,0.5585077901205736,-1.195464348048966,0.2317545232893062,3.3129358267728493
train,,,-1.0281589103611244,2.919883749874093
train,-0.8187885288512028,,-0.11556270892534833,-3.0804598473096365
train,-2.227494631057708,-0.6659756636403155,-1.0202902984652007,-4.167910338374804
train,-0.3554846306524046,-0.6823157028932239,-1.0757822140588496,-0.32207173879901196
train,,-1.1580690039643577,0.5086119918315796,4.183405273280856
train,-0.08486766478081842,,0.5628692482381685,-1.198443311461892
train,-0.3549488611643567,0.18780830541813176,-1.5360614843703775,-2.2093919668784716
train,0.147601761553098,-0.49328219135218926,-0.10384487906183669,0.9212778362026056
train,0.6130862541032315,0.1254801365680118,-2.3183495131469356,-0.8546112624578561
train,-0.09630854861607908,-0.8913980782572155,1.368993449125255,2.4111050732809547
train,-0.472218115658305,0.889592477750975,0.7527482996930175,-1.4388480166810012
train,0.4479058910893434,0.740896564114565,-0.18953838800540834,-0.2849680244017253
train,-0.48077199653652486,0.3178211357209549,-0.2818353854978088,-2.513052920097039
train,,-0.24057230259787876,-0.3964097236529306,0.07790965493573694
train,-0.32266607602424385,0.502406618385881,-0.6163205808501124,-1.9981809352367965
train,,1.9435968117549725,,-1.6521560557052701
train,0.17812333989899695,0.29873547801535316,0.7761196072901464,0.9991949361007386
train,-0.3753030482507112,-1.1275276425559846,2.0485455289569234,2.4668704412441036
train,0.7941236358889223,,-0.4407804745452881,-0.0734374258577823
train,0.5464019839597654,0.5900803256041443,,2.048040277115925
train,-0.466587258772416,,-0.3011627161529376,-1.3998576686514161
train,1.098695795656003,0.9149436995482247,0.4170618890067224,1.070944195484833
train,-2.312981990354971,0.46829350699571154,-0.2360054332111252,-5.846178275672575
train,1.4651480616692911,0.8332579059297889,-1.402621225935194,0.4041118357011073
train,-0.7404757763136266,,0.10478706670978075,-0.002868824644917986
train,-0.8782830587071173,2.866525849674753,0.07322206496961298,-6.193812436251717
train,,-0.30216778272739997,0.713276052541965,2.833322683525863
train,-0.492230374108701,-0.10385479821038163,-0.5660547655866357,-1.736317757916281
train,,,0.47176356080294113,0.3379310246867882
train,,,0.9107357213835436,-0.45847599975590686
train,-0.32769353576317195,0.3270798124888719,0.27049267800136373,-0.953720155670137
train,,-0.14894111995987966,0.6049826377134448,6.6712449291046925
train,0.7533812641600227,-1.0099667214618497,,2.3309987504917373
train,-1.3125458661524454,0.09330374167779704,-0.02516406848727354,-2.485242673087685
train,,0.48470656277382945,,0.18046961918590543
train,-0.968984575141128,-0.7772981030567981,,-1.0491040603004658
train,,,0.5795347226699685,6.374697095145283
train,-0.52434236889692,0.31896062794528257,-1.8264165533285392,-3.2137492547393665
train,0.15954845583687902,-0.5745599123036207,1.9917737400091344,2.4888201329188107
train,0.24814003434833087,0.07526489324831505,-0.08336168168072836,0.24240777221945403
train,-0.7612727271253508,-0.2885345552212549,0.37875264191453256,-0.9538170718912053
train,0.23611409556853816,,0.9115906101420646,-0.4642550320772464
train,-1.0715866056408194,0.09411238055555145,-0.16048842948509656,-2.3770083715248322
train,,-0.72607006023454,,2.417216021951606
train,,1.0310226088355978,-0.12134522980194408,0.9197326673656785
train,-1.4386876267412938,0.2925813531264765,0.9599432533208458,-2.7195900851729
train,,-0.21197191809660465,-1.3681503274076343,1.6940205650203204
train,0.32789522000151083,-0.49826165739058964,-2.0602338928061976,-0.23361154302515486
train,,0.43801566867757646,-1.3461717396093333,-2.6985283027231164
train,0.6718786470458172,-0.37685022707556054,,0.9225373912334401
train,-0.7604285152254098,-0.8011087897544696,-1.457305026562327,-1.2796706343616413
train,-0.2882654930549344,-1.791006582890458,0.11741076206419593,2.5175804044748604
train,0.15441434040187657,2.1271063036840347,0.08832119753090979,-2.6415906162227856
train,-0.18738304475624992,1.6825126603030687,,-3.2269109170258767
train,0.490513743184793,,-1.3257188475382402,2.1197696003512165
train,,,0.21415091438441067,2.2985569741562624
train,-1.0075472860894839,0.29450157194750287,-0.05981756631328792,-2.6014384063800806
train,-0.700715714961288,-0.19298646185734997,1.5407102573681002,-0.14901270034055647
train,0.5880421409526128,-1.7467220543655,0.21505446979121606,3.9888441983698772
train,,1.4369372661179622,0.30332157559936085,-0.44430317426159227
train,,-1.1476569855678371,1.423487453850251,5.380712999832931
train,0.18959766648335846,-0.1869947771942668,-0.5619743948757905,0.40685005285653764
train,-2.0738259055118067,,-1.694777063743869,-4.851721152743379
train,-0.5466570986616036,-1.6827763914508735,-1.015340263312297,0.8035633594212129
train,0.41503179409371105,1.098866995615828,0.32819737094973894,-1.1385490581765514
train,-1.6143402705405965,-1.2643311845781715,1.1514575420430455,-0.1569820440162799
train,0.16864768326639148,-0.4116054512478873,-0.31933024526661036,0.6244782333177303
train,,0.08377344937341989,1.1880384575365832,0.944553773246553
train,-0.7494297279135276,1.2181523067368014,-1.0064727658127155,-3.9461812794932674
train,0.2493860697781437,-0.724797884880717,1.3255544305553741,2.333271299635637
train,,1.0716935662426985,1.6908079615057496,1.7940702885185682
train,,0.8876293770993366,0.5108144902192256,-4.864515279043057
train,-0.9680264946332401,0.549179382721584,0.5670893760157807,-2.1958208360769227
train,,-1.6926407665166106,1.2479309405635204,5.774690782029404
train,-0.44779691095116686,,0.4083522147305754,1.720010694243823
train,0.10285520200486961,0.3765727975369267,0.23417535791542932,-0.19468426560674487
train,0.45919139071127807,0.29259765465236703,,1.1101052366569737
train,,0.9048728181068206,0.9734816304300848,1.554252276080098
train,-1.7521244151676327,,-0.36263077861434867,-2.955173681971437
train,-0.26470659675835784,-1.337695397934718,0.4307576267783916,1.6923167702887016
train,-0.4296895301620177,0.5780743788398128,-1.893544782729467,-3.5524104080909287
train,0.6738773730631318,,,1.9231501556555797
train,-1.4442394751229324,1.1580264492983816,,-4.440755631067412
train,,-0.04852099572424816,0.021264606738826783,3.7075552580746933
train,-1.3711569140502544,-1.0625002146937934,0.2580154632902649,-0.6893409703407041
train,,1.6193912464336966,0.7024722831944477,0.4379521521996247
train,-0.30632368957020323,,0.3376905644494794,3.5377848740029347
train,0.13663606448909438,,-1.610140744247313,-0.20287973418010524
train,-1.546995759250864,-0.44573224670201866,-0.3188553950962938,-2.658597301684809
train,-0.4573862177299623,0.21689899951710276,-0.4456193881946848,-1.5146492476003781
train,-0.3273810731803708,-0.8052887631257225,-0.5864941154916801,-0.1354638211352148
train,,-0.5314321688030934,,3.4388731811562345
train,0.671145564185281,-0.4529266197687773,,1.466242683193107
train,0.5342861219260804,1.6083440572780614,-0.2016044456037322,-1.6913548055026744
train,0.6830034121641343,1.0852665317396728,0.7646765371336581,0.4269046462976972
train,-0.30026183503013704,1.4554321283674714,0.3678960861420351,-2.815112667827091
train,-0.708729103354634,-0.06608214047170746,-1.1900130329349567,-2.2115195289655185
train,-0.28508547100658,-0.1701670275125492,1.5213819894929124,1.2035958930270996
train,,-0.03514741598800479,0.2183163124519445,1.5300102384746195
train,0.1695924064969457,0.6749897460890242,0.26628378526901353,-0.7031792852785113
train,-0.4387555820668994,-1.5507399138528979,-0.12946196215798556,1.501624786503894
train,0.565183679200076,1.7533710842079102,-1.7884866635313315,-2.64280500795298
train,,-0.8157064372463998,0.15585325826952112,3.1042981338377147
train,-1.2885294454040261,0.6597458788110699,0.9524029028021022,-3.3950848256258634
train,,1.5536490873257038,0.09395198696027457,-1.4199593155074115
train,-0.6013486261413605,,0.22875458738438337,0.25033026821430804
train,-0.9686614171947868,0.22291964338246884,-1.5749153656027164,-3.277356604564384
train,,-0.5563274202361678,0.701087676308815,2.6943116670913674
train,,1.2633842833686053,-0.4596656763633871,-3.424186143347306
train,-0.42052936973539495,0.4337667715622221,-0.822486073262628,-2.1277667796905115
train,,0.876379769479623,1.5058427840237703,4.67263372236495
train,-0.8433582357202954,-0.8684058109673154,-0.25801534052775393,-1.1828474643904427
train,-0.4756065755205984,1.9039516302052684,-0.3699727391541048,-3.82379459372507
train,,-1.0003546240264076,-0.7968639976800591,2.8813175019399986
train,-1.1125098997163116,0.1325924793530804,0.8982868495889944,-1.748504542792428
train,,-1.1672897736999241,0.9846850291518536,0.3242661548030458
train,-1.531759261640944,0.16848671889720457,-0.6374607989227374,-3.7110845414164912
train,,,0.2870493780604938,-0.49498563917791427
train,0.5721774330403642,-0.8782464926667597,0.4066286827548871,2.7866649690307184
train,,0.4696156392650051,-0.980717654000809,-0.21434623636174863
train,-0.9938465162413802,-0.3039565252493733,,-0.4756653805290641
train,-0.04097917872535906,-0.3748297045096887,0.46829954090543685,0.5922914446541188
train,-0.1553674286771755,-1.8114140650094535,-0.6884039082912443,2.004584521439773
train,0.5783081063245867,2.215989618575643,0.5131847548606452,-1.2495354723981515
train,0.19081973325794802,2.4489587933237758,-1.2091455638176538,-4.644119998663148
train,0.48027322383620985,1.1183009067306073,-0.5161819669203997,-0.8615906190473849
train,,-0.5214264366696375,,2.6221935239443614
train,-1.068011270382894,-0.13477248738956352,-1.7126393867971164,-2.6572216969258706
train,-0.285437701868214,0.5657393849802241,-0.9420784584672077,-1.871422766700157
train,-0.24569219347665708,-0.5486797859393784,0.10124636249672249,0.8865444665352079
train,,0.29883431428096763,-1.2310117182359352,4.647525209239859
train,,-0.25812784323416504,2.315039146128908,4.596045377282253
train,-0.40261366801994186,-0.5891892778944245,,-0.5827386946111309
train,,0.8920132869840051,2.498933436158625,3.5557242907937203
train,-1.9885849071858615,1.09019050834943,-0.36106535534515183,-6.0251134269041025
train,-0.2808486713483787,-0.19662154115383745,0.4788894445675099,0.32245768338679565
train,0.1643366451922428,-0.7102242531433923,-0.156722188011579,1.3481036941751245
train,-1.848759499416975,0.8325863543600621,-0.007403555636545898,-4.952517558801172
train,-1.0188957302962833,-1.174573085483875,-0.03424270286368241,-0.13225205045805574
train,-0.948975304882676,-0.5377525253313621,,-0.6972616487346509
train,0.6946167530005443,0.8632205823979345,,0.49476548820614213
train,-0.27451486646188555,,-0.4690253102640332,-1.7013782401256894
train,-1.1009998922046829,-1.0832955996455356,-2.199343338456079,-2.8851096768846776
train,-0.6120862777635189,0.22941449096024355,-0.9666814535615184,-2.820624409132011
train,,-0.0966708108333603,0.441156653512244,-2.0153647602589824
train,-0.9215252921408843,1.3523917013091011,0.35261256509193256,-3.842225729218388
train,-1.9949745743508915,-0.7070208134357282,-0.004286265536803813,-2.961823194105688
train,-0.6092446848790323,-0.050955835321054396,,-1.9615183422038214
train,0.2347905063382524,0.7054129329709886,-0.865307750356212,-0.6957780920173177
train,-0.6310808636326745,1.483696733687073,-1.2575278992594883,-4.920941361846342
train,0.5197153769448379,-0.7800822443927945,-0.010818347981450026,2.349499745155434
train,-0.1784836289801208,0.6751362153009178,0.6680737459286508,-0.3923126194517387
train,0.29239092215143025,-1.1392355620346932,0.7289356504162584,2.5603543039135976
train,0.675208077490512,0.43340775858545383,0.9481487117511795,1.0717396000884403
train,-0.7594100511894297,0.20148134768698997,0.22198959141745003,-1.4225453532595893
train,-1.1185260873338834,0.5403393982641543,-1.2538509406568654,-4.009849465620207
train,0.16980447020972816,2.152526301468848,-0.028410194974444875,-2.8037853719284467
train,-0.5744260620980428,2.307357792957956,-1.450626033142633,-6.017415810949846
train,-0.5090206095251891,-0.06806784705875348,1.2054688404399465,-0.36628119641404516
train,1.3487996609767565,0.021186668128889266,-0.9941093926831677,1.87054341364091
train,-1.1238789317701885,,-1.3602810471710995,-2.0072949161153053
train,,,1.3721836541978074,5.938651955678083
train,-1.200341806932038,-0.5234842239421441,0.3174346337706062,-1.6334080498115782
train,0.6112070191086364,0.6785589476683189,0.2707500663458032,0.7680553034933539
train,,-1.5591691554501266,0.2649810819673622,4.901724780651467
train,0.08264066975640709,-0.28712009404519967,1.6739789938863183,1.7799262221239942
train,-1.1868671520756147,0.2818859867731895,,-3.9775338596485463
train,-1.3403192968719932,1.7919356109161855,,-4.387042772001837
train,,0.3577454362597287,-0.9994111734732012,1.4489524376599914
train,-0.8983582331102471,0.5163798731540835,-0.017624469096156795,-2.506070325595304
train,,0.4099280936369645,2.34828711356883,4.417644741349052
train,-0.09760685281507583,0.2922604357453663,0.6222680247233,-0.22823146793074267
train,-0.10016901851415332,1.2510549089842924,0.7206900262788322,-1.39161703125987
train,-0.6668820290389672,0.40821992401059787,1.839769016751128,0.07740317812767772
train,,-1.9336376125332386,-0.2699381084982455,4.846619572464518
train,,-1.2346524996226222,-2.421309471018719,1.8717865990886131
train,,0.8283497398520313,-0.6269632534115362,1.6917853798137192
train,0.3502992680249752,2.28297158353559,-1.2470123985423058,-3.398932016976231
train,0.29466233882492743,1.701445129649689,-1.1924684057887898,-2.5923274483825693
train,-0.5567167567551858,-0.335665068767574,0.12273516621287724,-0.48362853983104837
train,-1.7156994917250514,-1.4958720875362652,-0.3466786376857763,-1.2588986304028413
train,0.3639532741438508,0.8624279072262467,-0.2818162110609351,-0.6136241475801679
train,0.45985759896844774,-0.7007575567592434,0.5382661680801049,2.661242004857548
train,-0.9218914133987397,,,-0.7952227945605445
train,-0.417279815953162,1.6382226515739118,,-2.5492028039993246
train,-0.3783868486956304,-1.8984735586303931,-0.44005144462191054,1.7115683128341619
train,-2.1747747540304614,-0.33238623512280874,0.1452056182408138,-4.021778232628902
train,0.37819330299414944,1.0133684182044334,,-1.1523696467396531
train,-0.2951531093726785,,0.2659739455730451,-2.9420263801812743
train,0.10910934195849809,-0.1910932114821045,-0.26833494554707654,0.14673747777317528
train,0.6326103311293555,-0.0980741329513617,0.2610039030266027,1.797874074381467
train,-0.1740843002807494,-0.3855532194683084,,1.570840624545092
train,-0.6167902245820431,0.6026521063568411,-1.0676593034455328,-3.2267292776743233
train,,0.1751882716255412,,0.10870166517480173
train,,-1.4890548367958116,0.18116142067568747,5.608960917019916
train,,0.19093944986645128,1.2493019327883252,0.9293328788607524
train,-0.5906809771120027,1.5438094421524058,0.24119926669588723,-3.1404502391105575
train,-0.42032476804937047,1.4772315580740423,0.502208241255315,-2.5352253646123235
train,0.3380388903370656,0.2424600760967676,-0.4840559734356758,-0.16546949138656525
train,0.4628162293151421,-1.3036263846875318,1.3256919362198811,4.0651488843251675
train,-0.15830695691290614,1.1278471812000432,-0.5227281868989522,-2.524179924295762
train,,0.9140880897692952,0.4452091024741079,-1.5437177111563665
train,0.13837767812252774,1.244477168045355,0.605603987599758,-1.1093951151055137
train,-0.10411984394367425,-0.5794049164721053,0.5364003077717224,1.185503603274025
train,-0.48297266581652926,-1.176440543898354,-0.5062037808086235,-0.09087080565961714
train,-0.4536549117215666,,0.4223640495943837,0.19597602349777465
train,,-0.5650857168520989,-0.3375442058724808,2.4791958085722277
train,-0.5745259525116377,-0.9602073984208349,,0.8090415627888998
train,-1.2196626370259382,-0.9301905505907474,,1.4434278888871854
train,0.23654778467845686,1.4746695909528975,-0.7104757366345913,-2.201385396349358
train,,-1.7446192352353176,-1.1677106810939064,3.5270800743324786
train,0.26842253495865953,,0.30326365663448585,2.1679926347134963
train,-0.2781140897751099,-0.2269141536676153,,0.9330409237703223
train,-0.5048131947156989,0.004570172607600275,0.5993517082261502,-0.29588603436034144
train,-0.6385873757162028,0.20019511535040663,-1.7666437996471438,-3.322530229172961
train,0.1905274094621348,-0.2958854490210104,-1.4706781684412598,-0.4873518867691068
train,,-0.5671724046514187,0.3042800484475045,-1.2141017346149332
train,0.5163943409708774,-0.7060703317730933,0.015959201631967936,1.8611994879213298
train,0.4040164639244172,2.1087917676356533,,-1.4958008828025182
train,0.7053552344061504,-0.16952760450759305,-1.7215268804454547,0.06112476122643734
train,,0.15732467525510352,-0.2830752711894598,1.4639049256171537
train,,1.815161284259793,-0.8515971525365554,0.6970430944463428
train,-1.0202882826532955,1.4863922171989872,-0.8569027856792794,-4.368894388141982
train,-1.336688789358792,-1.1503893321225263,-0.8948644580470643,-1.6602163420354368
train,-0.03024119123917322,-0.6325963512205268,-0.1436479206046315,0.720327290284912
train,,0.4537891392428359,1.076813149553416,2.561596686453177
train,0.30938662256720606,0.0035021287207657697,,1.044792791896896
train,,0.06505348371006767,0.3132854479524884,2.024402122451394
train,-0.5373486227563588,0.27081704283410984,1.1525785466691507,-0.5823851717720961
train,,0.41877247922501715,0.5839226860439799,-0.230060206306284
train,,-0.640547478608476,-0.9594420202407166,-3.381633895390181
train,-0.011030851763989585,,,-0.6293144729924257
train,-0.5030954491024752,-2.3329625244614554,-0.4621667374998899,2.2127165003825096
train,0.13368695008015366,2.239605247157884,-0.026822820699674874,-2.7777119250640743
train,-1.68149100813424,-0.6346847443252835,1.7829613148901808,-0.9165058105050716
train,0.09550466268748843,0.5343217000136122,-1.087610962879901,-1.2452268704228353
train,0.33146419795743437,-0.3759790856223383,0.33988674154408105,1.217933195442607
train,,0.00036731526394482417,0.925807962458841,2.5116312609601654
train,,-1.9519744785909605,1.3200914273799085,5.419158249995773
train,-0.820518423448758,0.7723967739324493,,-4.624575839632565
train,-0.14410589118874934,0.3512316297482432,1.1355208558749517,0.5102892554200642
train,-0.13069537524459432,0.12116910874409373,,-0.4838281802242895
train,0.655335304879043,-0.8347082788561365,-1.1988255655639544,1.2416309304815638
train,-0.8853764450083749,-0.10584307750534101,0.6914159934677413,-1.597936176103802
train,0.4646927338960701,-0.6383263675103927,2.4621441134438324,3.7984479476261517
train,,-0.5817954868176582,0.03158661773890554,3.748235731509614
train,0.42824494150151526,-1.314990710281156,0.6946811334471659,3.1235199959579494
train,,,-0.2886549189179832,4.067023217058773
train,-0.4543577779301196,-0.21019768316015422,-0.25649202917613223,-0.5360761523225395
train,0.5722488200730534,-0.974574458618099,-0.7318748698546181,2.110621695107602
train,-0.11662117213185934,-1.78475940285477,0.31418887797825756,2.266854201484163
train,,-0.5353427169720781,-1.414367979717444,-0.580341428837502
train,0.3553369054529812,0.2528593305850093,1.5274403219406991,1.542326452291213
train,,0.7140964375544137,,1.7348440724385028
train,-0.021548574784518482,-0.16962206061576507,-1.1448370556913818,-0.8608173351705517
train,-2.1833524578523478,-0.15004106642167328,0.04705295640976406,-4.498761502798434
train,0.21354556235117658,0.06937233369748502,0.22024942846548018,0.3875467086262966
train,-1.1567565031423976,,-1.9735023161016292,-4.851504720686426
train,-0.22689216974730947,-0.4994768348006823,-0.5451820834512,0.008122287537281697
train,-0.46899007278160604,-1.6259557438456471,0.10673025490278913,1.7779136672635247
train,,-0.2665374415020983,-0.7887579726117965,1.9568452173154967
train,,0.687615181879029,0.3396122249186218,0.4952640309620043
train,-0.2668101753420009,-1.2172734136965377,0.9690310523527681,1.9508075308690394
train,,-0.44066449002120156,,2.559818784854051
train,-1.7242479900637615,-0.9747464959282037,-0.6938439648354885,-2.782927138268646
train,0.017318057641825882,-0.4194387064030715,-0.360367586793086,0.7244974040762304
train,,-0.705201467460886,-0.8454279747070651,0.4392305303321684
train,-0.9649541648508725,0.3797124711486783,-0.6525975819962954,-3.339483606854098
train,-0.952241293243034,0.5477467853702926,2.163007468168253,-1.3667451436467433
train,-0.5358358188146357,-1.6751327135234584,-0.04062069638528448,1.2290791922785202
train,-1.0262286779545577,-0.9120378607520969,-1.0513306805608154,-1.6810337276466485
train,,1.5364728073094591,-0.5939854482874303,-1.2994590850395964
train,-0.33050970220884596,-1.3101206710057212,0.2941053344160288,1.7355598633643703
train,-1.379713985570256,-0.18463168507793762,-0.40576717021286374,-2.94787016366545
train,-0.4642990873208229,0.8436514029627008,1.1929061156983083,-1.3556466635736428
train,,0.9045794130145336,,1.8514779578150549
train,,1.351546920257943,-0.8752742066813743,-1.1955101390142997
train,-0.0077072754295978586,-1.4234517692617035,1.0664873402443034,2.982481457052643
train,0.55487534109391,-0.8525397447134483,-1.4758225074755642,1.686274202219738
train,0.29493367888190886,-1.2234214485494233,0.0778387120913847,2.0138163894998087
train,0.5793633686467591,1.336510596826457,0.4364061817080913,-0.7188497957273341
train,-0.6358024296418906,-0.284523606478017,0.6304208485771121,-0.37402979862915864
train,0.3162903281037579,1.0396813527474,0.8805843072696585,-0.7805263875355786
train,-2.2944722136365545,-0.007141345071000431,0.22634559207760385,-4.141148253283834
train,,,-0.30036752602424105,3.547654227864152
train,,0.04499446807042756,0.488639327456471,-0.1947323481753913
train,,1.0589965429680794,-2.2779408685971076,0.3717356079396925
train,-0.9666183354942621,-0.6413608948396724,-0.15802875771697478,-1.0826005123413858
train,-0.737713991824953,0.04525525924678655,-0.659642985519383,-2.189285954704751
train,,0.3739881758070131,1.5684615787940432,3.157868708364847
train,,0.24769817818766962,,2.568172921634428
train,-0.4890995654147305,0.5561561874039312,-0.12475695823716558,-1.813827079842427
train,0.4617646634739313,,1.4607542016169794,4.57996180640492
train,,-1.9661195123399924,-0.40328484533608877,3.307034687306151
train,,0.2064939771001278,0.4565675438265269,1.2659678757881445
train,0.07047062761740457,-0.13981783912843485,,0.8318464974332835
train,-0.42420711851167103,0.4974430172083602,-0.5459537596069066,-2.1743077084041706
train,,-0.24751410564520088,0.9242309329022654,2.424508205394729
train,-1.0595892428891438,0.263080156362134,1.9737992070046253,-1.2454786181779665
train,0.08641921648545485,-0.976554089890434,0.25626970231192975,1.7025355899199823
train,0.25692800801708116,-2.1573844086923737,0.8077245717529719,4.991431312853309
train,,,0.14509243840974473,5.152114184288559
train,-0.19379671249819136,0.5764685076121449,-0.34154622617993785,-1.526147491322306
train,-0.3198926297888956,1.2078630709957479,,-3.80794474635787
train,-0.5348756105947636,,0.7908353287470432,0.6150348232933204
train,-0.07955361768155142,-2.1037472996252764,0.06659735492711748,2.8402653587509383
train,0.23736314228326158,-0.44025455472869257,0.26132385568423827,1.5610115993940885
train,,-0.2876916218953866,-0.3930863046816669,1.4329738179240532
train,,0.8014596428667597,-0.6463729312172312,-3.0186817746037704
train,,-1.242045192267602,-1.2931096665891408,2.5426329492021944
train,-0.8451967860786621,0.5964628346551772,-0.3540813738736493,-2.6525645027393754
train,-0.43242109135741597,-0.4710514598650567,2.7915934213273097,1.676257742871532
train,-1.0322452581765966,-0.022234046592384565,,-2.1241905021982843
train,-1.7798078810261335,-0.037545742875363504,0.6769736304832712,-3.470721863779387
train,-0.01634738055687124,-0.3483910624001063,0.5232995797878337,1.2201005238985325
train,0.2316461698066197,-0.9229729006861473,-0.9705204845776948,0.7357578572106809
train,0.3936725952259237,-1.3802393789378065,-0.6099737730636613,2.212887718607063
train,,0.8541709747956674,,2.2314011296064455
train,-0.7856239870697762,0.7479934702018013,0.5796117963555892,-2.2418061545651287
train,,-0.15709934672847897,-0.2247287721683302,1.0200085032616526
train,-0.6137584463903664,0.768981261663644,,-3.0923099234505993
train,,0.32064889520051243,-0.8335745036143722,-1.529789228885489
train,0.5500285355515342,,,-0.23046987177247072
train,-0.5482181213709186,0.8343913654954622,-0.5653605366594602,-3.222475393871105
train,0.5235790442151935,0.6931623847658425,-1.4699864421946436,-0.6887099957468308
train,0.18978759455466016,-0.0944677090027014,0.6278046020476188,1.1735165776646175
train,-1.6472768190076075,1.0494977527138865,-0.9721414685166785,-5.181933940256628
train,,0.981819756440194,,0.6755276263943817
train,,0.5065928275456333,-0.012845945709009895,2.1050874529408516
train,-0.8368436770902528,-1.1965176005980815,-0.4919398159798779,-0.1169368464545317
train,-0.6747159729369238,0.4265440200547987,-1.2743548271969731,-3.2351955926349403
train,1.2448617325495868,,1.4017494846551186,2.416153981774584
train,0.20080309538501584,-1.9205428056125795,-0.37047697053810275,2.7917955058309083
train,-0.3521392579488703,,0.08869379305769118,0.6375547793411269
train,,1.2344844599936324,-0.9958243748961825,1.3676451562899907
train,,-0.10777941189494004,-2.711818956408981,-5.027990219685445
train,-0.6513957003082664,,0.7154879185876152,1.492194292616824
train,,1.4676016812280346,,-0.9915700730471431
train,-1.4079671708197619,,-0.6096071574137117,-2.8835533506348168
train,-1.151763588853185,-1.0785242743462942,-0.11724707606103608,-0.3669367212111801
train,-0.14616654736181958,-0.005693410787217216,0.9697539271983049,0.5823656196833046
train,0.09312629392225191,-0.47832521623896246,0.3906465952367366,0.8134950243413812
train,0.20340816176446824,-0.3169299598184888,0.49824104266583563,0.8983186440253401
train,1.0305394969943613,0.7623697193775144,0.158486466955964,1.0962846134864848
train,1.2872978650657976,0.17606474201429406,0.6554831173098328,3.053215062873578
train,-0.46800647549082675,-1.4854857951602338,,2.4346246281389643
train,,-0.28768592851847374,-0.022440288419213732,2.404528665662581
train,,0.477817104017456,-0.33153507760064926,-2.4641567229889656
train,0.5441541633321402,1.1674835849816345,-0.2050065227770642,-1.0084847660943066
train,-0.5514585091336713,1.708037394567049,1.6880442001422475,-2.1029706748311527
train,-1.2343779981294605,0.3300180718678022,-2.744083977535016,-4.759519043479132
train,-1.2224859486647734,,-0.30799868257330015,-0.8360482621792528
train,0.3482988079988419,,0.25519389703036066,3.8433048012929953
train,0.4281852163334551,2.8255171992124555,0.026922319221835748,-3.711580526692793
train,-0.8174618781592612,-2.9830989822584497,-1.119938234041371,2.117046841861442
train,,-2.754742676122435,-0.1917056942026674,2.8822896836488763
train,-1.4449345621560001,-0.7172627995641169,,-1.0155603299657474
train,-0.8189661133791989,0.8298604427028863,0.17960784069511054,-2.7976610992168194
train,-0.9826761532985014,,0.30338609075023254,-1.0629775590813302
train,-0.9762186945214394,-1.9003984142356132,1.2085494400773498,1.5611676142340571
train,-0.47786396543153636,-1.6884204044354023,0.2484201385440204,1.7139028125528848
train,,0.9134423025635924,0.9565440461538303,1.4455145848647282
train,-1.1483416322804023,-0.13101850656502947,0.5883298675628567,-1.139388691650674
train,0.683092575959421,-0.46610605908380465,-1.8696458036273285,0.47581322513825175
train,0.12669789322115052,,-0.5162031413303181,0.793109125358023
train,0.2705569233224046,1.2729484783580607,,-1.077673585545648
train,,-1.1759890504445478,,5.929189444610418
train,0.28600263997287323,-0.7627814551833052,-0.5721165567365402,1.4089189128235886
train,-0.43605032745844385,-1.1076406325075694,0.3502633687312661,1.115845990818616
train,-0.22396550376411573,0.43287049973053765,-0.5079108800973464,-1.810396396952415
train,0.14837331412570606,0.8204046715300283,-0.38739647537162536,-1.3988330210013604
train,-0.35793065419839126,-1.4296613472620132,0.18973671145818366,1.8991444192168696
train,,1.1277470631829272,-0.4160102854998294,1.654655725695224
train,-0.2681631797922075,0.9286588065946382,-0.5121144146920042,-2.6968241446536396
train,0.433681596147955,-0.06492070207643616,-0.28372308344963304,0.8872334030150261
train,,-0.28860491482239425,1.5468675481211729,4.654332635984746
train,-2.230960958686743,0.7050548656620943,1.027143745504852,-4.77657960024925
train,-0.0974765439168369,1.000559768724015,0.7851243396874263,-1.1198035157724548
train,0.4422517892568,-0.7082751529542982,-0.3380248246452779,1.9271970066105817
train,,-0.2688042423064642,,0.5142174069287376
train,,,-0.30016031244590996,-0.7222257940270093
train,,-0.8257912394655084,-0.6876519972178146,4.732268339123239
train,-0.2757015116346835,0.4342247630987681,-1.57574331771772,-2.684560832655488
train,-3.2572959201677403,0.6836911562611598,0.013117963109768316,-7.677875766986907
train,0.49667817667347935,0.4810673984304355,-1.1352574058983556,-0.38480985695413844
train,,,0.14459437656937016,0.5175717565080538
train,,-0.10499696815360526,0.22594602515200327,1.922660664875955
train,-0.9950560050878606,-0.5789952499761768,0.6098792334269201,-0.8950240253876586
train,,0.5912483165785852,-1.9801607275279385,2.205093544315069
train,-1.134808154982394,-0.5502850463823237,-0.5798216876440948,-2.405045338114275
train,-0.27216101645628593,0.07327953957465547,0.0031414065191344214,-0.6874059418090683
train,-0.49867496395109445,0.08011507751710638,-0.590530498441045,-1.7939043487938036
train,-1.2540105786395712,,-1.1209499700848107,-5.449780911507794
train,-0.568361990030311,-0.2972989922902695,0.520756516633055,-0.5580003481091507
train,-2.68672713344452,-0.5925499684228809,0.5035386696298323,-3.6829212622995833
train,,-0.07157655316334872,0.4734538994478159,2.6595770442385747
train,-1.0933997929246695,,0.6984609116562305,-4.5074867608482165
train,,-0.7065725536762789,,5.190081461139951
train,-0.4640094905650947,-1.4343050860161148,-1.4537144473970562,-0.38115907771301577
train,0.5771830439033706,0.43168550860307386,-0.31767666403606126,0.5146007877145217
train,0.2515660527686644,-0.5418046154153856,0.0639678158763125,1.202254117618884
train,0.5534737407130343,,0.10438477339746606,-1.579601028361086
train,0.05764591023120902,-0.5727279556607029,-1.4170520630643972,-0.706362740214974
train,0.5520981521817199,-0.7451971034155825,-1.1869352245820957,1.1047446192806387
train,0.35605555220699786,,-0.3421593140012568,1.7286771931289013
train,-1.1151545036525525,0.4915166439650465,0.3803713379939588,-2.046978941676623
train,,1.1315889180526302,0.27617581956057907,1.17677654007867
train,-1.6715063960927645,0.8455825260426906,-0.5670274106999826,-5.558490277707136
train,-0.6157044993405218,0.44036872705006813,0.6856276756774022,-1.3230073632926957
train,-0.3037942716039196,-0.16830108773734237,0.15439080824540774,-0.17885519233975072
train,-0.4831141935218467,-1.0127309731243879,1.0874044915981722,1.979700935139105
train,,0.6018828968134875,0.46554541533797406,1.2525183471828234
train,-2.2594660907145987,1.162956485884914,1.8243690717371057,-4.4696258444479
train,0.228420138273617,0.2942347076082685,0.840573056304764,1.0398071586878481
train,,-0.3553440301658705,0.1459440195959546,2.9356328674967616
train,,-1.4860108063121162,1.1734276255032732,5.922948355008069
train,0.5306315153613492,-0.7019213452553004,-1.8543416189769952,0.19645298217163415
train,-0.1940979600883494,,0.7136580298284205,-1.444160664979089
train,-0.5680249673249229,-0.19800437869750584,-0.008973915325791485,-1.0129143132894813
train,,,0.2218101420701705,-6.339860028404436
train,0.12630995732813627,0.025492148928544078,-1.4919034884033626,-1.1996022974503198
train,-0.8402434037948532,0.2019766913319283,0.1957107427182831,-1.936487340202065
train,,-0.9750202771580424,0.012019965923446613,2.3798236860852615
train,,-0.33770737942366486,0.5799601231583931,2.904302000564779
train,,2.4315561862841433,1.5503469333417685,0.5618205655154561
train,-0.14039140588109236,-1.4365774560717641,-0.6861463130675666,1.4421953139538377
train,0.31683154007592723,-0.267524332339793,-1.510547904476119,-0.02852609506608536
train,,-0.6903432578983261,-0.18606026307256338,1.6484167984854274
train,,,0.3380021257808492,2.5658680754354948
train,0.6050645477893467,0.1775931917098022,-0.9344231341288656,0.12895077222767704
train,-0.7485062979140482,,1.982779426761431,-1.2669484250916565
train,,-2.0147546463378214,,6.182925461131352
train,-0.39366044901024466,-0.6036194161162595,0.34473481383099375,0.09340437589926948
train,-0.5136934287349442,0.349162799662457,2.3508542079159276,0.4168164407770683
train,,1.6929700831464967,-1.4497822074110398,-1.3848524342226602
train,-1.0175894780485206,1.7471410066076853,0.8503181053615452,-3.984957005872991
train,0.6178750269093292,1.3559382841006773,-0.4031468929421419,-0.7575246233106144
train,-0.3058694095830436,,-0.33964480146832354,-2.3897905579331638
train,0.02912641883293296,-2.044896966727066,-2.1583929846638212,1.4122873645716778
train,-1.0079336636346343,1.0752084511540265,0.029254332862071294,-3.9740414805132853
train,-0.6569018757319213,0.06320839283336398,-0.7029626856965758,-1.8111669697943644
train,0.12587218898254265,-1.5194613454684274,,3.052866509059608
train,,-0.9859317220117177,-1.011473356133193,3.5969373489894108
train,,-0.4540947017203938,-0.5245153965139947,4.168716562605888
train,0.2453417071077203,1.0469978708435606,-0.9747452182642754,-1.9445580522622876
train,,-0.8479601283195805,,2.256707726275273
train,,1.0833353825287246,-0.8279314756838488,0.26408046654299244
train,,-0.5786492824856695,-1.2451947986093914,2.42221364656096
train,,,,2.1011766820793163
train,,-0.19604033621581532,,6.007472594049888
train,0.11347792180677609,0.348769178896165,0.0105219943370196,-0.672372864154203
train,-0.5563201333922414,-0.3299069847704068,2.218923753477448,1.289030037015126
train,1.1561162047814808,,-2.1234424655057147,-0.9412880527389327
train,0.44677856034890995,-0.5035674867345654,-1.113113739076961,0.9221095194278995
train,,0.02939405978380819,1.6533382113850459,3.4980355787758595
train,-0.37920352011529235,-1.0735924221537203,,0.0912096411665542
train,0.30885335304625355,-1.7208809174077389,-1.2711590755648885,2.1467749062125403
train,0.1956366381655039,0.10952437091167387,1.0876163085925437,1.1949159919986734
train,-0.7032730250481951,-0.1112830249135473,0.7327585896364103,-0.5636868944902402
train,-0.3772649342027934,-1.211620481827011,0.11424751875683055,1.0034154273632214
train,,-1.1838204552050993,-1.8368536695326392,-1.4441932300016602
train,-1.8844912445187607,0.7398612802551667,-1.0695190879199294,-5.905514709129359
train,-1.0629155187822714,1.75358880294745,1.900070420586708,-3.3789821208595527
train,0.22454455051971645,,0.5180135302153048,-0.8650108355093479
train,-1.8238152274809971,0.47316351167252324,0.12153782006009939,-4.265572121673176
train,-1.5466484582689959,-1.1172630383570803,-0.3554273198400568,-1.857276364829302
train,-0.19353693635702188,,0.36214052294391447,-1.1287659606168696
train,-0.23587890231027628,0.16347678152367306,-2.113310986617769,-2.6101351330116334
train,-1.0793238778245442,,-1.06604205948208,-3.0380836086538876
train,-1.481908232876465,0.9365764981491127,-0.39085077720248873,-4.721703506906951
train,-0.6809212712518253,0.9469687490433536,2.05741820024186,-1.279804933263096
train,-1.1300300615653998,0.5194597324830071,-0.46997046263219305,-2.9780568749422436
train,-0.12214039209719421,0.5807807400963301,-0.5013194089565293,-1.6123094175379435
train,-0.21383320108858414,3.075742091845562,-1.1050517322789397,-6.002294573691053
train,0.34274296759726247,0.7083522853074556,,-0.34216361056258937
train,,0.19465640857422056,-1.546652081303772,1.7677554227540337
train,-0.14986135325941616,1.896817024723798,0.4540695537772763,-2.085015032017063
train,0.035869029044727246,-2.5489041995221644,0.5277551313439106,3.9473953822574743
train,-0.6964990120027951,-1.8097646334954045,-0.4398365570735917,0.7265737624451458
train,-0.35435131321153807,0.7783411742161969,1.1999528156831658,-0.8923487396150485
train,0.6852550129661632,-1.4767765918395903,0.6116868350117182,4.071701125877387
train,2.12574114676726,,,2.665400460990423
train,1.4724504513286039,-1.3036635486649675,-1.1953716028891666,3.714115721475761
train,-0.00328248738238198,0.31975111975570963,0.9726593854598736,0.5367654252139267
train,-0.5844882112642011,,2.3467423143057813,1.61147125384079
train,0.06997538330699889,1.2022628525149024,,-1.211377769962901
train,-1.769823328316638,0.000834616187141647,,-3.7585061168477956
train,0.3713416586798849,-0.6833389862744897,2.0558075664905053,3.722836942349004
train,-0.3740085975668285,0.6810387420489855,,-1.9966419888337668
train,-2.6319665089092394,-0.2524605282698364,-1.2252323995379097,-6.0257724801399135
train,-0.061875878782224995,,0.4688088419002122,2.8283047709221956
train,0.6790481192601415,1.3302292227438275,-1.5530205656563307,-1.8693157156969713
train,-2.0467114633652534,-1.1205076570294619,1.0941005947603195,-1.356984163826863
train,,-0.8976309681168544,1.3799410210640255,4.222820846456099
train,-0.6942419030474156,-0.440249306398346,,-0.63135476435252
train,-1.3348830866818002,,-0.17766332726266273,-2.4738739723500367
train,-1.0323734734463288,-0.029975306968243902,-0.3573236966408321,-2.1214434949217007
train,,-0.016515729910980027,1.376160844677036,-1.3922989938248576
train,,,-0.5604359663473227,1.9175787164675158
train,-0.7066046592716214,-1.7243497274043205,0.3637508547420803,1.6449990715485976
train,-1.3081532916925536,0.43356612623184904,,-3.0320091521004
train,-0.1130052610970801,-0.7980676664211755,-0.5895302053330516,0.28134187757540297
train,,-0.42624617735479947,1.3260133751046812,0.9298701213082393
train,,-0.2896033854892823,,0.5728210389909432
train,-0.07791477364142815,2.158402496321365,-0.43313185743075566,-3.506462444610004
train,-0.7629482971084273,0.4792509437061513,0.05304525494818314,-1.9650042475454
train,-0.18548058205389506,,-0.2330594493714245,-1.5297153398871444
train,-0.5384809523457922,2.4424848926494636,1.4890256359638547,-3.438146832293092
train,,-0.6574433638557816,0.18459418828035104,5.699449530765162
train,-1.328177220186711,,-0.8165407965728619,-3.7457445968132843
train,,-2.3231119060141125,-0.9860067429363454,4.8755655725939295
train,-0.37605737937782213,0.21634667303231073,-0.4103968667533412,-0.9733787073102403
train,,-1.1569112236850458,1.296486307084767,4.903738523678866
train,,-0.11258696205824116,-1.8312855009757039,2.800047737287744
train,,,-0.6306069146692398,3.257841472009677
train,,0.6394697314440972,,-0.9357173973794473
train,0.42018098741525617,-0.16751046644442882,-0.2793201269684213,1.304188540300062
train,-1.0504225893789523,0.9018808998101386,1.1396144083787796,-2.5223764021320703
train,-0.6238636870689214,-0.6443697807215814,-0.8787448118273774,-0.5362459074524564
train,0.44082193972884803,-0.1852708797375829,-0.5259529142792201,0.6240862701927211
train,-0.3317947958532594,0.547155658820633,,-2.004103022604807
train,,-0.9803670906630947,-0.1845078185028215,2.979955791781279
train,-0.43519908064958307,-0.8792856260989229,-1.4419334945808338,-0.5155533413260814
train,-0.5375317081654318,1.2824938069325313,-1.1182081245098558,-3.9087760630492525
train,0.03873084303600631,-0.12279124493797951,0.4069582982076443,1.1480147246107566
train,0.17692534652746197,-0.13368941135278486,1.7389763090800592,2.158247259228706
train,-0.6306671682962233,-0.8017980021250701,,-0.48106385227485005
train,,-1.7988889712891452,-0.09531581054913475,4.973036947453564
train,0.4304614737044254,2.8130772884647155,-0.1818823969104143,-3.3186959244944525
train,0.22996463843362114,,0.6193784097727147,-0.7940265434022564
train,-1.4016338566489586,-1.5050725252767776,0.1039564676418845,-0.5224537782166367
train,-0.7688658779061689,0.7586272667536675,-0.35374349993785537,-2.796107921660162
train,-2.5042800407946655,0.18437828138000256,-2.659550802352388,-7.705542190636017
train,,-2.4552607670631623,0.5291676553126593,1.9500392398709678
train,,-0.8844587809976391,1.3577681203849745,6.072802502712792
train,1.7784709451899008,-0.2508817249326576,0.5274761414761823,4.054770643821552
train,0.30195790002514633,-0.028611199864201332,-0.26143984743828774,0.46891948166259095
train,0.6900708220935645,,0.11169446969391539,1.7234472713712194
train,-0.9120153646081479,-2.4650883572929088,-0.7974010325362996,1.1794646107702471
train,,0.7470446407362964,2.9491999450122717,-0.38476816959094406
train,-0.7622478417382593,0.17992991430137387,-0.6064673047330188,-2.090044725429653
train,-0.8440428234302323,,0.5258466619602797,0.21045107113503547
train,-0.6229472735186294,-0.1910603816302512,0.5332532263712431,-0.11551611232042219
train,-0.6413682599223011,0.0620525621916223,,-2.3187220465684155
train,0.550293750683114,-0.5364573303121271,1.3868155657564138,3.002353057976859
train,,-1.1508543130233313,-0.4890190770080006,3.0604218281427533
train,-0.3582034829911145,0.7537173989363349,0.3015059776057446,-1.6591510840592034
train,,-1.137492442348303,-0.9323654740429479,2.3923795946922035
train,-1.0479010848899808,0.5547357356726252,0.2791222059918932,-3.168192832866911
train,-2.811763606834688,-1.0771155907339858,-0.254273931198752,-4.104819163999389
train,-0.29062635636197853,-1.3667799215432384,0.3924816291803333,2.111178053024844
train,-0.11662229993022445,-2.3386968047002528,0.8017172567337955,3.866618172790728
train,0.3319721582616653,1.5727448502353565,0.3445911402205341,-1.010795560469697
train,0.4580312912043062,-0.626618177042673,-0.5068822309517217,1.2589491477289088
train,0.35587022080802866,-0.5556293538741202,,1.7956565862798715
train,-0.34630482922662825,0.8543186205743811,0.02896670057966596,-2.277186514916071
train,-1.1283689206332097,-0.6500061408580028,1.055028360977298,-0.3328305479189456
train,0.47336744563566635,0.3393480610654725,-0.5366376638442913,-0.17871460100297823
train,0.25839815653862713,-0.5132860580697279,0.17019048878586868,1.6849111918495079
train,,-1.347869371958995,0.5884480874140954,6.537634199341663
train,0.471817616153435,-0.22200197070302113,1.1304098758941976,2.8900677580302427
train,-1.242961161620608,-1.3464843203014045,,0.32876062302424774
train,-1.515757678172824,-0.7332926785487395,,-1.7935899859714588
train,,-1.8101355875725125,0.2830514744617186,3.021612633094602
train,0.03913070033879032,0.3011642175921214,0.4355856414007094,0.23905509869109526
train,0.25482137066160165,-1.1936424114751631,0.7848855584742883,2.9861164661608397
train,0.3024984543815664,-1.9375050987594564,,2.6116808687419324
train,-0.7666505589296945,0.2587021447803785,,-1.9535115585917027
train,,-0.7818202842298523,0.10281449485260424,-2.1104730606532414
train,0.42866587227003056,1.1794354910127984,2.087586992591754,0.9074218276866984
train,-0.6242313769883595,-0.2659117178693278,-0.1887011526812023,-0.816864935411854
train,-0.5490501632987462,1.690979795973589,-0.25768833238634004,-3.8775678247355945
train,-0.3175442315536387,0.9704211686219872,,-1.1278712951146386
train,0.8593520092294673,0.4377281344820281,0.46467367221787353,1.6931397827554044
train,1.8234064613827121,-1.9667482154491733,1.0271386908139686,7.684905904836925
train,-0.7777636329229156,2.414248445722903,0.45056006500695656,-4.745301909169743
train,-0.666395637920087,-1.3240241475233585,-0.06463657189423559,0.27250674156109306
train,,-0.2852707911325707,0.01636970220518592,-1.182886448728285
train,0.7725731159573739,0.16280357589101765,,2.168741483397233
train,,1.3559270701676847,-0.8359068522915726,-0.7379043489266315
train,,-0.4881630842733727,0.6580383506353983,1.1068478903787056
train,,1.4271480587366527,1.067397492332754,1.19294335003229
train,,0.13802595979380586,0.9808836615489827,1.8174593232839826
train,-0.08210338043482215,0.7454356515798017,0.06699620675835184,-1.2877844071816869
train,,1.6721575731632456,,-2.5748844602535064
train,-2.586298622817053,-1.050155669448526,-0.2086110700072257,-3.316397502646906
train,0.55934464872581,1.0541861742046155,0.6160903115611847,0.2875960661734991
train,-0.7374190800967865,1.105023315554816,1.785227824049704,-2.036546493378102
train,-1.4823764723892536,0.9124066055852704,,-3.978604986806785
train,,0.04462474798777726,0.07012343215960874,2.006922494123375
train,-0.5670782015124272,-0.9512296294280341,-0.9116288528065026,-0.5106773137738011
train,-0.3524831607262348,-1.170247544073037,-1.1489135945989408,0.151599603739269
train,0.5242577198581903,-1.1696670411400332,-0.08245558619953157,2.6113395766623726
train,,-1.0771156369891561,-1.4492556558130592,1.767929658660698
train,0.6374973443393183,,-1.9118730296219104,-1.2651283852414712
train,,0.2751484156843548,-0.7843425811891703,-1.3668070238254388
train,-0.8827083573506446,0.20999066622385068,,-1.6865366036393026
train,,-0.4943180858058809,-0.09296053224029129,2.379676703646588
train,-0.1659726290718742,0.40421660646083984,-1.1377792905681203,-1.8605930100245043
train,0.6695508719640443,0.04191326349175869,-0.12075867545465312,1.1900498052145085
train,0.6344361759284056,2.2259460313172212,,-2.3537184603560797
train,0.10720550093512549,-1.434157681837834,-0.5223944833950196,2.107759705464164
train,-1.2868159128913286,-0.9398596241984932,0.28605033876459546,-0.727326937408513
train,,,-0.5975187672462852,2.0039050849103837
train,0.004085467446554091,-1.154697149779728,,0.8866628716543166
train,0.44751449499829044,1.2737909282443256,0.33702685294102375,-0.7390977532275665
train,-2.315166983503045,-0.5512516331061921,-0.17475820650215526,-4.353033666487158
train,-0.6328463517711604,1.301900014748078,-1.3470247035430616,-4.507291156523028
train,-0.7174953085077037,1.0356610959904353,-0.6936023001484222,-3.5796979128220254
train,0.5060776319686247,0.7399870112319037,0.4387459408614044,0.10621354810219888
train,,-0.6418537011292903,-2.209820106667339,1.5416671819797911
train,-0.8201641721067524,1.0137993444122553,,-1.0740102171883839
train,0.28430141785588653,-0.45689094690175797,-0.9410483313740491,0.39544457424910273
train,-0.1469274722028783,-0.3017213253050604,1.4048508567515108,1.2884065557607596
train,-0.40767586431092656,0.16178739389727184,-0.22514097681127387,-1.4804089114053258
train,0.5958120622777721,1.1353559778365108,,0.4597997237072207
train,,1.7984565224972806,-0.8564743783000878,-1.1660040362569482
train,,0.034873600014878096,1.1066200327231996,-1.6563727525590588
train,-0.35042771284658275,-1.464065595973984,-0.9416986458783603,1.1371181067297131
train,,1.4458366059412244,-1.5741307520495267,-4.933539698413578
train,-1.61364195310801,-0.36922830917847155,0.16462488422651836,-2.2984700507804092
train,-0.7314308109906128,1.3663054109422845,-0.7795255825325352,-4.405377676700555
train,0.21792770886820084,-0.8358115445733306,-0.48432381663965357,1.5319168364815363
train,0.13667438947943,-0.6625993735867856,0.2671686659946091,1.0479090756134257
train,-0.6010927181577749,-0.09649560493974542,,-1.5913111959543886
train,,0.38416098995868264,0.09699506805999286,1.4078441303912281
train,0.065246736062281,-1.1604305145091645,-0.43027608958510394,1.5051199817146952
train,0.4669216060432691,0.2204900502027836,-0.959218798848353,0.4816974634441552
train,0.1556380572880695,0.542825380146659,0.2803600584908381,0.10807498492873269
train,-2.0127565714437314,-0.09989288063107996,0.8883939938788463,-3.4311158909403847
train,-0.5071639243213496,0.5882320852262284,,-2.945227532268506
train,0.3489231805254514,-1.1483963745008665,1.5573090768080553,3.7043445882100645
train,-1.7643804402491716,1.5196414094896773,-1.1730832672384541,-6.79070548902129
train,-0.24293262772552054,,0.008688972079548718,2.1341898688209966
train,,,-1.9943404660208754,-0.9477279181870168
train,,,0.2868530021022435,0.5179623808330671
train,0.24754343537540843,0.7950918277160318,,-0.9177127669893865
train,-0.28980182145371686,,1.218862940767787,1.6663275818741552
train,0.08468664379515309,0.3635648210543627,-0.6247844708160526,-0.9175952489908951
train,-0.28727959885251714,1.1252565944525288,0.7340551506769838,-2.094367080534266
train,,,-0.0711054346460901,0.6101849230526359
train,0.4600130611088258,,-1.374004988249997,-0.3186276987324984
train,,1.2146719352862605,-0.2105336362482173,0.8511556815242399
train,-0.30308607260631,-1.8305905668592475,0.6960841512117112,2.2305136371463146
train,,-0.2915730268272293,,2.2121345234048775
train,,1.0062615484467148,,1.8030720777345277
train,-1.585391688780833,-0.2091588194979262,1.917502300667156,-1.7185660819705526
train,0.3838845939811584,1.3649151531613573,0.04029427245182389,-1.505614896148386
train,-2.4126522854877255,-0.014974965437362273,0.3702310281271452,-5.040409007302271
train,0.20730260309693924,2.397099093958518,-0.17666687245187856,-3.1674368268321578
train,-0.2286519565626453,0.5473323921512936,-0.27367022261770285,-1.0485430238837394
train,-0.6060937246752753,0.14449862091793117,-0.29776064609702874,-2.1867613055898834
train,0.337304265839945,0.5281527021841511,-0.09969076519514546,-0.31018437762528894
train,-1.0027576208990334,0.8848831827538524,1.0107200377497287,-2.47720941341479
train,-0.12267266353233022,,-0.460440273546394,-1.9007026154576097
train,-1.3785120093288443,0.7086346261244582,-0.28929823967765106,-4.366214781816673
train,,-1.1216323431449635,1.5948736496859195,0.571978512141897
train,0.4327104954450082,-0.1428310717763723,-0.9049252411369489,0.3352143498558721
train,,0.48440945332562374,,2.354952043638789
train,-0.30110544787532384,0.17442828393621193,-0.7053909166781795,-1.7629716293719382
train,,1.5961244048477132,0.13134455916684395,-2.1223817595937184
train,-1.0435284965539204,,-0.10789110017344926,-2.7416124875047005
train,,1.1245301475128515,-0.7826341704500641,0.8725797173444059
train,-1.5543850022679144,0.8481991673674298,1.1924267434013607,-3.775470176385845
train,,0.09347686025918645,-1.1415864028381304,1.6070181254725444
train,0.1347783817753032,-0.046270756146249856,-0.2693886842357114,0.2059254894996329
train,0.4846243479728591,1.4453329892266784,-0.3482688483648019,-1.4399550427957972
train,0.1809428042529532,-0.22888016174415526,0.9637669183694626,1.7089625138275768
train,-0.5713361404739504,2.3805653101629294,1.4050702896082432,-3.517625839348158
train,0.13976730654032268,1.1715708727150422,-0.6841643902294884,-2.4494409202320484
train,-0.5604877104940499,1.0383004609980746,2.5122642363522414,-0.6770634057221276
train,-0.8755840557603328,-0.06846733523940242,-1.5303434849105422,-3.506081208335125
train,0.5263867113511711,-0.6256423486062824,,1.5238595218829236
train,-0.8113397546284921,-1.1780274618934192,-1.6197166943441819,-1.1599296510642096
train,-1.3522639309398365,1.0193557526457453,-0.40063710702960187,-4.723644788999426
train,-1.0817020922756109,0.4913306305527794,-1.100314465312253,-3.6484266702898682
train,-3.018802334947608,1.206783283208623,-0.20549054920259438,-7.7089920359908195
train,-1.8588437722170377,0.9075004124262546,0.7760046562641968,-4.5593681187135084
train,-1.377951916844142,1.6424902727166582,-1.9875205577158075,-6.381802196249841
train,0.014145626276287807,1.072658222465704,,-2.4757044441915266
train,-0.9246881071851628,-1.4193578571364296,2.0319244312776186,2.1360515161059266
train,-0.9325185724321876,0.30613966881224597,,-2.0542811400709358
train,-0.06677904420065728,0.06660096100209645,-1.1507324076712198,-1.4587378112476053
train,-0.9136399611373691,-0.676114464111175,-0.24500046117573773,-1.0489852005137328
train,0.42844977168735,0.6072801575979375,1.0185029833188437,0.7973731121667799
train,-1.0546548751897633,-0.4223155717325012,-0.7706341115575717,-2.096939122135383
train,-0.3523278527034535,-0.7271021918399428,-0.916130571793063,-0.8743311197597977
train,,-0.4250700001783022,-0.3975239672266125,0.04813519136896771
train,-0.39070789111683396,-0.624183576813875,-0.9733220583153265,-0.13236082059357102
train,0.11305214979816168,,1.2552537296474828,1.0153460886961376
train,,-0.2584811780919796,-0.28103434587638737,1.2342877163874593
train,0.15270352293140915,-0.04661870541009722,,0.9117220354533013
train,-1.0759138792711032,0.845665598225883,-0.548346309311501,-3.919782824377612
train,,-1.945542307672901,0.28015915620911647,6.116039465951373
train,-0.45570280573478206,-0.38252470746563244,,0.04676134159315393
train,-0.017930328768608252,-0.6007300189631548,0.27168120261305617,0.9334215652303589
train,-0.11668758552127344,0.9014804146490769,-1.392271845515692,-2.7644078096642124
train,,-0.517688331932117,0.8954003992171347,4.388087846840459
train,0.04205652824011889,-1.6115741038109048,1.9232854810457007,4.281647087203103
train,0.5144613158608757,,0.417230886870178,1.4012702005200635
train,,0.8865511709472675,-1.3513233798874635,0.3522579931364778
train,,,-0.33454608737883434,0.43240132818639054
train,,-0.22324421979777376,-0.35447738801845785,1.6260261429218261
train,-0.3970317853155579,1.7006158530741298,0.7517931707104833,-2.7919831746205106
train,-1.3123596298222324,2.2144303479683787,,-5.94070635579573
train,0.34878378502696156,2.5728001638480915,-0.36027914649659665,-3.4489846824098356
train,,,2.1426132416016688,6.8474113409342205
train,0.18742109988784875,1.245118448357639,1.481294690242509,0.023420410825234272
train,,-1.269705943239564,0.6754712351039349,3.1541402638333955
train,-0.3108064589267597,0.21473021688676114,-1.7708483294949269,-2.176374558945392
train,-1.1416891255045118,0.6078751439627476,,-2.9534020413610893
train,,0.520162080045004,-1.3336830298327678,-2.0610009994258167
train,-0.15013060118597146,0.28484624507109385,-0.671085982999729,-1.5007382821060913
train,1.7386105910515053,,1.8403454281596885,4.886603711914747
train,-0.49833884733026984,0.9662506884837754,-0.2533854660491529,-2.6623787179883815
train,,0.657505899014677,2.31772433502272,2.9211431570102637
train,-1.9002126273168007,0.4049303163412384,0.1855557929137843,-4.8610612701536615
train,-0.508999966457926,0.26504512877434955,-0.3511696860327959,-1.5146877077211274
train,-0.41610761655661005,0.0643944580729886,0.7727414440447279,-0.6197034623869714
train,,,,2.4726589239769057
train,,-1.4155914649380603,-1.8025775233722496,2.501690398111211
train,-0.23760735165445449,,-1.1938704518126149,-0.38909804011987864
train,0.26526087841407464,-0.36080072892315607,1.506381536220115,2.221134596173077
train,-1.7576055502962515,1.725791035780313,-0.677169818778596,-6.5199841426938505
train,,-0.7425117370834688,-0.7182055762412943,2.6468936973092627
train,-1.0534288838752885,0.23643397672955355,0.43279186650617724,-1.919930321635768
train,1.0643634734626233,0.9869192354339585,,1.0015583044809846
train,,-1.9704237895617274,-1.214907657379917,4.373591451111525
train,,-0.6676643920851658,,3.405461290672746
train,-1.6757648508775305,-2.07672326649401,1.4719360894123117,1.1397438114841127
train,,0.9838671895906701,-1.5855529856242043,-0.38007623972305543
train,1.0178239899950372,1.054540137868699,0.6261255105632517,0.4866096192145124
train,-0.6419918800768767,0.7573067792839586,-0.15469166141113133,-2.7848507731078387
train,0.6694810873161325,-2.2555204958422994,-0.5697029018159697,4.494074597846111
train,0.6181789905935512,0.12011813452645909,0.7114641728304608,1.5888137413135957
train,0.07822430492190352,-0.851726198664371,0.7281610686562519,2.1468749750763685
train,0.1817651044330388,-0.3498749953064068,,0.8531370658431144
train,,0.7950455471419398,-0.5018628325947645,2.9189616819689874
train,-1.5532086847870497,-0.6248002150275321,0.3396936906402464,-1.7607975558296147
train,0.655772422679244,-1.3677472528665051,-1.0089725364723934,2.6308004255788124
train,-0.028743217019134005,0.4713063741771134,-0.509766451693474,-0.9865872543212658
train,,0.979454957019992,-1.4870502619871875,1.1106611971530636
train,-0.4405712121273466,3.437747459763227,1.804168937159086,-4.742411022172497
train,,,-0.43584678647412123,-0.7870064698570641
train,,,-0.923335958487501,-0.7472680392156509
train,0.6522907775481656,-1.414463471600308,1.2793994557556092,4.728144425609875
train,-1.7263190969107851,,0.2946856776076007,-2.5062264807943615
train,-1.1045014929187567,0.33247738728636783,1.2387378537711369,-1.8857276341813054
train,0.39424665049525087,1.3343755582957342,-1.2146137390520826,-2.283303250847944
train,-0.9680932898989605,-1.3968495686178348,,0.7224021049324645
train,,,-0.5068064275951885,5.150859828161912
train,,-0.020710813376258255,-0.5224267239104338,2.6627623573111565
train,-1.2759662028763579,1.9048339629582505,,-5.9930613630063245
train,,-2.4375898510101783,,3.8213261590698693
train,-1.890972676306091,0.48483636060700963,-0.7488675315460116,-5.02576393851777
train,0.28762595613350356,-0.22318323651192087,1.0025084879436565,1.9650280297936131
train,-0.5277541944488391,-0.8513368960892673,-0.13426170547599375,0.5094445652965198
train,,,0.32694656835547503,3.661396489782448
train,-0.8472301612634164,-0.706667981572744,-1.2214975154267438,-1.4181903783164882
train,-0.8239058934633567,0.9572989544015355,,-4.256268541037562
train,-1.9747004930892231,-1.0129880478943498,0.6071479202803064,-2.001173167235835
train,,0.9104562412273138,,1.3834060820672034
train,0.42776652190824055,-1.3307074512526218,,1.6902400781131182
train,-0.44181611311671953,-0.02775600746403876,-0.14788935078910911,-0.40117315189991576
train,-1.8601641633828774,0.47327106938327007,0.3974550263504495,-4.010426689847035
train,-1.7446028940947544,-0.926214308049635,0.3364209944339771,-1.9025418505718277
train,,,-1.3265921107826615,-2.6198525060911124
train,-0.9925080125384116,0.048147321338199774,-1.5387409102464198,-3.6066991886159876
train,0.016051403346320832,1.9776637822843288,0.298388579490936,-2.9575441453617923
train,,0.3887249482288856,-0.523615848562666,0.4078304803934206
train,,0.8674704377276908,0.8087581467013214,-0.948543292493695
train,0.3910793352911894,,0.04740531430324386,1.2866236987357524
train,0.0073633453242355614,,-0.47195966815996515,-2.225281301659152
train,0.2039996875590223,-1.0522057459060696,-0.13948798196627057,1.4486559311369165
train,0.12196880678828578,-1.874548481304353,,2.7794261673824607
train,0.4327326655913658,-0.8755650379652459,-1.5504743843839182,0.8681351238842079
train,0.2411444612922727,0.5165622171285331,-0.7703153522170563,-0.5985147514544875
train,-1.730265139741616,0.38149478896981126,-0.3397171588709579,-4.273654534945167
train,0.11470518261523933,,-1.50116355945792,-1.6907060665532903
train,-0.10850649539589005,0.9263216252484642,0.8094219033605153,-1.0791795313534513
train,-1.220416626215462,0.9313069649527901,1.1593356930070529,-3.4431001291148418
train,-0.10940864003930845,0.07287695462664122,-1.289929107609833,-1.502824988059128
train,1.6662539486412786,-0.868009552103053,0.30027241145985345,5.044426571474112
train,-0.6213329110899495,0.8736916804712331,0.5481979615800316,-2.115460887932852
train,-0.3191027469210032,1.6418365201928304,0.6808813134677177,-2.672075092016219
train,-2.049911921391835,-0.6557309685928238,1.8679817655378481,-1.2849713047363103
train,-1.2351289617188446,-1.073885955111319,0.822561788642493,-0.2976052167464005
train,0.08304882207824349,,-0.8751258883192923,-0.3347340731000188
train,-0.22928864817859634,,-0.3609899650748855,-0.3424149382261543
train,-1.4395484342753688,-0.4544560150436792,,-1.2362923837066315
train,,1.220924139506447,0.9952338575243691,-0.06161578696444092
train,0.39463863170445646,-0.13140800818595122,-0.7730266941285898,-0.05552220015081988
train,0.22870060725661356,-0.08675762586148973,0.4718326509740399,0.8513032431644945
train,-0.6703066167036745,-0.41703159938357726,-0.19580771554292112,-0.6561316257895601
train,0.6224172209121839,1.1462770728371778,0.40440219363836627,-0.0355742435800466
train,-0.4976010052658697,0.3055900155559995,1.0940544953222855,-0.4281783771824307
train,-0.5410834592571222,-0.29646558365271125,-0.8053881253954636,-1.0742650849338669
train,0.02736412195806444,-1.3630399337268018,,1.5827015070198198
train,-0.18124027664489115,0.14967434695705856,0.05500026841003265,-0.23128192584781404
train,-1.4557059103480097,1.1883240117029525,0.6078304147722138,-4.02788495483997
train,-0.8467619507631454,,-1.522055022073314,-4.077699095893886
train,0.2331427781801003,,,-0.2582410860510224
train,,-0.3118838896131173,2.6458572319065685,3.994411680289593
train,0.09216838523306461,0.1948002924957335,0.04628896993951267,0.08397525068420685
train,-0.06135198961384203,0.8577731864706917,-0.14985540428706978,-1.4288333292610627
train,0.3672725060044323,0.5671565344148316,-0.3795536806202734,0.22957345330917378
train,-1.6504026047886995,0.010407201627231487,0.07109341562035391,-3.316706438992251
train,,,-0.02256438332484511,3.673386894255253
train,-0.5523384310209273,-1.0581880959261172,,-0.09632460109046084
train,0.07466623532724449,-0.9728854863997,0.103864536854419,2.204096216200245
train,-0.45518738445854096,0.29251895208143425,-1.2162729776730095,-2.5290727502936554
train,0.4144614345681586,0.6398556009614961,0.28430776474410835,0.14462237902821629
train,0.5557387998197498,-0.2912311586399388,-0.6862555196602926,1.305990196124284
train,0.24204689343095676,0.36283968418515533,0.8199754761933109,0.6180964558312302
train,-1.1494675608237355,0.6904599667209511,-0.40634302071658523,-3.8025776853173996
train,0.10785271295590353,-1.010349018452574,,1.9919645180634158
train,-2.01524996969235,1.5309974584115185,0.1673596560291289,-5.758484623449689
train,0.021495250221953498,-0.4444145277536581,0.6552478991277303,0.8910277572600611
train,-0.7103858651949492,0.9692185976529939,3.6506625809858697,0.3935919706971826
train,,1.2646857644314011,0.8583820159471722,0.9002026417800442
train,,0.562231058831079,-0.9378640070460649,0.8032237947235694
train,-0.8689899431553975,2.0757365757708146,0.849645551712045,-4.706157162244322
train,,,0.348238703873013,2.5874573908888063
train,,0.5174020296248372,-0.39546657750685427,-1.4132315413446899
train,-0.579385660714978,-0.2232753386806215,0.32302106368141836,-0.7318755797312144
train,-1.7779882615714908,0.13776387437199278,-0.6707726766773224,-4.592759193592877
train,0.09591319076181998,0.24074155558507815,2.097662617557994,1.237249821861831
train,,1.5390363957549231,-0.2204448418762612,-2.9756645811710514
train,-0.3590054439316057,0.25870574753262826,0.3997739507934951,-0.6755076240950868
train,-1.4697501020694728,0.7818832109120167,-0.8509198900931931,-4.787266414970049
train,,2.0025639258542602,-0.9671065256723795,-1.080624585482917
train,,-1.0722506312185287,0.40932127692947506,4.461980108861662
train,-0.6521486107447025,-1.6118292552241476,0.8786420786072805,1.6686148713578335
train,-1.424031346476405,-0.7959010801813017,1.8870219415079896,-0.3285243487540791
train,,-0.39960606428729145,0.05923597003846572,2.042258570634567
train,-1.4471246302364333,1.4099771922487254,0.5915153172753974,-4.480537195837967
train,-0.04318908868757289,0.9603206218369302,1.5665751037898634,-0.3999944029656751
train,-0.08547625718675848,,-0.34173672265981603,-1.0539050067573514
train,,-0.4009604829444696,0.8174154276812896,2.9737992633027206
train,-0.2873362706652929,,,1.1675000423701234
train,-0.06039844710588074,0.19301356108368545,0.46789698051535056,0.10031769565762674
train,0.25738633897470237,1.6445023626499606,-1.0076661757372873,-3.101916078967189
train,-0.8976101588666816,-0.21725874024987113,-0.9087666000813994,-1.551178855012055
train,,0.03298670424436056,0.3467379136794168,4.246436038095146
train,,-1.4515415347031109,-0.5706147632212609,4.536445879167221
train,,-0.1764000775030265,-1.6616981569482383,-1.7454913320485586
train,0.6223509086405101,1.6912615887335387,,-1.4694256786550122
train,0.045810184336919905,-0.24898279838627446,0.982450691822392,1.4903451956593972
train,,-1.4635202373000797,-0.018097643778372467,4.61108648157768
train,,-1.2457667419936973,,4.878237914381075
train,-0.2824582658577977,1.833874694101813,0.7799759316415746,-3.043392887115971
train,,1.5370141625404414,-1.3277809344715696,-0.3405362080535299
train,,-0.077059842533985,-2.2570722216996204,1.3713935200109684
train,-0.14012561236418128,-0.06770093047376458,,-1.3868696033416112
train,-0.272958470786071,0.5738232213494723,0.022158971467958633,-1.359948800881458
train,-0.23868770398537692,-1.428866679927363,-0.46061918000563024,1.1925146322019184
train,,0.9025135623582543,1.865569667095845,2.020205127094985
train,0.24663257221870197,-1.6518259382458056,0.5784346792097366,3.294690730406054
train,0.6659976997353301,0.6988281848590483,0.8175317400072858,0.1891125868245116
train,0.0980252663085777,-0.685894562217394,,2.594303143530552
train,0.3994174136658527,0.7620902989492772,-1.2045658285719147,-1.3406403887508886
train,-1.120163487695325,0.42420368694125266,0.9862400003469465,-2.10619694084336
train,-0.5033521383770293,0.8308095697220822,1.149087699522549,-1.2659215401534312
train,-0.5790712941165723,,,0.9866641001155438
train,-1.2690044319721059,-1.3086777390431743,0.5449107772630225,0.1859236717888686
train,0.6229017978358004,0.6403343915487967,-0.052278153643041246,-0.3070028512314945
train,0.11478943229210893,-0.6355951907077144,0.6464140853813429,2.167124086389699
train,-0.7249279674688662,-1.1914614490105377,-0.09001697117141355,0.8270949538510619
train,,-0.6427683867549978,1.4685044597739074,3.6920252507640963
train,0.516491659524586,0.0015269444558212494,-0.5588966407484784,0.4167157145801801
train,,1.7499445644627736,,-2.229093833123475
train,,0.21495903637863795,-0.14455348273791174,-3.7992399608802128
train,0.38066341808297044,0.13740959376978534,,1.3413865870110546
train,0.443830518945262,,,2.725040074669355
train,-1.3194385124222499,-0.3139578617962109,-0.5784249642889562,-2.620834508225643
train,,0.8096396405973162,0.6177863418997998,0.43354610827929807
train,0.6825546845020024,-0.5970264260177893,-1.0114270492153243,2.10328224201776
train,-0.0727415883669439,,1.9482753645978148,3.0024233181052558
train,-0.5055074482669971,-0.006122957794737914,-1.1589575154520828,-2.1054428711735396
train,,1.0376208967997878,0.2475034814647874,0.24588101129786277
train,-0.7212553511977862,-0.7192948469235123,0.3930379662064228,0.25909266948682896
train,0.4942505402500318,2.3798164050464305,0.15000007460130804,-3.0867756419736776
train,-0.3992280392895801,0.7575690227962408,0.5672061146415427,-1.6146665653491197
train,,-0.7324183406299049,-2.2297905815023906,1.5559490162645782
train,-1.2459475934996074,-0.5174200305102558,1.1780528070092096,-0.8643642101986077
train,-1.1701376388231124,-1.5406431052487828,0.5718479714549963,0.017841903215490784
train,,-0.29456172665530833,1.9529125844110522,5.224194101234942
train,0.636645033251036,-1.4339638360276503,-2.159550908251893,1.902823096475793
train,,0.8236706431090259,0.20383531762938703,0.8624266353105814
train,0.0489195590300568,,-0.4664244077059989,-1.025604676626861
train,0.5151664616858108,-1.4791195551767398,0.013215013267555836,2.948266795393588
train,-0.2496597613092651,0.4434953084416892,0.38450799097514865,-1.0272453422777783
train,,1.5560869289012411,1.003581200573959,1.2132456768226985
train,-0.655569488704172,0.0964689345913286,0.9034809852951091,-0.31175209347243626
train,-0.9274197152380329,0.8203667864732951,,-3.104972121276427
train,-0.20615249367235328,-0.22678993886009688,,-0.558383771703185
train,-2.0314414426019254,-0.2043805175466287,1.997286265312288,-2.1606906990660075
train,0.6423444077795086,-0.2477698829741093,-0.5333857052423089,1.003404432124198
train,-0.18269604743088502,-0.2743367030452849,0.18879565143363145,0.8507727991925191
train,-0.5251812698454422,0.7721344582418802,0.12897303856915335,-2.872061819037047
train,-1.1782324568105442,0.7026158168073672,,-3.657819257656577
train,-0.5871207602935162,0.11634053980383187,,-0.1968529889507762
train,0.19391698345340125,-0.7186477310010955,,1.570565157896278
train,,0.8354872679893022,0.014735793959531424,0.5315744053026767
train,,-0.39287859227689825,1.3876909473976167,3.4959252209339553
train,-1.6308606522173237,0.8451172672993577,-0.71032426358572,-4.6422615906909686
train,0.6439929774029194,-0.0031857450521565888,0.8531447001485085,2.2581270734016403
train,-0.4941236891848501,,0.4881880740567555,-0.8977833386804376
train,0.42360872774734337,-0.47731153241087326,,1.7497717236688133
train,-0.1841071201700136,-0.1984556655437708,,1.0611566908129595
train,,0.8628966721405468,0.5674188905447933,0.9847085263463103
train,,-1.2312872835154802,-0.006462476729466464,3.786891044917837
train,-0.5934078412111266,0.6773096085430135,0.28996190080997225,-2.1465704812543565
train,0.226322177952135,0.3862619635983456,0.5089095769973817,-0.11460073133459753
train,-0.07404145466606857,0.005820568442473485,0.5607409810184896,0.20504534249750397
train,,,,6.57059785965592
train,-0.9259531110840388,0.11127517999195888,-0.18815465131472003,-2.183882936581395
train,-0.3147607475931639,-0.03892939295102651,0.06471617232881725,-0.10818212049869874
train,1.0136280248047254,,-0.8256803311406061,2.6866593786159743
train,0.1301498249577419,0.7734012624362359,0.27853839242978157,-0.7162615083690698
train,,-2.25516558921965,2.4926067510510705,2.7451465545180533
train,,1.019299890211968,0.9937651003257786,1.6626824219827154
train,,,,-1.8897442480723203
train,-0.6542925279176022,-1.846631236374854,0.3803346753388382,1.9862914385327666
train,-0.003447919011053589,-0.0245749020994048,-1.0377628604311442,-1.2216709055124755
train,,0.24136839836766455,-1.1182549832519924,1.6725181800821078
train,-1.1681745610591179,1.5811622181097722,-0.9026236606561037,-5.483662228309151
train,0.263362633353427,,-0.164839244111453,0.2813608506264341
train,-1.2447884167815388,,0.2495057314264402,-4.550755031070763
train,-0.7397905484293241,1.2990443662883844,,-3.9427999202090476
train,0.46034690459548044,0.4090544057868475,-0.5818352251578186,-0.24268815638758356
train,-1.5115802468846247,-0.059705293759214975,-0.4608820395873395,-3.3676071042701197
train,-0.05234071148824397,-0.6544170212889898,-0.19506615508326686,1.0466419166117058
train,,0.2958383925595497,-0.17560579251374628,-1.062413235613337
train,,-1.607976624089679,-1.4702685452040452,1.8561029263991093
train,-0.9370194114899981,-0.8114097865101217,0.3329836998846187,-0.5050318162740636
train,-0.413611082782644,-0.6544331087879662,0.1750297454366786,0.22339946362320393
train,0.36741858539483224,,0.39926539200956856,2.210846334377825
train,-0.49538852568820874,0.8645484168687859,0.7620726489737455,-1.4187292367168833
train,-0.8368139137152828,0.24389323223141648,,-1.2117761294084493
train,-0.03391721539100728,0.9914027677385819,0.06293802726952441,-1.5603973603776349
train,0.6714913956876127,-0.9105639402531186,0.14039438795569914,2.7321865789373634
train,,0.26723562014561425,-1.5665167933215374,1.3824552469275107
train,0.33185902912995385,-0.45358630325682686,-1.7374743770245553,-0.5617721873001745
train,,0.6473406430275828,0.34254018535289854,3.5871082010246886
train,0.26656782155358133,,0.5578006189484453,0.19110860664506954
train,-0.7113568022629712,-1.592583366827297,0.14905489868654168,0.6512998788915139
train,-0.5426536155663053,-0.24202279451333597,0.8854024623573612,-0.3135135736822663
train,-0.23869296145517813,2.1564489711706445,-1.231207835297656,-5.544595995597198
train,-1.0561910462104287,2.011518913054268,1.3942347442901406,-3.995172584225635
train,-1.2575061430427006,0.5642494675666084,1.5893127508446152,-1.7388078672449971
train,-0.3993306662663796,0.6419776778848246,-2.143042344196728,-3.2093735751341947
train,0.5030886409538887,0.7047272676521308,0.2847265623301257,0.26455654833036607
train,,-0.1434127761794001,-2.2325945908493927,-3.695262000128069
train,-0.11411786121356435,0.6950303199335314,0.21736343722271276,-0.4912701735127444
train,,,-0.3642879591064461,4.641012619245976
train,-0.20960764940807225,0.22738119778047103,-0.4123585776711147,-0.7599313670305745
train,,-1.5120837004652188,0.7342986467230757,6.5145515628396575
train,0.4032928542207762,1.0950604036028848,-0.6057999078624113,-1.0793053633450667
train,-1.2871001309802212,-2.060463644250031,-0.04222862408126177,0.31021752578399014
train,-1.207444128712078,-0.08691125104185145,,-2.6673516376916093
train,-1.3639372032590948,-0.5839182586257611,,-1.5229556970670566
train,-0.09032422451765468,,-1.6559654603253984,1.037452543368739
train,,1.973252589292148,-1.1247979334707725,-4.3597074733321906
train,-0.7834162321038011,0.4910958841969692,0.26971427451392693,-2.1762290283215475
train,,0.17480920844429176,-0.07774564364987199,1.3500610089188168
train,-0.2982875725421201,-0.1488136816950371,0.9684841782237124,0.598681656667004
train,-1.0960872933391441,-0.8374233736419233,0.533569547468558,-0.8547267086796537
train,-0.9383920958419505,-0.14758665630284268,0.4801516848163007,-1.1639783805203952
train,-1.2916438719002497,0.4041442135572383,-0.9181661809434789,-2.7667732042743887
train,-1.3389435961957903,2.440466290176447,,-6.041639058330923
train,-1.1005913824847022,1.3844447158156001,-0.8312412712573586,-4.848555875641903
train,,0.5566448639293422,-1.2636833758901445,0.124026857679327
train,-0.07139753018307982,1.0611103908276187,,-1.0633547419104905
train,0.37444822294004987,,0.8831955997800163,1.1912036304520028
train,-1.6688570380540488,0.3850532725140826,,-4.492213774347349
train,0.2697344583587517,-0.1265662732756352,-0.9055755620089567,-0.2516145096659788
train,-0.5690032850159563,-1.039588920840954,,0.29916452231407137
train,0.025449719214229855,-1.1177476757695597,,1.7774856032840554
train,0.4826157407381268,,0.4384777280006958,3.211724756071799
train,0.39359631217923274,0.9628353433462802,0.5786084502261785,0.17681695365327726
train,,1.039709044959105,0.21723699828301113,-1.0976138893983898
train,,-0.2960866286344123,0.6530411820983064,2.8178103774371897
train,,-1.6267482521020626,1.272545970002506,6.322947384931765
train,,-0.8934654813493276,0.07068740382118266,3.8620072306221536
train,-1.3579868745447647,0.6585594046466045,-2.10713948855482,-5.976866898184348
train,,,0.542715578572682,0.759009117064129
train,-0.014379242180287544,0.9830580941173149,-0.10200111223282031,-1.7032376552286974
train,,0.0010626889737426067,,3.201577099999024
train,,-0.663310972355941,-1.8212572657766355,2.142522301436518
train,-0.9717658929614322,0.30720871623160145,0.9326496010963652,-2.8562502336742828
train,-2.2835669838257977,-0.42583346481904133,,-1.6407290709671354
train,-0.5169402787824547,-1.2612793941029299,0.12611672747507705,1.2642448025897033
train,-0.14686251140702158,-1.4820467244055278,0.25097165750621353,2.088006576311708
train,0.666122802063972,-0.005540114650240948,-0.08587533494466673,0.9577271241305649
train,,,-1.0454738204616894,0.9740423367063074
train,-0.8550790290886657,-1.8957294403905727,-1.085769379099887,0.28323380360456435
train,,1.0297271346610897,-0.6652340492215816,-0.3311633026367208
train,-0.44766803788456705,-0.5355706816447904,0.8692681389004097,0.3033529566674476
train,0.35228808282343005,0.3397198731562429,-2.043108940637079,-1.4591828806188634
train,0.19669463581085334,-1.542524665980525,-1.6408462401559498,1.113314886032288
train,-1.2230396020518628,0.5019533529691473,1.439554306251495,-2.0020102973236114
train,-0.5576614923077733,-2.2314431842179934,2.2451814599360516,4.04997174751407
train,-0.8990912369847567,1.2520744318226271,1.6133890553458412,-1.9914128872564703
train,-1.7376642436497702,-0.9373634528162167,-0.04335861697047414,-1.9594701872058347
train,,0.3624846899885992,0.7988659539031387,2.1511799783463847
train,-2.265876156522536,,0.6233514638194081,-6.384293645238272
train,,-0.2583085340417934,-1.891184484524819,-1.7378204089139717
train,0.025971039432495433,-0.14161016734101817,0.9815759380122144,1.6559371356335095
train,0.26271186573469957,2.1204869594097073,0.9362696109832018,-1.8559660829147784
train,-1.27208626578315,-0.0024145954487786113,-0.010680154085707433,-2.5998444578436386
train,-1.1586959190565893,,-0.2215877277274026,-0.5578446784303572
train,-0.2852541363406635,-0.8244315900280274,-0.2527132688184258,0.5715950101492607
train,,0.32865957265918877,-1.4302708674838516,0.6198617982005089
train,-0.5412891503095659,-1.0410549921153438,0.6747471633625624,1.088339352936446
train,-1.7978544935520602,-1.2666715103756576,-0.8261736332664075,-2.1947263241290504
train,,-0.6935029173010592,-2.025297419026126,0.743196086351767
train,-0.8734922558194086,-1.051419754179092,,0.6288877908547754
train,0.0719456157664689,0.741998769674,0.2625644830163944,-0.6273425213818222
train,0.001456891296513418,,0.4457681972034461,0.3080223210682136
train,0.6999579550928291,-1.628394685809703,0.6551663731397523,4.671810390179633
train,-0.8413017793111852,1.4568333097987192,-0.6769200863905815,-3.6411695283811025
train,-1.8464708685324693,0.060843077472633,-0.5991260342649879,-4.284057731739154
train,-1.7214749249833943,0.8004812760652014,-0.35437331757548357,-4.800958782587717
train,-1.6855550241573032,2.872952965652605,0.7116560588232322,-6.978898874444387
train,-2.160131690409926,-1.182855896967368,1.138591290283741,-1.7133747610501764
train,-1.309279738443404,,0.8914572141378685,-1.4184711690808085
train,,-0.6232383525672056,1.4902768342266588,3.322552920945196
train,-0.24938980848734138,,0.44546270640988017,0.6651135201307778
train,,2.0496909733961686,0.33646577295280705,-0.187094678254356
train,-2.9910484695494746,,0.9674541155284034,-6.440436306245229
train,0.2136898978451567,0.7657189588799677,,-0.6011547685916216
train,-0.9021213673842737,-0.6612625375555082,-0.906754410352787,-1.4523287838966825
train,,-0.12660791946780112,-0.9426488523583714,3.3388609115552916
train,-0.1153083295865607,-0.33465401240160425,1.5620121172938681,1.2627007385189946
train,,-0.41687858436375913,-0.03533893119665502,2.7888202761209397
train,0.538209911174265,0.15973367254171475,,0.4749132197266655
train,0.5382631108495417,-0.9162257654341845,-0.9706623727693936,2.0036687101790447
train,-0.5935744563186064,-0.5826678486999269,0.6828756319083386,0.39388360386388654
train,0.6655061150602611,-2.3908040797056325,-1.0422926489797835,4.0516307769042115
train,-0.2161601406862096,-0.458999549255711,0.1904461285786332,0.7478365791728139
train,0.5661203505401022,0.5010391908104366,,-0.3630698076586832
train,0.19541760452996149,,-0.46239096309909994,-1.584793715066055
train,-0.6150456920537426,0.3966089616553954,-2.135593088513901,-3.747133759340179
train,-0.8149843670938137,-0.45151457980998716,-0.08898522457315707,-0.8288400412256611
train,-0.735281509955655,-0.043121009750950484,-0.1752451000002527,-1.581763923978984
train,-1.4025762094080105,-1.129764356691199,0.025212876769585127,-1.4749406553319113
train,-0.9466506605217565,-0.3112335704278887,0.10236708929380282,-1.7307340367140531
train,-1.893606220214822,-0.5789963742802721,-1.6565941301213898,-4.024057146338144
train,-0.17641249561876157,2.3393784407405107,0.02740518992837746,-3.9548897026808594
train,0.46274763493511284,-0.3931153827977689,1.6327999936401436,2.5311918290669904
train,,,-1.4750511063545109,1.5943244241421746
train,,1.8063870087589238,-0.20567092067357945,-4.869537211319596
train,0.5423539638158504,-0.8694967653343036,,2.994788161044292
train,,-0.8901790864897124,-1.5245400193396683,-2.8856583040858412
train,,0.20969626101144825,0.3876776764418356,2.895076730678093
train,0.6947562194030623,-0.5704558345302564,,1.081355122365149
train,0.1853307803781518,0.4713069751014367,0.0761976783054054,-0.6207332989301344
train,-1.7754924656030688,0.26016700419907596,0.20581551741383936,-3.855457106898468
train,,0.5315350912164704,-0.04642446384333284,-1.3872310490104018
train,,0.443853850158511,0.40962940522721,2.1229259632518733
train,-2.4095232062164373,-2.1734324974835832,-0.1985096485529807,-1.7178752376425512
train,0.15567223379862483,-0.5845490378364209,1.5683156913082335,1.9597043298462267
train,-1.5154718458890777,,-0.16113868981092677,-3.055431329275363
train,0.9002775412009729,0.3316526006806657,0.4631546587475769,1.460833983980257
train,0.001034020417677015,0.3988227669796595,-0.5877225932551299,-0.8427684152125691
train,-0.6108121991963613,-0.0914048671931049,0.7298459201447157,-0.31100634890893664
train,0.5181946589704709,,0.40329083882587663,3.8651728739252786
train,0.031846169337606,-0.454698271384449,0.6424189980182674,1.0757186942316757
train,,-1.282631992216055,-0.36431176141453386,3.331220586365104
train,0.36946107236115405,1.1994446225229078,1.7209603021106898,0.22852913873717207
train,0.16607126693803217,,0.5928629180236521,-1.6448098120593901
train,-0.09825711709300121,0.1184904764113946,0.4852353836458728,0.2336874791451198
train,0.24815893927701102,0.4984177825361395,-0.05651046484594439,-0.18122485523886414
train,,-2.394500545193513,,6.418934077356154
train,-0.28474559537365585,-0.4952731433625205,-0.49825157292863625,-0.12917296954931684
train,-1.0049605348672572,-1.329323611910803,0.7669563011989958,0.5276194492750682
train,-0.8542067470169058,-0.8263339198418236,-0.4861066852436639,-0.643216829113427
train,-0.004566491003444132,-0.17365964915054538,-0.5014351756908006,-0.15029485304500742
train,0.6586157491468712,1.1909182354477135,-0.19306637401464802,-0.8847213759741894
train,,0.9835524976677361,-0.37862609598531083,-0.5307026899618874
train,-0.276900531792391,1.2447193854875156,-1.5819353534950096,-3.6035382189752694
train,0.7396382842167447,-0.016315091326428912,1.8844468909474852,3.1426093858364896
train,-1.4643103340039418,-0.6140929404530386,0.07070280850912371,-1.911856307456043
train,-0.35944233673124776,0.5204849297012687,,-0.6660069145338956
train,-0.49560345240552717,0.17366885847311128,0.24620101030518446,-0.8785251111539178
train,0.1593390709267668,0.25468758563019367,-0.33684995365524195,-0.17314196006822244
train,-0.24360748176557506,-2.1391307177623387,-0.13912242247599454,2.860099192587418
train,-1.463434117404257,-1.8882025733144334,-0.18469910685684104,-0.17509276162109222
train,0.048597990443060415,0.14719227830787293,-1.7856777577998055,-1.7911767326738375
train,-1.2116706066171725,,-1.477485729936944,-3.8877429192434985
train,0.6156673420539053,1.1552206951092225,0.6393293220104947,0.23483208088834917
train,,0.2802417893950565,,1.040750839250432
train,-1.0071763369660558,,-0.07767702987718263,-1.5944946354201992
train,,1.6476609652436078,,1.099544199940567
train,,-0.21960785878762157,0.6515458718074706,2.8850093340267446
train,,1.3183794621312228,-0.12921378065916578,0.551917428271155
train,-1.432981362574347,-0.6827200891283917,-0.20654838599365785,-2.0723006215956388
train,0.44573416850210895,1.6087758110197286,1.9590313596689275,-0.18858271656332973
train,,-0.5603969651459441,-0.39716560970442494,2.8394798032942625
train,-2.6459448199399187,0.7463898200225159,1.3655246733120645,-4.6381397267158775
train,,0.2540155761327322,-0.5703908676372929,-3.4092920012684313
train,0.30857273440895455,-1.6042572310351277,1.012674367513392,3.81073964785694
train,-1.1922783364751155,0.8961847938999697,0.08524892974874365,-2.942375377892473
train,0.2878772399755108,0.23753762128833003,0.3297992672384677,0.8256660459284371
train,-0.7812136009580165,-0.5487504872115213,-0.3824592865537685,-0.9984390595849227
train,0.10387326828867503,-1.2839975257650909,,2.974909757439686
train,0.034717095808661266,0.7685079793763584,,-0.6340265019094533
train,-1.138394538695798,,0.6529116428492354,0.0006633956650737849
train,,1.410673161044535,0.616030099905257,1.059741875266499
train,-0.1634312129771198,-0.11389044214886829,0.08627775265454497,0.2715760018718039
train,,-0.9391065430739933,-0.30188645718207674,4.186325915867125
train,,0.13581826558466484,-0.6809462388693418,0.7417162544164886
train,0.5282312242585617,-1.7204441607461949,-0.13336253811205293,2.9526685151730394
train,,-0.6135784869084085,0.7410768802352999,3.406483716563539
train,1.2387227234117182,-0.7240181767967817,,4.921408910020598
train,-0.9776322924175278,-0.20795524437487875,1.309355044908654,-0.591060197312964
train,-1.7341612890341662,0.0652432973923421,1.7563175673717886,-2.376150970886765
train,,1.7632589512326655,-0.45469007298051806,-0.6123024667548167
train,-1.3812601384007566,-0.14378058342271963,-0.7128791244299286,-3.4760995118652707
train,-0.5552341517828422,0.9971430165882498,-0.5361000452329362,-2.458222653102178
train,0.496969853433006,,0.6387123051851089,-0.5551804915032907
train,-0.5038349634385577,,0.4750174614798938,-1.9319757269680466
train,-0.5959336058999677,-0.6472178253632848,0.5901301217338608,0.31074884433881994
train,,,0.33151017852499265,3.718242780613691
train,0.06128267904667734,-2.4350220302528087,1.16990195598336,4.645631027746486
train,0.06866551958703143,-0.9298895279111149,-0.7982864202345991,0.5549782850738296
train,2.9913442232010348,0.3109928616038881,0.05551264893395825,5.551354877730395
train,0.259960450555578,-0.3036341375173337,1.6690831535429171,2.2526737108966777
train,-0.1620383430000782,-0.26609535962685504,-0.8434605466777991,-1.0294592453815041
train,,0.35624377882227526,0.831750750037526,-0.9834173369627253
train,,2.312293332922791,0.9995062577442652,2.3558813954840763
train,,0.7857792599928629,-0.19222185355535823,-0.2844322240176716
train,-1.7394636347002672,-0.12567255791977264,0.6017932622069568,-2.3912005884631697
train,,-0.3563630013393777,0.18501092328630958,1.7881355973961273
train,-0.28270239396229796,0.9219194633499894,,-2.565426578306286
train,,-0.614020729729362,-0.005372976689770628,3.066777268672768
train,0.28012793846783113,0.5287768873158017,1.5517313969106938,1.1348764713518877
train,-0.04722223239941443,-1.0114498695692926,,1.4298938727532868
train,0.38044095441060855,,-1.074794942425482,0.0005599846829071053
train,,0.7520610251361002,0.630674215375272,2.0458755060870093
train,0.4935088575743948,-0.5405880701213033,-1.14791388040314,1.0126681060783636
train,-0.3613134662436638,1.0594739988458495,-0.34979718282559497,-2.3668464983528885
train,-0.6074003169101917,0.4638271407527748,-1.0381620744510514,-2.639848340793706
train,,0.761589484280872,-2.09070759694117,-1.0275922676937002
train,,-0.6908539850901594,,2.4846709221339833
train,-0.9785475167193236,-1.252319875044498,-0.3455433330315729,-0.23994984200991282
train,,-0.6403943272309376,-1.7835275725237525,1.3534657398394523
train,0.5192022610623621,-0.8317842922336773,0.7925478600314629,3.0431729723877616
train,,1.6458571540170515,1.1908236386948536,1.6626354664597855
train,-0.9109465134905916,-0.5690719343914848,2.298972766993679,0.9080224086534373
train,-0.6283604442741239,-0.8466299835549332,-0.8967603691464989,-0.8482505175351203
train,,0.7678789046475721,-0.1669783761765126,0.22609026038363111
train,-0.3755921351722814,,1.1440243667438048,-0.8165586289042669
train,-0.6095586968488305,0.5286804287214207,0.37809214815621667,-1.276528119143029
train,,0.03899676354327259,-1.272508894329349,2.360660609895892
train,,-0.6302067894650959,-0.6855127550695868,2.609404816871172
train,-0.8009104828743988,-0.10172382671395766,1.3155993991278903,0.2629904988505448
train,0.6226169780682426,0.44614032593005326,0.5660507680444326,0.8846777423859982
train,0.36962508896470775,0.9801278022798647,0.2729534406244685,-0.2450160153063774
train,-0.9143116853126475,1.7647681452209176,-0.48225584105214403,-5.128707276248022
train,0.5720982393843076,-0.7035123018690381,2.7224341983781333,4.385391955218206
train,-0.11678572327279299,-0.3919826895564798,,0.8893872275983484
train,0.6312052485599968,0.24996485806975524,-1.1379323067277547,0.3518332310134117
train,,-0.6825598646293877,-0.8989195690422861,1.6474572350269798
train,-0.41270251334238406,0.10093086809483269,0.3112868547018762,-0.7753285895154389
train,1.0665085617214343,0.05158673391578273,-0.5432192102338697,1.8281218192416993
train,-0.275818726555105,0.09943344436600832,0.541511126236029,-0.17954933992263733
train,,-1.3037030433939758,0.15091605672741598,5.09800929533871
train,-1.0097393698925976,0.7241237295554185,0.12144081596542199,-2.656218255255591
train,-0.18848196655579932,-0.790562754984302,0.5227292222017569,1.0541917535042928
train,,-0.7585037626598342,-1.6118235413537105,-2.023079841717043
train,,0.7200769211123758,0.06704107068377525,0.8669058142269819
train,,0.8748324858318353,2.388637985343723,3.4056381064870984
train,,,-0.1265096775479546,-2.4915832567556286
train,0.1461859979654099,0.244374758729582,-0.25870003431685545,0.19708488942054164
train,0.6667636643637047,-0.641159029665687,1.1198298994533598,2.6605304574437256
train,0.35455603413813935,0.7257770919613011,-0.7923917422548491,-0.8826008334348784
train,,1.0944389440899271,-0.4681919898211139,0.10280574505347517
train,,-0.31413463707401257,0.5330490473749075,3.6389239837757317
train,0.15075367238898407,1.2044688069380218,-1.439674710505519,-3.038244310696799
train,,-0.6571804674812532,-1.0012007388363242,6.126515187683813
train,-1.9969562915345969,-0.28656871213012547,-0.8978344134536766,-4.404389464970207
train,1.350185253542937,0.5352002968932097,0.536434794187422,2.326209347799688
train,0.07710037111760866,,0.09873751234676241,0.19950186898726593
train,-0.2657077161379992,,0.465190261151246,-0.8575909010218038
train,0.4727492592655822,-1.1431902951404727,0.14896567332547248,2.834264382404608
train,0.6086625077903512,0.3662404369515166,0.7581134373440284,1.0941613851359597
train,,0.2902064193044281,1.046660169197947,-0.3261701500996913
train,0.15418171644846512,-0.3550399796850181,0.4026510840202062,1.4199625253788117
train,,1.3012538348208145,-0.2962175605374004,0.23365691711973086
train,-2.146700288560322,-1.8015039650730007,1.6692631252785863,0.04598647736523154
train,,,0.33453353804571395,2.1668789466915643
train,-0.18638314929829353,1.6259098038170907,-0.2194066870877185,-3.0991927098101377
train,,1.3149773471201032,-0.8205289058847736,-2.4269202200023945
train,0.03340920721006598,,1.074868260159798,0.6767100671121558
train,,-0.5644277857855226,0.599754678124382,0.29723135048297933
train,-0.5550937822648616,0.6032961748560585,,-2.7468081731802076
train,,-0.08539330614318671,-0.29798131996614907,2.3178078667202566
train,-1.3331828887793988,,0.01926085529168073,-3.9820911041041676
train,-1.892812278759211,-0.2698685088684246,0.5829652642655988,-2.9639692163248066
train,,0.2318917077946891,-1.6243723532833474,-3.123189566550967
train,0.042168942911405535,0.7870356765226723,-0.045311649481011275,-1.3841474395966886
train,-0.07931198635450837,0.821354321720064,0.13419985251403505,-1.5814375365967552
train,0.49387665154153665,-0.4415698434038192,1.2177165643516283,2.4647547034416264
train,0.6726762598052818,-2.614475167538909,0.7849561625457974,6.055048052636981
train,,,0.9064130565483165,3.734089012629474
train,,-1.1755267845092836,-0.26580117977337936,1.781957660976249
train,,1.9033376285391947,1.2835234249702259,0.1553451776337133
train,,,1.832344990742077,4.228741329140768
train,-0.2733787063675928,0.2425606925057868,-0.08952545773312717,-1.1089332440582527
train,,1.288283639626892,0.5913117534802971,-3.3403264967307913
train,-0.34534376078276074,-1.6674917907107878,0.3971650308741129,2.16621708775062
train,0.6678745989084076,-0.5609883976934229,-0.459778019701993,1.6805246732631685
train,-0.6790095917923759,-1.9856296518139196,0.7030919831844723,2.0628887311131305
train,,2.29034179258952,-0.04650103764134955,-2.748469198410212
train,,1.5105732442903383,-0.0560054252971339,-1.851089389884135
train,0.47294193450153343,0.6304700705648675,0.4862337361463978,0.6813922118008169
train,-0.2603656279828781,0.12429727362429137,0.9607429936198473,-0.2389618663113134
train,,,-1.0641458109688704,4.1753205583983855
train,-0.8854748692402659,-0.26786755891382635,0.5862724373024775,-0.5162370369851417
train,-0.5384044912127257,-0.5644286710440208,0.3251763038269929,0.028359740075183996
train,,-0.12624591509150507,,4.495322052404928
train,,-0.3267777941147658,-2.083068238333683,0.5716870969358734
train,-0.7501143886218243,0.23861111375340147,-0.15572442212575877,-2.009799179235677
train,0.6636089536217626,-1.0109628557242591,0.9704531628852661,3.0201040395471024
train,-2.2705999519577698,-1.7243539929327243,-1.4127791668971033,-3.146136305921799
train,-0.9582571377538004,1.3401387094885893,-0.03018980365185811,-3.8277301688486927
train,0.5741384798144133,,,-0.48270383605965606
train,0.3721845180375925,1.8665535878334998,,-1.393517040141478
train,0.5391299644030814,0.17578642393153268,0.6454975546893651,1.1902278278324452
train,,1.0749232240048259,-1.8223360077015447,-0.5281839117946274
train,,0.27299958238056937,,1.1992651835717913
train,,-0.516425919656576,-0.07684041033485677,-1.0224205029645677
train,,-2.4272901095413544,-1.02159868011975,4.183885802662315
train,0.6277289021111365,1.8578290829812698,-0.3028197517138234,-1.4024389210884167
train,-0.2870874472359262,,,-0.9662152784191309
train,,1.2153773830374268,0.28717675848768814,0.4770432201614551
train,,-0.8039652894460539,-0.3344378562948877,0.025182476248481495
train,-1.2336712707611046,0.29974166758695897,-0.4944885181808127,-3.459106185241696
train,0.5216372774480048,0.22433108690279896,1.4454171807242318,1.7032998318048058
train,,-1.659898007452534,0.02314978303483133,4.281034768580079
train,0.19913095530782815,-1.109668813292236,-0.6096272298361186,2.1292629993183008
train,-1.1419554915542847,,-2.439246046985704,-3.497114377383083
train,,-0.2492544745363085,0.8528557582949762,2.9908383465542476
train,-0.2314554434696803,0.2456233413677217,-0.4492902280473364,-0.9110748019146614
train,-0.5341219246116304,-1.0507951175904158,0.5726558766442424,0.43735542725436527
train,-0.4290054107459288,,-1.2620613250856874,-0.2406354568715009
train,-1.0583709420376002,-0.09738896108590087,1.7128680632801536,-0.2192310428245588
train,,-2.041981495785707,,1.5529164353419325
train,-0.14042020686252502,,0.3072282938256291,-1.0609989801731532
train,-0.021041266040340657,0.08475038285260544,1.701614260165296,1.8436704929693364
train,-1.2406249446774968,-0.14659206216322535,-0.5653144117084844,-2.5565261961328343
train,0.13816036676993965,-1.1943847644029146,-0.5329187260155607,1.9374677104200582
train,0.5559187477661541,-1.811563685924863,-0.5751091177693112,3.2695023652366206
train,,-0.04754998394880369,,0.3962494403309598
train,,0.4536186264976006,1.7081239190442987,2.3168314740281257
train,-0.2590114315873854,1.1983722729571264,0.2644456842784933,-2.195536594674614
train,0.024057197570202752,-0.4752177693865314,-0.2297716793981023,0.584977670889276
train,,-1.5957272003679965,-0.4908562788854576,5.485360070508412
train,0.5335743391609907,0.8323983867567094,1.4347371604824153,1.0325081219453265
train,,0.6904640933944955,0.8590050462391412,2.285997202673284
train,,-1.816025991972183,0.28260685964315296,4.949726959630968
train,-0.5163553673057635,-0.34096644139716803,1.2436723032238939,0.8882312271521529
train,-1.9326086482992888,-0.32066579762398967,1.488419006891637,-2.112251294639911
train,,1.0335423136107702,-0.07601079025915443,0.8361877262793231
train,-1.0137224422209878,0.7829150055213053,-0.776489991234075,-3.5193480282207195
train,-1.5301808767597727,-0.16462892050736733,0.2538814916703044,-2.3687288032240152
train,,-1.8096451107052505,0.22825426131627655,4.967094313856129
train,-0.08502981205963346,,1.5016946444029668,0.3888855631148431
train,0.0026012326408960187,-0.9762909927914329,1.3228966518845597,2.874922125420043
train,-1.5811051654337849,0.35655403759365206,0.9780635764287082,-3.209663918339704
train,,-1.270942382988961,0.22079758951252884,3.44410134349956
train,-0.12286781487777115,-0.6883048845734306,,0.9522394348989895
train,-1.3206774987486796,-1.4544150273488763,-1.0826469260055964,-0.9124868355124605
train,0.22746563281610135,0.7626071259200611,0.15280708413926988,-0.22360691721443354
train,-0.5713322870998387,0.748225072903494,,-1.347722018608233
train,-1.7411891688775185,-1.3624099852332259,-1.6665243099147,-2.529857838746232
train,,-2.309248714942869,0.1467511454934054,2.9562478955895997
train,-1.2788882562173542,-2.118315153381965,1.1158617224686025,1.5418205096418878
train,,0.8537892616842793,-0.03173044416668949,-3.3041578654352355
train,-0.5841296867430017,0.2356454919578039,0.9217545985310882,-1.407966490354645
train,,,0.9081627738314934,3.978395425326618
train,-0.5924292699447172,-1.4973293151209897,0.16073430149795823,1.6348207475969025
train,,,0.014228404668995324,2.3473037867910147
train,-1.3680390977391461,-0.2124971994030712,-0.3670339374146384,-2.3639107909320227
train,,-1.0138014263796065,0.1324666121599602,4.566932563111507
train,0.22790979947619816,-1.5434739090018044,,2.3748453823694895
train,-0.3686059273428351,,-0.3922147154578849,-2.2979135977889444
train,0.4736882169616251,-0.031152137896138715,1.6487237316320362,2.070806115975904
train,,2.570024926741383,-0.48065637972253694,-2.167518011177689
train,0.32744595384394976,,1.0373041662080644,5.590641792645167
train,-0.229738913575696,0.13333205433565834,-0.17696633739342624,-1.236070940298293
train,-0.4136603790120194,-1.467972047423558,,1.538584932296942
train,0.6883056282841796,-0.5412681576752174,,0.9489584685696163
train,,0.29115921546406476,-0.3956917372181293,3.154772581227816
train,-0.5831722393019516,-0.46965605968783425,0.0900455696616065,-0.4018118389114693
train,-0.512340857710906,1.244571233932991,-1.0917088321036004,-3.3209793242940417
train,,-0.41561111771700643,1.0533439406021512,2.647685863818346
train,-0.5098843612387807,0.7475113465009111,-0.3423477722514608,-2.373379326893475
train,,0.17837022233684663,0.40796561670210824,0.20493593078985178
train,0.22536592237091027,0.2253262151203489,0.22746967326994957,0.4144093240266752
train,-1.6595150376397954,-0.17565838444315957,,-2.658846949603786
train,,-0.5982933899091946,-1.030872874911227,3.2921313368856158
train,,0.10752176179565695,-0.27429345780146985,1.669805665321496
train,-0.43479215825810785,0.8595453902523806,-1.013429591794334,-2.813195456883229
train,-0.23485466901509194,-0.7498043349622501,-0.3919802030529692,0.5435228354744758
train,-0.11535868537166515,-0.15883390469930558,-1.1752190268606286,-0.836587533968044
train,-0.24239067669850758,-0.8158342531709571,-0.786578870771545,0.33137779839815973
train,0.652522048096112,0.737885750164832,-0.49764249416060574,-0.17545741152956737
train,-1.7180062258266715,-0.6596868126636909,0.1413341203945222,-2.334557186986364
train,0.08263150611357477,,0.32301409897405814,0.1267053268077731
train,-0.12353772503303836,,0.26019982267812447,1.7383680907787298
train,,1.5447377528086912,-0.8824546551461219,-1.3443416638867622
train,,,-0.34421618052978387,3.0203860006196046
train,-0.19571469561961508,2.0529977641999557,0.45787961860933035,-3.3900130404455755
train,-0.978467539008942,-0.746694957728494,,-0.5288043690755744
train,,0.827988865543291,1.213029631913846,0.9345506545434784
train,-0.7850275121155451,-0.348640747649687,-2.213926313372934,-2.850201219846165
train,-1.37718922333645,0.9387634579273214,-1.5644123303791804,-5.660720487468172
train,,0.5730774584127449,-1.8420209796476883,0.8668608934699371
train,0.20344248171750826,0.6094972800421088,1.2286325848325703,0.9964213540757495
train,,-0.5822410404893479,-0.670884128990431,2.756620531232966
train,-0.6450091702965217,-0.9374954493873046,-0.08163438527628152,0.3353551995083749
train,0.30142710683978413,,-0.11483234974162335,0.9747303283641966
train,-0.7153127255511951,-0.5991281217904818,-1.359737970598981,-1.6901768648598003
train,,-1.3311105201461477,0.6459006555086378,5.995498867321628
train,0.2862383294129498,0.06704780401263617,-1.3825152536136793,-0.3518076996866328
train,0.2965751501123022,1.5793087960535797,1.1144561471113743,-1.3386492100518272
train,0.23480156285575868,-0.29450851113278315,1.030241336400312,1.510899707241032
train,,0.7164584890348403,0.8404511329626246,-0.9037138432967994
train,-0.9130456955495172,0.6131306702236674,,-3.2466751732253307
train,-1.0846196890288498,-1.0272808803993416,-0.7042147958152327,-1.293488950791597
train,1.1434996487490234,-1.269382997880899,-0.34150131267146877,3.7490241813436667
train,0.8215807706863575,0.1014739098944583,-1.2440624919944463,0.5183840808167202
train,0.4801717601099898,0.9380101835574808,-1.5960425369911102,-1.0629614619282322
train,,0.07395322194314212,,1.9051901065010308
train,,-0.7406203569226594,-1.032646981427009,3.449586138002926
train,,,,1.7559447685077465
train,0.5800015493771529,0.031381355203073294,2.4430615487885006,3.437787778992591
train,0.06827586393305331,-0.584641918765833,1.1758820268299883,2.1418039330228695
train,-0.8746603329604818,0.7627639191374722,-0.412242990381785,-3.188244807554291
train,,-1.1530467064551417,-1.7184321901359998,2.407649795492481
train,0.631019383226161,1.380937933491125,1.5973133769095949,0.18072405098038485
train,,0.20642070846910773,-0.17540417666791686,1.3254468517628122
train,-0.2637426718456288,,-1.2054564874308267,-1.07536586556272
train,-0.8204111012873444,1.7845022446811698,2.0859448391701108,-3.172655983676182
train,,0.1988596080919371,-0.18993730189599553,1.1922628682501413
train,0.08296177367671888,0.9493685063274703,0.6626754502037098,-0.9080274523285558
train,-0.5133005002382145,1.7983933156512326,0.3109806397192474,-3.2486898009157406
train,,-1.5484069877511517,0.5595778197224045,4.789168950367492
train,-1.2443457759508916,-0.2683582424420457,-0.2899888478391761,-2.7512124197603987
train,-0.5994585540063011,0.3626073935850443,0.3182212111139627,-1.4641320699031302
train,-0.11111016375371599,-1.534499480891672,-0.5381937792614608,1.8301261828673407
train,-0.9595620533129594,-0.13197274582390997,-0.4176152580485862,-1.9801282096344666
train,-0.7174729051348363,0.27727370805673907,-1.2012753194985377,-2.889757999459447
train,-0.1082263858264924,-0.5686167878882953,0.7490168787729895,1.2015878358765795
train,-1.5279069859567658,-0.2025708937430084,-0.027101204329389957,-3.0383144302998053
train,-0.1623548890615191,-1.700057459137136,-0.09763375859224195,2.2571846388836
train,0.053622356374982236,,1.3286762013293225,0.4231320662096619
train,0.6148654722690412,-0.4600455244138174,0.26895058711137726,2.1103038818530915
train,0.13817269740467125,2.0295412263243726,-0.8232527836827529,-3.524630547724427
train,,-0.6679427639425145,0.13953339838740636,3.630928254632168
train,-0.7202204208586894,-0.6394621082161517,-1.2918986570553983,-1.3684269899595893
train,-1.008489521409572,-0.818578536723453,0.4914700997316901,0.0733384175399826
train,0.24510790911593702,0.45642928426079477,,0.7652517165080374
train,-0.5714264807614953,-1.3839376569834474,-0.9234421015377303,-0.3078074818401716
train,-1.0412489164129395,0.8151584677289522,-0.40259102873245045,-3.9510607634966024
train,,0.1933466582611559,,0.11073904628897566
train,-0.6531384689599655,0.10137262238410742,-0.7155536082461942,-2.212858769637495
train,-0.68081137951837,-0.09594149581932228,0.19197201708766518,-0.8689138539222839
train,0.16617261815399328,1.31619465537799,0.6257407758544092,-1.2885825078902213
train,-1.4528829700190222,0.9396814154376595,2.027358124647693,-2.478087507007685
train,-1.591186825779163,0.8267370217403811,-0.1974529169656707,-4.578270078602486
train,0.212007620252116,0.9201896584046705,,0.06096444697123976
train,,-0.48140404018032623,0.01861562177373028,3.9445584777217118
train,-0.6043548068076643,1.763773352723367,0.4558855099927752,-3.460696779302464
train,-0.15928762791218873,-1.9743317950297188,-0.5212233856758689,1.841982705063039
train,-1.108453285714598,,0.06393452713664287,0.005947991884014792
train,0.572553944765696,0.2892651052136448,1.9139594255973251,2.739428476789845
train,0.1531191254180291,1.8700707703361203,-0.9618078002646636,-3.9684509049301475
train,-1.4678226413416682,,0.46165882551080845,-5.077769787162553
train,-0.5230038520843054,3.049105230230262,-0.7220844486686238,-5.778656624285427
train,0.270996622447619,0.5766653065419732,,0.367793004876031
train,-1.0266880564087264,0.5123754826585869,-0.6521077565794152,-3.538931495713249
train,-0.8227746995308142,1.5030366045892665,0.03636827365818094,-4.088434079373858
train,-0.6557213930814014,1.1771260418392222,-0.7850449272264122,-3.856259126005447
train,0.17018354351288772,-1.4214497796631869,0.06481626337458382,2.3407051842306594
train,0.5486633506218777,-1.2218883379670926,-0.0679656773530927,2.5586204895005933
train,-0.4368612431498106,1.166406474587447,0.6553926938759261,-2.117540476216767
train,-1.0263954687143357,-0.03248142666617426,0.5973377485182957,-1.3029790095855271
train,,,0.8324372080961064,2.158861432059874
train,0.1421491279970228,-0.7974623965887199,2.066396026031508,3.021295881912625
train,,0.03216070328305151,-0.5507123398152544,1.9839986031277486
train,,,,-1.3096837402430785
train,-0.27020196386407014,0.764122112529752,-1.3215552531358628,-2.70415329976228
train,-3.232313194247342,1.4125062916530244,0.022814255601704757,-8.751926668484753
train,-0.34506458663782785,-0.11557120070644965,2.0024921041011874,1.037260869371522
train,-0.12467902722846837,-0.29321888455053546,0.5114172071963876,0.6686667278003149
train,-0.4421169050574162,-0.016321156473949442,-2.2020178303223235,-2.41045897263129
train,,-0.41639752662562124,,3.245813654483497
train,0.6664439138121679,-0.5029764913144981,0.25179333068089826,2.0121149175115276
train,-1.0231018519955049,-0.6635458288270013,1.2658168913995755,0.025396135443683646
train,0.10949261700932367,1.006194907204582,0.5116256523631759,-1.4019077048448962
train,,,0.185470093918219,4.054328029463254
train,-1.1666099463997355,-1.9697478037324023,,-0.4579188488228312
train,-1.8598968802089964,-0.2915136514883378,,-3.518047360517273
train,,1.4212033275783704,-0.4135832162416585,0.029733099245984454
train,-1.3077352673669456,-0.2268391509792203,0.26711070027189393,-2.3109132911807544
train,-1.2196259842943913,,-0.35579974471056053,-1.7960532390294162
train,-0.04982223406436408,-0.89906934700261,0.6117174067930155,1.9341699973700506
train,,-1.7054817154422253,,4.748291562821076
train,0.3352759430930666,-1.2551441803394687,0.795338111408711,3.8427215973238056
train,,1.8447915070511212,0.7802478690405096,-3.2685792799746065
train,0.26644353023774947,0.7087949000197491,-0.25780212155461957,-0.6659821002432624
train,-0.22867145740385228,1.5019942463735407,0.6401885531313793,-2.27976177085806
train,-1.3245300958497237,-0.5971637028234718,,-2.1884697601186596
train,,-1.7585786912574621,,4.457745371643871
train,,,0.47801934393838125,0.5584514684850163
train,-0.2827695633567295,-0.4981139204293391,-0.6614868390229378,-0.6846305823442389
train,0.01357713429967708,0.23649231773803853,0.633849209546561,-0.33597985603585184
train,-0.1839800051210669,,-0.0754854661710943,-3.300085821099855
train,-0.2647852977217263,1.0819057275951744,0.28319951795645465,-2.1679731293376867
train,,-1.7932353027514825,,4.248224752215372
train,0.09600323862002948,-0.12897832595662753,0.6448588334604557,0.7589983392281874
train,,-0.6492488591823274,0.48002326162343534,3.8552177094482993
train,-2.494903101851575,1.7538958520749817,-1.7687599300961638,-9.07123297781033
train,0.16084320679265054,0.1053323934285081,-0.6532617796272557,-0.4535853301351199
train,,,0.9732359676183681,1.9729893224337056
train,,-0.5031488993016552,-0.30708311819786777,4.074929404241947
train,,,-0.35883640063884714,0.42799653006253036
train,-0.4520596526855824,-0.9167274806251602,0.26348377046311583,0.7705150078468296
train,1.4919794215548743,0.24164270259514511,-0.3228495769075804,2.0268657198912368
train,-0.219905625554715,,-0.033308730399493586,-2.55803267226292
train,-1.203295310173237,0.9682462745389193,0.9332035334216929,-3.0885748282670606
train,0.5777090013276485,-1.4065850485505513,-0.8919737170674285,2.7923317561052317
train,,-1.413959867936095,,4.39002196240074
train,-2.112411058849817,-0.4770120360445603,-0.3382475877647502,-3.6343752460549315
train,-0.6782444099708589,0.3883908723382303,1.919705360682172,0.11186355063026077
train,-0.05796809470237253,1.5237992053106384,,-1.906676050633555
train,-2.288419488425217,,0.35434503427150893,-5.082997478053935
train,-1.1125150958280738,0.4695606079316099,-1.210223185642949,-4.381821356144193
train,0.26110736360038994,0.6566152286897635,,-0.8787590327009457
train,,-0.12175883650638034,2.7519828510203475,2.5280048597117735
train,1.3180115490789683,1.3830504642573984,0.7141824142551543,1.1265746719702527
train,-0.019174616859183202,,,-2.3098914902522245
train,,0.5121896312077171,0.06862561691029653,1.8710128284738614
train,0.13214077814148847,,1.5322905487579264,-0.0586422919032312
train,,0.35050838827446346,-0.6579974660029649,0.9808114923257453
train,-0.8084874893714393,1.1053098301021662,1.8256876046723785,-1.848398089942608
train,-0.6134640400704154,-2.139690697826019,-0.2321960326083274,1.56948885238631
train,0.003000165889573278,1.1503285171460078,-0.9272826732404696,-2.0089056400429612
train,-1.3134514473390884,,1.6492436533475934,0.5730330803853486
train,0.5454654415292821,,0.334522062913316,3.8336595339538553
train,,1.3366746499272644,0.16067853186430117,0.4730293639522467
train,-0.5093745107758406,,-0.31185065911152515,-1.593591541754587
train,0.0001850747069006692,0.26125480389620387,0.5771812240444923,-0.1975849191609763
train,0.11554630154793878,2.578820046634112,0.14142193400491926,-3.410996783941446
train,-0.5767263514885187,0.36013069851201773,-0.08615329732659853,-1.4986622052801222
train,-0.037401763619330834,-0.9878198258974328,-0.420734156502162,0.8393385724493613
train,,0.7127750090535911,-0.6650612531297323,0.23636103168657357
train,,0.9708247521733679,-0.8382528834657862,-0.5558005402483395
train,,1.2185649067861277,-1.6219841479038153,-1.9593803203014417
train,-1.739247454043647,-1.0664509641973494,-2.1281017034947856,-3.6967963245363173
train,1.196014429756317,-0.5359844401016083,0.7831891683756019,4.141743199048523
train,-0.43963971347141195,-1.4152954752272415,0.11133304226186451,1.3028924290032662
train,,-0.42210715174147734,0.18576412914780646,2.756131133582113
train,,-0.2808542827259289,-0.6756681482833682,3.8803470440548113
train,-0.07146691317623405,1.7076838732507307,-0.2049861229872098,-2.85184058854248
train,,-0.4585680641255257,2.3487637952586553,2.110763678831668
train,0.5942880349633103,-0.6744426601575741,,2.3981559456410166
train,0.017399695054384514,-0.8522232746196994,,0.8372658372252795
train,-0.8980962706544601,,,-1.1383376075678786
train,0.42718996763560824,1.0782863177019264,0.29380598855797435,-0.16021764144546669
train,,0.877459533963998,-0.23647924541428866,0.14585887230326058
train,-0.17987687116122922,0.8219358734472336,-0.06112232095934394,-1.0841415149541795
train,-1.4222850209262563,0.7108718420655791,-0.06519781827085717,-4.1928670483997905
train,0.3380416228546937,-0.04713445026665668,1.7418545516103305,2.2240998040019537
train,-0.47156889215910475,-0.5947521520893101,-0.7201635736106053,-1.1051273150778118
train,,-0.3170915668538526,-1.1429065753209908,-1.8033905909995775
train,,-0.3702553663277196,-0.10412447144074113,-1.9403773548444703
train,,0.3475659644353405,1.50229825417155,2.3895229011435135
train,-0.9143587942036033,0.15802883754325248,1.1392630170458578,-1.53110995348702
train,-0.9983437670478933,-0.695468215876227,-0.6654116792156529,-1.9013549330283674
train,0.3377356487839013,0.5514204657817033,-0.3652815473850827,-1.0044052412115063
train,,-0.38810219748322544,0.27249722856127745,4.652205054921369
train,-0.7600350915271913,-0.5435127782978547,-0.015081295940479206,-0.03677944796446997
train,0.5826809157654654,0.35286412912528564,0.12049588507666271,0.8168481351547374
train,,-0.6306773861340993,0.6518128644841807,2.18499067470976
train,,-0.5298396430983562,-0.3915637756382622,2.543608052321217
train,0.13556452042583472,0.7341777238812573,-0.9542020673233098,-1.8280442677996944
train,-0.5895630473039268,-0.4163211240794553,,-2.6882098690327942
train,-0.7483947516651657,0.641282482791545,-0.34907363576996736,-2.7685299174116555
train,-0.5601857897703282,0.3517387447994918,,-3.357632071617841
train,,1.089427616907658,0.47019892399773716,-3.3007635859444155
train,0.34139365811528916,,-0.21625171928882345,2.448088859742417
train,,-0.43776119832883004,-0.5308719984368417,1.9194550147448144
train,-1.7976272455984346,0.35659179526548207,0.926763379869621,-3.043940664220714
train,-0.26041279245299975,1.562235314502248,-1.7660631435016476,-4.160932157580752
train,,,-1.1431467011490473,2.745952441372708
train,0.5702144166344191,-0.7953593664849171,,2.721783967168683
train,,0.6242496011065708,1.9425958165152823,5.425628842353826
train,-0.057232121331214476,0.15012828046722684,1.43356432218945,1.045505389544088
train,-0.10061911160364928,-2.2080667148775426,1.3454287083845535,4.668793633471814
train,0.025732886266938638,-1.835757081420841,0.597861115541163,3.22171192911425
train,0.19890545871924376,,0.5173417841365783,-1.4230870005438556
train,,1.146388601900377,,0.8045467914385986
train,-1.0624990326895767,0.4857483268702371,0.8121701468451015,-1.8898547098172516
train,-0.11992969387101912,-1.091386751195642,-0.9338075490335712,0.6696514959080733
train,-1.8851667747598455,1.3662741965944447,0.9059495845706591,-4.773999039276148
train,-1.2296975402707853,-1.7795911467456593,0.5947502707560476,1.0008880261772428
train,-0.16189947280704867,-0.32291996901993547,-1.3826426266296101,-0.7861307532053948
train,,-0.3238339625903622,-0.6977916018648115,2.6703292691081733
train,-0.3818849492841761,0.6399276312264223,-0.9418490353261254,-2.702350918090987
train,,-0.04575726175303746,0.5972351905417516,3.721317061079603
train,-1.5450358489602942,-0.2784762876520731,,-2.0611359424928017
train,-1.1959617631675845,0.16979108410510094,0.1581983078776606,-2.2136709818550786
train,0.5310415556489603,0.5373921787200091,,0.07133692453285594
train,-1.5444100836808852,-2.194657613316072,0.08054771217226447,0.23253261069343623
train,-1.8842196895873868,-0.460326420599455,-0.8326601139553786,-3.7106385945589264
train,,0.456727682704431,1.6472130392850983,-2.915682439920169
train,,-0.8313982546857045,-0.018867049312238583,6.025790221688816
train,-0.8421199088632569,0.3523020972320342,1.4054644591062555,-1.0754917713667034
train,-0.7844406584227664,-0.38078317344768464,-0.5732151720014869,-1.4143965359013257
train,,-1.1356462298432854,-0.1200958642335168,4.106096177486531
train,-0.9315461964531961,-2.8876493790004987,0.1875296013212845,2.3952665625114937
train,0.055246282705103324,-2.1108859464184633,0.6203938116086447,3.9826187662413726
train,-0.8891745011567412,-0.5811692001942658,1.1723145900370973,0.06514427037809227
train,-0.5757062399182299,,,-5.590453729396577
train,-1.0346525832376336,0.8620962776410781,-3.12095043951328,-6.339258516742906
train,0.5108499853389692,0.557182833744653,-0.02379536051015696,0.09548433162155627
train,-0.23549605272880839,-0.9767588768922746,-1.233814676107737,-0.014062095901017677
train,-1.197446349374622,0.4046366378193221,-1.62226336111546,-4.253477424389586
train,-0.6336918775587078,0.12222072052937002,-0.03205837623756968,-1.329686997404493
train,-0.551792884753627,0.5253245463850726,-0.4790870520969998,-2.0293549289765656
train,,-0.6371241270892666,,1.6602698979617907
train,,0.676172720572249,0.3207892348650327,-2.7946489061374185
train,,-1.2215152420877016,0.5600161505100754,6.458233907523479
train,-0.6572091228484828,2.6450000315993956,-1.4088298537487172,-6.603611187247709
train,,-0.4160870816206111,0.247490869536792,3.497579456983921
train,0.9698674926335773,-1.4952215074839676,0.20257330840499488,4.649643274016883
train,-0.23841058678687446,1.142296138361518,-0.3325854955068123,-3.0230918919974683
train,,1.0349071144089257,0.25707660234521873,0.4072625304487327
train,,-0.8119961751361062,-0.3425309699248223,2.896823588679741
train,-1.8664506599588393,0.15043299781300257,,-4.866986451332276
train,-1.290825548136429,0.05108485614991796,0.14703193308581838,-2.9627133800710697
train,,-0.9030165884136722,1.540621988028212,5.5968778086754885
train,,1.119010734355557,1.5231547098848497,0.9186099703083147
train,-0.6190234735997331,0.16834257048476026,0.010328278277890592,-1.6537756975526703
train,0.03379250251029862,0.7614922233201369,2.030613876880639,0.7205438031648961
train,-0.5034787364013711,1.0398998560277972,-0.39082671396040275,-3.1235949077202942
train,-0.7007298279840606,-1.0148631952171785,-0.6930357332172481,0.08313001176957358
train,,0.013025260957004533,0.4481676003755313,-0.9138272687630532
train,,-0.18910045978229514,1.217179511337327,3.883475192963077
train,,-0.5263319879633488,-0.005975246541143971,0.4747755282545716
train,,-0.879466231834942,-1.4743077988940039,1.5794428001952439
train,0.5242223016687024,0.9923739829485174,0.08319553520044384,-0.19636980532606724
train,-0.039603187919931705,,-0.7920452768713995,-2.52548096221619
train,,-0.016100228879760547,,-2.289745032299901
train,-0.7239998837770399,,0.6269044634878639,-2.858107753861515
train,0.118524153488366,0.5744706612083365,0.7047514790253108,0.17954660258919372
train,-1.8149604677348046,-0.9731362239584966,2.851949345114561,0.5578429027261698
train,0.45016227097800365,-0.19668664878940184,0.19036761388975398,1.435749777571281
train,-0.7835236987005151,0.16850878421804907,-1.1688124288977286,-2.678360310224094
train,-0.9143703165317459,-1.883736723264926,-0.44800349934124506,0.7504763965495456
train,,0.45637160177111996,,1.1658567976951542
train,-0.20598486978007147,-0.06861782801201852,1.1926617272710986,1.042020070644422
train,-0.7085008637604296,0.5127082583983049,0.0916985355846471,-1.600609292449736
train,-0.2773244720110451,0.2783788099100367,,-1.0626034409464333
train,,,-0.5122160272605831,0.30387748993412933
train,,0.30309803514452405,-1.3990159384615004,1.6141211573713705
train,-0.5773231945423631,-0.11016567672173139,0.06800536539994886,-1.1049133752344675
train,,0.18686519829631432,1.0635514601265998,0.264159492314447
train,-0.006185167784416584,-0.6675221789059629,0.18812577528421556,1.007834842115912
train,,0.6411817152391117,0.5717848878117544,1.319445000752353
train,,0.6753664364224371,-0.029106041347003155,-1.7055795200558126
train,,0.169108175482071,,1.736765817480874
train,-1.4804066480344833,-0.7214235506645713,0.1793697837999231,-1.6396748836706887
train,0.12973106138915855,-0.7715490202399717,-1.027148664930538,0.047436279148381444
train,-1.4041897180965577,,0.5878960161608086,-2.651355206805572
train,,0.06528449038436249,0.0591917287366307,3.2305539877274834
train,-1.203881192429387,-0.08329746363703845,-1.492680951656586,-3.042882908959854
train,-0.49839909519228603,-2.0171844164923667,-0.958984081584379,1.2170698582638368
train,-1.9020727900582428,1.4914457002957813,0.03562871707294292,-6.405907073095053
train,-0.08407198250797925,-0.6623548842433261,-1.4577385654195951,-0.34242479440695794
train,-0.2796728742676844,-1.0285309121479616,-1.1150567516246226,0.2818774846439427
train,0.1922634892806734,-0.35489554749454283,-0.255227421590446,0.48370140581503773
train,0.5105364555570977,,-0.4685838225611274,-1.4696863462716871
train,,1.2715517391610605,2.1566724562575055,1.5423607208088557
train,0.39909558760091124,-0.6271457985708546,-1.9992926748235809,-0.1518095216979417
train,-1.6520429801278416,0.42724154138867754,-1.2928910074690818,-4.766126969681979
train,-0.3712688541059109,-0.547898139894563,-0.13493452760013258,-0.195036370800319
train,,-1.312939954358437,0.21397547536725922,3.845595771237294
train,-0.5371218643788311,-1.1725071732299344,2.0283884255032087,2.6488731977168
train,-0.40035195677558866,-1.891347032311946,-0.056054679198261,1.495768771152421
train,0.08681988413134901,0.5123288319117691,0.6355431458673001,-0.00898805210426891
train,,-0.9671145039548567,1.1590463206346115,3.846323006146934
train,-0.1417319568904953,,,-0.361542843233269
train,-0.3982241227172939,0.5605815342164208,-0.12024433208922562,-1.4042893559933418
train,0.3222690382093413,-0.5119111524369709,-1.185329883663158,0.31008627917679465
train,-0.22754532070218658,-1.237504596214404,-0.9452358819703596,0.6889686977562771
train,-0.44943862920323724,-0.413749192878928,,-0.08531976990901925
train,-0.29499753430184583,-0.24675640713925945,-0.3949330854369494,-0.328616654707794
train,,0.46609844359312197,-0.8468693962311241,1.0722166655502308
train,-0.06396017989782461,-0.019941016100505617,,0.6169210443328249
train,-1.1657430144688432,1.078180079986793,,-4.905914704860427
train,-0.20812741927072512,1.0640301486168176,0.1972822708594559,-2.129127241357917
train,,1.4883338050448636,-0.752699620990139,-1.0158919659281014
train,-0.2070907674049614,-0.5900700909341413,0.5621187289311669,0.9594025720896675
train,0.14944839401935475,0.055889314661820254,1.0866858855528747,0.8988195453693748
train,-0.7130452466110897,1.1248211853964818,-0.925092947871613,-3.814774216677802
train,-0.15980037445481485,-0.8928414703384905,0.6060105527709645,1.0344862060716384
train,,-0.2860060331133917,0.3794075800227259,3.9072498597061918
train,,,1.2870919822310027,7.266985398571518
train,,0.9271739783508275,1.2083090881791037,1.040299510706006
train,,0.9448908115620094,-1.045451837307789,1.5027228884623443
train,-0.9222612887638136,,-0.1450765122801139,-3.4861274001476543
train,-0.3687691470300192,0.936784378671859,0.783318932498315,-1.1660958700788826
train,-0.577603811757328,,-0.25337283307062886,-3.34227933130105
train,-0.11921825299602633,-0.4650042777882524,-1.1697309499804938,-0.8536179031421671
train,-0.5352756115770066,-0.5669135902887341,-0.4500873596055737,-0.5876273262613407
train,-0.019448498439469174,-0.7141228093019422,0.17359298526303732,1.3766981756407621
train,1.395527376968568,0.19072550535518845,0.29270319402173967,3.210199629579885
train,-0.7525635892677085,1.0673151932992837,0.048117113160929294,-3.138625309020138
train,-0.3612610532209335,-0.1420057346080395,0.28319846956347816,-0.17681099132181863
train,,0.7806969468021067,,2.4740725103533023
train,,,,0.20880082683781082
train,0.5598163309756824,0.7307536215866892,,0.4724769207462233
train,,-0.3339469794596286,0.8231482770178724,2.7587911525246107
train,-0.9668112327677182,-0.23747331204849767,-0.9283505783039248,-2.4477162436688067
train,-0.7249590825795698,0.2535719979062935,,-1.7465816610380942
train,-0.19398848843037164,-0.16547101310489357,1.3468798124289825,0.3139372508654402
train,,,0.06372726233744172,0.47985352225463096
train,0.33368049805763617,-1.652293661225256,-1.1067432815893554,2.2361220967086743
train,,0.17720843558016924,-1.690703077562162,-0.025576243620298506
train,0.44860257931793046,-0.14083616582651975,-2.2084134028310256,-0.6307989068253312
train,,0.2650220108505628,-0.7610037578031161,-1.5185271175565869
train,0.002149921024221005,0.5956315958482077,1.181658651589995,-0.0945081008471162
train,-0.8636268574311913,0.986072489993048,-0.06459939911951192,-3.0709189896521725
train,,-0.6719408696261904,0.8335905703083767,2.2129274017388383
train,,,-1.8527513988524662,5.571732254419867
train,0.4448562703281874,1.5540141302649946,-1.2172090501067077,-2.3605212729711877
train,,-0.9822018781539206,1.036862832152383,4.028691419279585
train,-1.370361031915473,0.6698763804263218,-0.012541732187897453,-3.7125758198427783
train,,-0.1459379783358281,0.5475338821701198,3.2454377748579084
train,-0.08820090363198817,0.45866780850543976,-0.4591483286589327,-1.309615407290972
train,0.41794871075471357,0.16802531957428005,0.27095891040894465,0.8972974605274145
train,,0.30635235628950175,-2.4733212601404833,1.2320951583175797
train,-0.9303595529748496,0.4782229027908082,1.1025210049894887,-1.8941722417497568
train,,1.4044383007151093,,1.2502803961029412
train,0.46012739778270756,-0.03503984920247345,-0.9996686920674195,0.5146384855472189
train,-0.6165694411572352,0.2517497554826338,-1.5825195772032696,-3.0236191969274007
train,,0.017874306317467007,-0.19477848802965286,2.1367815421345617
train,-0.34423441273115174,,-0.5545523545924129,-2.079953429205525
train,0.2671606187308286,-0.4776174556254361,,0.051763696814617344
train,-0.5655379634566441,-0.763399919884114,-0.8606822289835673,-0.34510478930727734
train,0.019185818171617106,-1.24718315725863,0.07174284008202923,2.1172526164986123
train,-0.42181325434908506,0.7723541270084754,-0.18450545460209605,-2.1995111782883576
train,,-1.2308470644685527,0.8715860798845995,5.254150435719499
train,,1.2604155933862968,-0.3056410436037441,-0.9129036666789592
train,-0.6511862208709521,-1.1876464980469499,0.25731482790505067,0.19981884923227
train,-0.9550467282724914,-1.8159701864300934,2.164648498628972,2.0040822406998524
train,-0.4606328325328305,-0.8412772948896933,1.6031786976317737,1.581449357287512
train,-0.8605941094717482,-0.05261291856455325,-0.10408371457259602,-1.8702612732599968
train,-1.2841486806386742,0.7105924057397752,,-2.6319212262523988
train,-0.7841325482244612,2.2489024667263884,,-6.046480186262715
train,-0.08533614278027211,-0.7118105478992938,0.30861261431098114,0.7996683761009675
train,-0.6714571803841165,-0.5438434431313356,1.1585197226244326,0.3416632024169804
train,0.083596697873462,-0.4787683998174307,-2.625018816906078,-1.7271919971211787
train,-1.1875237321788685,1.437931272643046,0.5306470134563741,-4.148538771508798
train,-0.8229982355683325,-0.25630488401625223,0.920353966449637,-0.7761016635568345
train,,-0.7578304163649727,,2.3609978671036598
train,0.3268817581857689,0.7723698767926938,-1.1851926609009047,-1.7575022454640679
train,,-0.11209451961913929,-0.6801261515448872,1.837000234265866
train,-0.2186161706592519,-1.1682119952289136,1.367316902552623,2.9845424879381004
train,-1.91148922214005,1.3689936958468782,0.2459881673257037,-5.4635847487404385
train,,0.2723220072962758,-3.834397654667455,-4.034691638195657
train,0.4292933407872016,-0.6750529688288108,1.1862833107669806,2.5740967525283653
train,,2.290497971282036,1.3274166913562573,1.49336763312118
train,-0.40841318529205006,1.3215245326858285,1.4020592945691752,-2.0925317459397963
train,-0.8249537217583981,-0.7183632118687416,,-1.4775358123572642
train,0.6630295910439965,2.249768277105928,-0.7702433784587234,-3.0648476944124936
train,0.03516607215717776,0.20299062755371586,-0.34835574777007483,-0.3042918328579747
train,-0.07045070231983322,-0.3825592392317145,-0.8866710470811917,-0.5817822071978602
train,0.15495360791026438,0.16993078226425323,-1.8321539346318403,-1.6742844882733878
train,0.06952927719909537,-0.7210558010242563,,1.5992267508374594
train,-0.5676013039074949,,0.40575038522396095,-1.7779427085282833
train,,,0.07793112774319962,1.0200164146152695
train,0.0903053562044234,-0.19012738594658424,1.8030485683227315,1.8458589482845236
train,,0.6072835319711019,0.4145187035536342,2.3548761805175964
train,-0.9264584679367687,0.9387708289811459,,-2.5766092283587625
train,,,0.5016721163433537,1.2326140648998483
train,-1.802208766731422,1.6297971017616655,-0.31318235893376734,-6.4148504331797795
train,0.23384010274069694,0.03128315623566638,-0.5887862575173479,0.3696930392054777
train,-0.34188860198602344,0.3067324011369672,-0.21869306189119914,-1.1173015828972679
train,,-0.06628243090779654,0.2352681803673576,2.0491464080064565
train,-0.8662824857808138,-0.014379871993791928,0.7959239119015625,-1.1435782471236517
train,-0.6054740539505257,0.9114258941949386,-0.963629646043541,-3.408963297048973
train,0.024862130206359138,,1.5723200312968024,1.4353877426780897
train,-1.593434462804585,2.2228818927353675,-0.0987977304361173,-6.362188803992876
train,-1.2548032017114727,0.511313952476016,0.3137259658331266,-2.9974587547803293
train,,0.7212816687711646,0.33381954934614866,2.7036518085229404
train,,0.5433461999948094,-1.919988253307008,0.25889005817673505
train,,,-0.4458262346865168,0.002133613478534746
train,0.3922499510978787,-0.17497037642903937,-0.24298800378743,0.9891793266008759
train,-1.1624448546732042,-1.6140388779811619,-0.5373475077789501,-0.20679105614932858
train,,,1.6473955882359548,2.0954381401711495
train,0.020973698959704468,0.2110986122899013,0.7106910418586555,0.5514580609327777
train,,0.5233265840223023,,-1.4151648222543391
train,,1.1855080717447617,,-0.33618385157507524
train,-0.7353240509224976,-0.4599050363209146,0.21968391250302166,-0.40382476405282824
train,,1.1345487199580926,0.5359080669483233,0.5129388563996897
train,0.36240297980750846,-0.14565875595797442,-0.4944102243626184,0.5864458506042324
train,-0.46441254770555246,-0.6544604173495587,-1.055156633424077,-0.381155590177571
train,-0.36859761598565316,,,1.7212663941108453
train,-0.24399621333325117,-1.5154395186611693,0.07831171685218351,1.5729348628117732
train,0.19200907829211197,-1.3253121142135953,-1.9771293044617297,0.5135345787519456
train,,1.6564743953745984,0.07153767176041295,0.08073651729106424
train,-0.07260666467709702,0.67048739457955,-1.510273881135267,-2.414410269250213
train,-0.7855123125479249,,0.9332782019502004,-0.8123772155257059
train,-1.2872393806723645,-0.38645954157679413,-1.6833563247808982,-3.472311552705323
train,-1.0610701956440614,-2.823277793500873,-1.52911921605856,1.0051854727432907
train,1.0117041080750806,0.6805084460586887,-0.5212234283129837,0.7079082549777156
train,,-0.06251825823008415,,2.1722314718298943
train,,0.4291015015329154,-2.218583632894497,-2.6502240323099726
train,-0.6085008843456828,-0.4691431216325057,-0.5976729838487701,-1.3109817200204779
train,-0.5184239994672267,0.09993122535235721,-0.912649493420173,-1.6090319844244123
train,0.2087721858382268,-0.4834847253293004,,1.2307170022447502
train,,-0.26425226357676074,-2.2250499966503408,-4.287889029314602
train,-1.5680200539108138,,,0.39479535373505054
train,-0.18063465387904729,1.5448336171266763,-0.30146262502117566,-2.9447493133481006
train,-0.16681202991935554,1.350954312369515,0.5173986888607778,-2.237144271272123
train,-0.11301776729391036,0.42212937832690883,-0.48132654452299495,-1.0355607815993908
train,-1.428462993304116,-0.06851097465361428,-0.8541340476960869,-3.549203830556301
train,0.40722053587156837,-1.7730901045330845,-0.9225013874010248,2.3972895457215895
train,0.5479646754229165,0.1914645771606527,1.4032856796737045,1.9595146824534848
train,,-0.8238599881797801,0.5150804343766443,3.702905151031203
train,,0.08143877818433064,,2.6320100371233783
train,,-0.5059318599363829,0.33079177585985664,3.1921307158032124
train,,-0.2444310447230422,1.1515489439054585,3.86669106971798
train,,0.32781343355692055,0.4972769178114112,-1.9078030845243223
train,-2.1078379244649352,-0.7189507921668646,-1.753828635516066,-4.026044102949635
train,-1.077713888635725,0.3919536580909639,-0.7860706321066152,-3.40163890453609
train,,-0.45424332872832757,-0.930618939768254,1.9169210578116807
train,0.016705684142326066,0.8004944072128131,-1.8252533883460773,-2.237162216860131
train,,-0.14157431548387645,-0.11785340973068323,2.1400517225489764
train,,-0.8519780914834304,-0.5876686691983106,4.384448375844237
train,-0.09527260169156343,0.7844375305184961,-0.8211060131600761,-1.9322383646654477
train,,-0.0008116490505538972,,3.2821755495087155
train,-1.198918924449658,0.3429564530808974,-1.1022138299105506,-4.3388819492413795
train,-0.14480218155762611,0.18887864820785832,-0.9271190429311625,-1.2371792595625848
train,,1.3156520057586274,0.624203341860855,-0.3952503023858101
train,-2.238419173463979,,0.6170197787460258,-4.322393410746651
train,0.36262163237211575,-0.992202574990993,,2.086695364972448
train,0.05011362598783288,1.241791820238072,2.3701898369365333,0.15254651399709376
train,-1.771145822051091,0.6791997587442551,0.3370824833035503,-4.208583800647259
train,0.10423925736665694,,,3.2904332758279784
train,,1.0199592932026706,0.8365209967585508,0.6669500503619159
train,0.10941343091896426,0.9245644947743684,-1.0496534215058282,-2.37512953202208
train,-0.13072892309678974,0.2988233630298103,2.7230486465471606,1.2747304438545075
train,,0.8533739305432677,0.3824198399419112,-2.0959158317531923
train,0.3290911781174716,-1.0779146818759906,0.7359265154845307,2.65923258524234
train,-0.13243178342478765,0.01435857273847275,0.8781383615878482,0.9800613955885511
train,0.48616116789274016,0.37826021161276246,0.4145524580438557,1.376419684028292
train,-0.9812385309264443,0.28488859885261675,-0.8719532046595323,-3.8351362144878993
train,,-0.47424670729387547,,3.5995187508012823
train,0.4027413799143125,1.299167173220256,0.53863593125733,-0.3505709569750494
train,0.2655085644644507,0.5614135800432715,,-0.07588297277867437
train,0.042512652920764574,-0.9920921809736359,-1.0518910570582884,-0.11607678120271092
train,0.5689371506220736,-0.029489629662568677,0.30830904642344226,1.6407043911595185
train,-0.14818901890131514,0.26260654279639023,-1.0926017037282412,-1.5874818358884466
train,0.21425820244967103,0.08030889273078702,-1.5998846137518647,-0.4458195697071645
train,0.23380694182995224,-2.0159991387435645,,4.104382968367145
train,-0.7739080602134369,-2.2055196959573142,-1.5401637460346458,0.7030041064529154
train,,-1.217842918810787,-0.04665147564529547,4.598976192571912
train,-1.2549815223040357,-0.09355559979656902,0.10821146705592291,-2.3680200512694456
train,0.6745705455681548,1.0927980346259292,0.015009913867406023,-0.5263303827841916
train,-0.11027806449694508,2.0126741210248946,,-3.671813482336486
train,,-0.8500597720485419,0.3677113026329437,3.197825232208137
train,,,1.0390471872456608,4.139311187682986
train,,1.4433519213586323,,0.3293179198471194
train,-0.80016185182203,0.004188939574011483,,-1.1729589579763242
train,,0.06734609740430315,-0.4649586549726938,1.2877382371818475
train,0.10885034167435385,-0.5959138594611234,1.3874324027497316,1.8894745492629588
train,-0.28079288574928907,-0.8433167912128579,-0.42483381338379345,0.4154183103330974
train,,1.261003658250931,0.5204359671297332,0.7093953694791336
train,0.15780746961510628,1.5439305769260567,1.1066291421021046,-1.136592840561885
train,,0.21298403933868984,1.5777586397544108,6.428949041761586
train,,-1.872502590201511,0.30330339481364,5.866178668360001
train,-0.11206473386603687,-0.5024928567844866,1.5378643379284032,1.8406748699791908
train,0.4921236395923286,0.6807200659166517,-0.3961304724174501,-0.3693274825822475
train,0.6914435646604264,-0.5756112784173346,-1.7137672087500295,1.0223955956746125
train,0.6664687117601125,0.9599112939747294,1.6903101792859714,1.4117965298037076
train,0.4483870066700768,0.4151618526155719,-2.2981798625567844,-1.608233079514817
train,-0.06751605711007512,-1.0538534955346994,-0.03535647771398373,1.2629894066380551
train,0.49809077342067437,,0.18406366728645557,1.8181154248491556
train,-2.1847637367267945,-0.9601811229964093,,-2.8927901643058425
train,-0.36529041089899394,0.5385587664195979,-0.5954328095734798,-2.19953996556176
train,-0.1189705489388062,0.15725130878624888,-0.9974031923360757,-0.8853449064984429
train,-0.24572328795526918,-0.30391043747209573,0.9032156121859066,0.762611848265026
train,,-0.4465653149305227,0.6938647419878373,3.2052257321419733
train,,,-0.6909513423937109,-4.241478383130903
train,-2.4066438247896813,-0.6286236484102578,0.43961939113927884,-3.878581197995307
train,-0.29782015800224654,,-1.0076547277998584,-3.35960585123833
train,,1.0639810674867802,-0.2987262985152646,0.6569025205823916
train,,,-0.1521257487819136,2.5767357345328334
train,-1.9627801317321405,0.9620197170176158,1.0386151065082099,-4.267813043454183
train,-0.2616234184276179,-0.26058008059798277,1.5104399668186008,1.0272713112771104
train,,2.7047580215889218,1.1754883841195756,-1.5579296526745654
train,0.16059836212488268,-0.2906711275467526,-0.2573761967723108,0.41142818842693596
train,-1.0645889663415007,-0.18918962881410384,-1.3311608747432482,-2.8753909578374754
train,0.12175913820127769,-0.062301393689972895,-0.42769009262693836,-0.20511466388636687
train,-0.6539483751691241,,-1.0546714686291148,-2.5621438945976185
train,,1.2996909332006785,0.4233343548364882,2.5086462096467383
train,,1.0479804036468932,1.0507791236070394,2.5952312942639506
train,-0.25097587856367215,-0.4208075385424785,0.17178609283465301,0.8286397832492943
train,,,,0.14480133074214063
train,0.16957541599092096,0.9134432277273133,,-0.9931627599605568
train,0.38908381539503883,-1.1372179798960447,,3.1702204830428276
train,0.6851161029378252,-0.08400599205222688,0.1519686535028121,1.4022620900314053
train,,-0.12438021254962361,0.4702376569611954,3.303027777881758
train,-0.7522876341862896,0.4674720626914001,2.490592367914746,-0.06780081881414285
train,,-0.14428555151024766,-0.33702380349590966,-1.0754118047084225
train,,-1.6327593391401276,1.521026538582453,3.8106783203219776
train,-1.483169293557293,1.111322084836698,-1.8078440748837985,-6.173659942595914
train,-0.16640464488700954,-0.047655810092565684,-0.3095873369724494,-0.3320644453207191
train,-0.37591810089160876,-0.4556033110865649,-0.14374322579933504,-0.5286398954083038
train,-0.9683594341640528,0.35892917267936475,-0.6583161695830938,-3.6438083943423694
train,-0.09538124379339129,-0.17018278328974626,,0.3460720382646211
train,0.21599060923569527,,-1.342244285581922,-1.7425055021108637
test,,0.9558988306880426,0.7059472660362407,0.09222980462824198
test,-0.310000783588043,0.1676123392531727,-0.9164202813795352,-1.520076031473564
test,,1.033508469299675,1.1091652076620333,1.1366996530285136
test,0.26315030728244576,-0.2146368181741536,-0.5724086748695798,0.29003849710211
test,,-0.38178440320515217,-0.8566898521901855,0.242791444826709
test,,0.440877314318976,,3.224158884014191
test,0.17252357678496116,-0.7425481340728816,-0.7601012610847047,1.3766741397103623
test,0.0568513946857013,-0.6184375831797018,-0.5982515615933046,0.2863711839038311
test,0.2520433306409875,0.9759858733624054,0.16833179868998444,-0.8791156136848218
test,0.5102706881584137,-1.7630308111540969,-0.10853449501986953,3.4478129879525063
test,0.24933676317918788,-0.8703276408636185,-1.0029775946299295,1.3255112515208884
test,-0.42188585027402875,0.012285932002534498,0.9154466405097024,-0.08880341657017321
test,,-0.46902101795819634,-1.5395639271321038,1.833645252832012
test,,0.26079060632123274,-0.48869891872390236,-1.5304752782904623
test,0.3231655803321045,-1.245931438270799,-0.2806965943522904,2.614112737857881
test,,2.267847720902878,-0.24836452975933854,-0.4468374342740049
test,,0.733048614556235,-0.930862670361894,0.2960054819442289
test,-0.3686492373094439,,-2.05958946984402,-1.2017772125646724
test,,0.30610455736066106,0.2420484538664053,-1.501862574689042
test,-0.5087791956135915,1.1191184639285596,0.4242363058773181,-2.569998514816677
test,-3.757314796748792,-2.529487114155173,-0.6899203932455011,-3.5945008919360304
test,0.3609553845335745,-0.47363925162560955,,0.24973189183880812
test,-2.247278051190562,-1.0594251806301156,0.9089047467365109,-2.8294009700086007
test,-0.3832419438637543,-1.0316843030212461,1.3635900426315577,1.6250558144011809
test,-0.7962110231286745,0.09522682045086914,0.41832605622007,-1.1633827801832721
test,,-1.4173361033398142,-1.7927636512704532,0.7885900879323331
test,-0.5890806518480813,-0.3671739528881657,-0.20935877083258947,-0.48138956550216827
test,,1.4087629532615964,-0.6129899331243973,0.24994139636154566
test,0.44815392743560745,0.3405610290270174,0.7326715462647414,0.8510409765922521
test,0.21462652834222049,0.778317118949819,-0.5434150028821385,-0.9851600623591568
test,-0.5119091881236928,-2.0081406009792997,-1.7377164966377947,0.7058797940658053
test,-0.35758395246576646,-0.8578562846081487,1.536418828739076,2.117469017097561
test,,-0.04623728608396284,-0.46068704483284395,1.8327666802300024
test,-1.000185327821259,,2.1234723285482664,-0.2985978555529688
test,-1.0918515602862167,,1.472822669337176,-0.4430003182034528
test,,-0.45126247943753733,-0.3207844116690762,2.993060674659124
test,-1.1967277114676003,0.6899778540380983,-0.536916266957146,-3.967550041715569
test,-0.14575109659311672,0.5983911108479767,-0.2492184004282196,-1.3434749144779123
test,,1.0816045256782831,1.1435136803215793,1.9974632737043199
test,0.18200341306982423,-0.6784015488891455,1.2211140040391224,2.5733035047744446
test,0.5824150806467586,-0.3886066917214253,-0.9229842021252809,1.2880663883971242
test,-1.6070762867993715,-0.5041047960271873,2.224591563924947,-0.37280629568699886
test,-0.07443413775163761,-1.6442126089853049,-0.4489008217273657,2.4699034764947934
test,,1.800916717309765,,-1.4360533878168107
test,,1.3132404787396772,-0.605083122339696,-0.28683507611224285
test,0.11692360084585278,0.5937032336406436,,-0.6107754207849143
test,-0.25121755478221125,-0.6753447344604626,,1.4951437218772436
test,-0.13473288821383705,-0.7273998008087251,0.2869713572552619,1.5452195189531934
test,-0.8792037663740598,-0.593219176748042,1.2800584577700136,0.2169979520629089
test,,,-0.8418016581600548,1.275073036847106
test,-0.2954008817600474,-0.9310379970849433,-0.3610326392567715,1.167025968177089
test,-1.0024039145619414,0.7744022341206614,0.05675219633045451,-3.391899689029399
test,0.21513409893728977,0.5391516031429898,-0.6128412068712251,-0.4430681762762811
test,,1.1783735112512645,,0.6944571699549233
test,0.6986525661703918,-0.21039808155783243,1.1494835234769254,2.2354119786670896
test,-0.7429889129752548,-0.5580111723741701,0.5806960195757624,-0.1437284813565038
test,-0.5521266561838332,0.5438090039771014,0.3762772784570788,-1.364988401943673
test,0.32215069926262474,0.7973306421795565,1.0819135104214368,0.469954857603342
test,,-0.8898524200143254,-0.048473787575984535,2.472406186262621
test,0.23016796997836456,-1.5742304156724385,-0.572866546844525,2.2388726539348527
test,0.5449205498059327,,-0.78670607347605,-3.2307050576659173
test,-0.30014843935322927,0.04290696006968739,-0.1571735744116016,-0.6095836070056087
test,-0.06416669300273425,-0.25992496495828354,,1.0456296821823308
test,0.48636508932415484,-0.46483055813982,-0.8536420632657457,0.6918181347752308
test,-0.9310751131542188,,,-3.519798043298272
test,-0.566863672481868,,-0.7241344319448507,-2.650165375008308
test,-0.6847292159509398,-1.0094181445880885,0.810079372460898,1.0373690884092928
test,0.4310823786730594,-1.0662511599937978,-0.23066677763420643,2.127509170790267
test,0.482026423113204,-0.271647335947568,,2.3345007693629944
test,,0.0037685676199351766,0.6098555186655775,3.9480930544374297
test,,0.7461647865516573,0.9365252565207698,-0.5402944180293041
test,,-0.42969803712506455,-0.2733662651402369,-1.9978491463377983
test,,1.584952784954304,,-3.153214210251814
test,-0.8586345360207231,0.6430985765160405,,-3.4448019659695106
test,,-0.9100096849283688,-0.7072809156527327,2.860917610904029
test,-0.47371364324389614,-0.42590222689660057,0.16099942923157026,-0.1770842447919158
test,,-2.436826386973501,-0.574987826877414,5.0600603766784165
test,0.29218285174395875,0.43378264555323126,-0.8987515134448425,-0.457688614753804
test,0.492530634574655,0.42827408056908517,,-0.05462594531274374
test,-0.645757982401178,1.1440807998771305,-1.9330699206794468,-4.236754317736016
test,-0.027455829674923583,-0.016810732948072196,0.16897956811094694,0.21957288863598234
test,,,-0.28774300529230795,-1.063423889341569
test,0.44181391982785745,0.2955001288904761,,0.7563930273123596
test,-1.4966190663980568,-0.18346107349184862,0.04758248001023255,-2.984802768571714
test,-1.7282036800182052,-0.15174951876585563,-0.47077205158498897,-3.228874240741362
test,-0.1307852690206404,0.45086167153150125,0.3731751711424964,-0.8224443781275779
test,0.6622002407363403,0.26635279508346416,-0.8940579988629179,-0.06919376096119029
test,,0.5483939240591602,0.12323854310928077,2.464802179358598
test,-0.03293046349241536,-0.6979430047313071,-0.9415036950740253,0.5906020020554827
test,,1.25710312493205,-0.025038044833866728,-3.776203129800334
test,-0.003333493344592386,,,0.7599374666998454
test,,-0.8133931719084693,0.309030564082953,-0.41164962196716903
test,0.23528312239867036,,0.2166758885528392,2.5265597930522103
test,-1.7394800970066662,0.590429598711686,0.35916583599167745,-3.4968758589099176
test,-0.530681080790632,-0.8411143291822847,-0.7920565398130351,-0.4337426240426348
test,,0.6101681180676309,-1.2398657787478315,-2.9144363643415248
test,,-0.658065460641371,-1.528209123506352,2.1175778785113177
test,,0.06057878941186112,1.595906640474799,-2.2124496729699685
test,,1.0533461061058291,1.4909541037647187,2.015848992585808
test,-1.559977449077838,-1.1283518689583842,1.591729181636943,-0.1956973237204615
test,0.07603327608272355,0.5572268890750456,0.07451562222540542,-0.8580997101191241
test,-2.1097136749012884,0.47816837599153755,-0.8711450587632373,-5.64728028623233
test,0.008727604633669539,-0.6407322675146928,0.772212353772071,1.8147172335139603
test,-0.5277163251599134,-0.9749577924484529,0.2762540401411421,0.7451605008058608
test,-1.117926449805574,2.1601893851571456,-2.4387380005844714,-7.282930006716662
test,,-0.8562004832159094,-0.15256678712305108,3.7657444027584868
test,-0.1591062845555267,-1.8038228402994536,-1.2725434859450722,1.1247955646120729
test,0.5835281794518593,0.0707005200840135,-1.3398192972654939,-0.03260415243232975
test,,0.0564917091360588,,1.7816519194104898
test,-1.1223418984886189,-0.28531698899439295,-1.2735721007638063,-3.202304694134721
test,,0.9136933020473955,-1.2679961558305872,-0.31697875012650484
test,-0.1799222063774942,-0.19852356866170195,-0.03222345477410009,-0.186164006663522
test,-2.032513629232676,0.5247857806905782,-0.30315325190901515,-5.128560311633808
test,-0.537427499244116,,0.6528551644266685,-1.3934577046177625
test,-0.05812902611551842,-2.14463524683597,2.077089684407086,4.701756818950351
test,,,-1.168537828651961,2.8886698434598674
test,0.18846820780692514,1.8563437033706056,-0.5095222086511046,-3.6568739179519487
test,,-0.2844710193490116,-0.5538127866939541,-2.5399688943554044
test,0.21623943238270413,2.1027361038364285,0.9357669661387464,-1.9163321121090333
test,-0.5380080382582549,,-1.0186774605350424,-1.2583601908612994
test,-1.4798607170434577,,0.25855899845208374,-1.3468226247096677
test,,-0.7670725137604119,,1.4218468946172624
test,,0.34300083932400666,0.19091687632824667,-2.859267376175144
test,-0.1079607498533819,0.7908405074450102,,-0.9548513135353898
test,,0.6492594265539954,1.00989794144478,3.7372247882719005
test,,-0.21531302085986356,-0.3226693856091618,2.285193520286778
test,-0.17130213119567267,0.26228150478973883,1.4268821958950841,0.30460732115130285
test,,0.5677340681117273,0.3642137155217844,2.0900654460626975
test,0.11192970979265435,-0.4698890323862703,,-0.22710449176553948
test,-0.11248129265537547,0.21968038381249874,-0.26226203696958605,-0.7659173557811928
test,0.5007247307506384,1.6911808000719266,-1.0881147131480688,-2.583547234242019
test,-2.1199732057156675,-0.6206717614687541,0.6019312377301389,-2.3221423976384026
test,0.5827385220184029,0.6341320177147867,-2.9827494217884682,-2.2056476096770683
test,0.11205931056676911,-1.3100937628629525,-0.2953513376229552,2.06550557961156
test,-0.12755548512173873,,-0.5610838211127656,-2.817943682058636
test,-1.0016683684762944,-0.8608241901161754,0.4273623935557029,-0.4174760907433308
test,-0.9986812009469676,0.020959826853902845,0.4044312167391526,-2.2698338368619426
test,0.4564436676409761,0.358531141034712,,1.8766883937512762
test,,-0.5223014808586963,-0.2574527097280165,2.600847543173407
test,,-0.23944427935536564,-1.1117763154541496,1.7441415935247453
test,0.4160136918894797,0.8071345595747322,-0.49068518232292885,-1.0043494499064898
test,,,0.14335246631128054,0.2772544358429465
test,-0.5735885141993277,0.4041520694141727,-0.41685140907758755,-2.303294067600379
test,0.8060578419014306,-0.47427085995649104,1.0705521623763345,3.3507954194464586
test,,2.284134457143799,-1.4651852151258336,-4.78698271145525
test,0.6568203670543867,1.9417067497725975,,-0.910721148946247
test,-0.030738714284979922,,-0.11013995346864365,-0.579845254899364
test,-0.019116907559199946,-0.05447068089407048,,1.0247880645576204
test,-0.048456963746136034,-0.9588841798169291,-0.025524325351607247,1.4261510516153246
test,-0.16489398423111387,0.36220934640773067,1.9458318535527124,0.8688645394798703
test,-1.541310247708753,2.009468813595888,-0.9868979310757863,-6.946936703810551
test,-0.5328742053760469,2.2858359795751846,0.7354016772773293,-4.093914426941608
test,-0.3116915196972726,-0.8953023142922248,0.8418703985886754,1.235571461020578
test,,0.3679800473478101,,-1.6440357517268915
test,-0.154919610034379,0.4498320075268813,1.639995765215537,-0.12627744938435082
test,0.16689803807252804,,0.21250545585724598,0.12340622497400489
test,0.22268484571417263,-0.018178922249372603,0.16992217189686437,1.1324112344944735
test,-0.4732089742318294,-0.7561642640476091,1.6005590271023273,1.261297075107732
test,,0.7870658363473853,3.319261744745662,3.9538396471331887
test,,1.7795763743803312,,0.3158010628702013
test,0.459220786194919,-0.12019929099609308,0.3973073141969586,1.8517647555446657
test,-0.277167302136624,-1.5706308311979664,-0.9479555278851509,1.2063305475477542
test,-0.29729810818480207,0.23173534065733747,1.0476698011478274,-0.4372333082575205
test,-0.5770019940853628,0.9744958269628042,0.07584841698093193,-2.690053550086656
test,-1.17111481435594,-2.437123927628872,-0.431724064641271,0.7683927848765923
test,,-1.179052691745421,-0.36896012916047183,1.6487394661716115
test,,,1.2127377127544394,2.559013450751637
test,-0.3693396441551256,-0.48396406981561835,-2.7290598673697537,-2.5896430812027535
test,-1.609842801596514,-1.663271268862034,1.3808704523390138,0.4198152884750824
test,0.4472448289279997,-0.06709755587565924,0.5341950919513176,1.3128712405544847
test,,1.7750907880752584,1.2482540366034376,2.021425775198802
test,0.04550869701844173,-0.4446994142784619,0.13762742088963906,0.7928878321984254
test,-1.630018289971349,-0.1069755228230833,-1.0168750453927118,-4.043358985528124
test,,0.6571823153677532,1.9504795417093794,4.656060791578624
test,-0.4308297792691885,1.3393004874961383,2.3798048370010902,-0.8440617597876607
test,-0.13381481651443114,-0.08218803229639707,0.8825333800892482,0.8145067466639415
test,,-0.34314046935167464,0.05140023935274887,2.385313682254896
test,0.3731492991113401,0.5741508424368592,0.5631947832076448,0.1561962112807099
test,-0.1662550435325,-2.4871244439676268,-1.559137289850847,2.188278751947759
test,-0.33822722405950295,-0.5879853947012402,-1.895496887314396,-1.313981747342789
test,0.2053963392108603,,-0.7136693152587097,-1.7934102458656898
test,,0.2836808743799497,-0.7785392160906335,3.600433842086961
test,-1.2122899669429719,0.19121973167815942,0.9163869400859226,-1.868196575689253
test,,-0.6675055042695267,-0.18850328885902118,2.746934376848498
test,-0.7563557843828217,,,0.6134773603842962
test,,-1.644572471650424,0.49284321317187096,6.424625638482474
test,-2.173842485552993,-0.18425855731706026,0.5262918229734579,-3.8789278056985066
test,-0.4788500028178626,,1.280389299174424,0.7802105053101899
test,0.1315364722303991,-0.6384442037765031,1.9030661939837432,3.269632289186363
test,,,-0.00914215219614209,3.8639834827148136
test,-0.47822127331400127,-0.14613263922823408,-0.8109192871739312,-1.4581670590042803
test,0.5492557141570134,0.8755895271383017,,1.3798535829442322
test,,-0.5702938830081938,,2.8077577854151126
test,-0.0813534063351887,-0.8769716111604042,-1.7194166451426605,0.0020706139088801645
test,0.03796160016898226,1.27794848792122,-0.0655741287707279,-2.444559186459731
test,-0.11044083444637709,,-0.7360569847073503,-0.1824174433392961
test,-0.28573996707861476,-0.5904459896655273,-0.5125249503527051,-0.4194635378962902
test,,-1.6762018548106004,1.115773575583156,6.726763610994703
test,-0.6227996942294375,-0.13730657235928867,1.1252503793064181,-0.11149041967072904
test,-0.8157457097562318,-0.43303853665831626,-0.44199333044405176,-1.013381493305261
test,-1.3713768088092604,0.364232048228785,0.9187342384869772,-2.573564067342896
test,-1.5219280031721028,0.21601373628040094,-1.6695334524681382,-4.239404931085473
test,,,,1.501437634731651
test,-1.0765597502668056,0.15654316814784433,-0.3451649175682024,-2.436633664545277
test,-0.2981765281728955,1.0322074565244184,0.113704724285406,-2.472917121602677
test,-0.16525326820752076,0.290302982450714,-1.9948343204814318,-2.624082753808144
test,-0.6009552851913138,0.6234787108146995,0.15570978634085436,-1.8155863969455444
test,-0.7884208698797197,-0.21391454612285823,,-1.6174855691184475
test,0.5423350056653428,0.530875134385801,-1.324882748322189,-0.8885316544497798
test,-0.8233749139968574,-0.7076713092398467,0.16539430131991734,-0.6374447187070061
test,-0.5843519767699342,0.5082558460861339,0.674184427538241,-1.4134981975468401
test,,-1.2848697889599718,-0.14065529631641618,4.989839296518472
test,0.48289839162361503,0.7563688784854966,,-1.5445308642315376
test,-0.8959920133426595,,2.252246461543635,-0.9506441694794248
test,-0.4006141429208685,1.0847150599808735,-1.0030832759858774,-3.0106530511135534
test,0.0553022672195229,-0.7743020584337695,,0.1695418668683605
test,,-0.6830152112729885,-0.4424109204168687,0.7698826174707696
test,-0.5404548612849152,-0.06977284298000311,-2.1430032422354985,-2.6308055142045426
test,-0.3803530604158646,-0.5632388363700175,-1.215494986552121,-0.6845252359523358
test,-0.17066253129001524,-2.2153930644965847,,3.5020238277181526
test,,,-1.1021312679374906,2.364818232092598
test,-0.9148777529352502,1.3114893564657255,0.13622537333164997,-4.11830708750403
test,-1.5048379847833229,0.40898108615697565,1.0206848333515859,-3.03344385797893
test,-2.0940118956328226,,1.714818439462593,-3.3230248155746427
test,-0.037489894922896436,2.0633966080504376,0.9643860161907324,-2.641462454610846
test,,-0.7263111591568725,0.28464219266274476,3.1832718982875567
test,-1.6020570290078662,0.3334699615432348,,-2.867920935655391
test,,0.4889945842716221,0.4149085192396453,3.4896403832220866
test,-0.7542244731119574,1.4765565344130733,-1.1026613985785447,-4.457003270939235
test,,-0.43266047093743665,,0.5373004510517
test,-0.056781851738850926,0.14186108294470037,0.9967758860289122,0.6273434046600537
test,-0.65728298091508,-0.14785780803314033,0.35850163119887934,-0.6990538914128979
test,0.41923533975357435,0.03914572380873605,0.19389636028098026,0.6606339731529782
test,-0.047727517461801046,-0.48859804874452717,1.4831280837699947,2.1153512746314513
test,,-0.7452460658708789,,5.3787354058715025
test,,-0.636346956081556,1.170122027955677,3.070751748433191
test,,1.4901601096371617,-0.47729125849138176,0.10629608795328593
test,-1.6193322769366842,0.5591653020076589,-1.5308092388996442,-5.841381918917209
test,,1.2301091846687187,-0.07168789161102354,-0.08095726061704858
test,-0.7771853793541237,0.045165830689181,0.5902814720850509,-1.4950159185253582
test,,0.33112683751621075,-2.339460401589018,1.3244470311219243
test,,,0.5956779602740915,5.404863562794037
test,,0.08272026980209177,-0.39557465938434083,1.1000202337398048
test,,,-0.33764499875859866,3.7110879284278124
test,-0.8077373289645223,0.2794272133583787,,-2.6268283699630235
test,-1.4991833755732895,1.35166387995899,0.12976780206342087,-4.6924859304303554
test,-0.2592930210079463,0.17314229119222863,0.8266924929723728,0.3746128592104899
test,,0.23336982566948583,0.25948641865068584,1.4812351072295353
test,-1.1452431124951794,0.0144499840487461,0.27572938704339855,-2.3072507437368044
test,-1.2524594160050952,-0.9409320894481175,-0.7536562674263675,-1.5537087338152005
test,0.3205722913467058,-2.283952536094932,-0.6812570288736788,3.6002873919437595
test,,0.020882951649321795,1.3116185374299592,-2.507996365522067
test,1.192692181221448,-0.8245421813957544,-1.310021372433522,2.7509512522618875
test,,1.0011761526265601,-0.04540505566404743,-1.0646986960534375
test,0.1273343314588523,-2.1386909398725686,-1.2247406239450738,2.774261152311523
test,0.38555602361817903,0.09053731340461635,-0.7957017813663299,-0.1546859500092885
test,,-0.20045792697102413,-0.5255490578005685,1.3169888042990285
test,,0.6536617658340825,-0.6755705092715801,0.8995177613826641
test,-0.34454797293950745,0.46745362784959166,-2.1572375597373648,-3.0883487192625605
test,-0.9111329834938341,-1.4918488429348853,1.8608862287664203,1.8789481172306128
test,,,0.09142803621036791,4.282892178591764
test,0.6242117991387113,1.7002425563784294,2.637740553651756,0.26410043661364246
test,-1.283016961361728,2.173347953124237,-1.0814092065519807,-6.867575631469774
test,-0.7790391501502882,0.6674153062658265,-0.20229254815294628,-2.6549142720252945
test,-0.6142441830977353,-0.09572049912956436,-0.6671466060872736,-1.6708517580304643
test,-0.8058415532644368,-0.6970836023309924,-0.6850706867473709,-1.5855993986056292
test,0.6684390605170774,0.9888452466169817,-2.1730466263277113,-2.8333438060140974
test,-0.6764306667048102,1.4253473970299948,-0.3397110080391328,-4.0886044130614545
test,-1.2261562509771256,-0.3264617616424343,0.11811689182292796,-2.0876462311621053
test,,0.02248853328581412,-0.9533596096496774,1.341476147598512
test,,0.9310168534058387,-0.1898343820937233,-0.3065127663016554
test,-0.9780883782231207,,-0.6186244348163301,-2.439300385156011
test,,,0.03667934034103546,2.1003841053850976
test,,-0.04898056784025694,0.651257296748423,2.46506595630051
test,,0.17612554074100759,0.7872987363757918,2.7295812490713987
test,0.4725872093021946,1.3280529084801491,-0.16055706645011833,-1.0809170030250328
test,0.06353939167150267,,,-0.637853912250377
test,1.0967299529241634,-0.057531206666116996,0.3707227588537255,2.327366233856838
test,,-1.5809752432200812,1.7638820463552478,5.7398795080245275
test,,1.2007558307662844,-0.6089244470586823,-0.9975962033070722
test,0.034542306145254165,1.0234820928695831,1.895936543624644,0.42468338817422957
test,-1.5084343805794447,0.035091081716714996,1.014856871955209,-1.8606596904004762
test,,1.2936193567694854,0.2372090159951624,0.21469638150747317
test,-0.2559135270643678,0.08267422018063184,,-0.3853633110251008
test,-0.547888629684295,0.29915465861557383,-0.09381531671487024,-1.5596739643456374
test,-1.894006093690873,-1.463074306393851,0.3125725465863213,-1.3557195426029396
test,-0.12334771619076763,-1.8902325241803728,0.09320750914028621,2.574836755466334
test,-0.17544162451379264,0.6022092503157632,-0.7598285147642035,-1.8768668580694297
test,2.552715206478068,-0.5158934023977472,-0.14948626106131677,5.535440344705818
test,0.050682388342348214,-1.5590990317991211,,3.2044267293652875
test,,0.39576564182614593,,4.167219308678781
test,,-0.27175324060525596,0.7920549047877224,2.4761677671544158
test,-1.3067076558897088,0.44866089242141166,-0.9846026707521763,-4.418872563704026
test,-0.6280349790412988,0.6151753584632721,,-1.0296579055804242
test,0.5776762764788395,1.8202848610391569,0.1690132689695076,-1.464921728999086
test,-0.287509804538313,-0.618939393582322,0.7089120408414257,0.7331810000394813
test,,0.6920929608528963,,0.06815075849317004
test,0.00763399724153109,-1.1902094596073651,-0.6634409248202446,1.0774327579894574
test,-1.9350501073101172,0.1671653527781402,2.487809743795793,-2.632793167807643
test,-0.7320928486893516,-0.8468594607595399,1.3385048559081663,0.6885732177057816
test,,3.0429827621529304,0.0809896961214985,-3.0843132006897607
test,,-0.24366537109984393,,0.5440579901814324
test,0.5188477808632246,1.7376596464745053,-0.45743147015695546,-2.164639544968931
test,-0.1743912862006817,-0.7297596243182914,-0.4837677286721906,0.5974444741314817
test,-0.46895634752330934,-0.9364592075495423,-0.8786400369910822,-0.33638548257407835
test,-0.5598480945163347,,0.3426570222330897,-1.4640618551019917
test,-0.10504530699603581,-1.221527763157173,-0.6099467112724584,1.00694199020608
test,,-1.3509840232824466,-1.1881631254416092,4.552315296774905
test,-0.3220716663392727,0.13641345147441414,-0.5978128415298601,-1.6842580543337036
test,-0.6770742352548564,-1.3010860772247983,-1.737450355415149,-0.6032292371280923
test,,,0.5732113445575543,-4.0450170613954874
test,,0.4890043288213958,1.8385675494474447,3.436268765946533
test,-0.15759266548311632,1.6119555332573514,-0.5349517299392662,-2.961896978153291
test,-0.07592310230657762,-0.8893571755263694,,1.0230268382907146
test,,0.9433167360824961,-1.3502941954013472,0.2929345541699487
test,-2.1503549497273324,-1.4085953852870208,0.42859949280734233,-1.4116710576572071
test,0.3097382670808082,-0.9350860668566084,-0.6728418267300963,1.519868094028336
test,0.1967193010291409,-0.8123460814768614,0.40894085226237925,1.6184355302764244
test,-0.04639719123328213,0.27718496036983503,0.4925051622329876,-0.407753522514835
test,0.4245690780044997,-0.06791658077997043,-0.32404433358743456,0.3239015728150373
test,-0.8114429581027421,-0.7123077423367288,1.308983366370391,0.39836888378329877
test,0.03277138211425367,-1.7696315323264642,0.7044031958210499,3.258621202611055
test,,,1.901996883470527,2.2837899793341414
test,-0.3914722501872283,0.16762195144710648,-2.031626013141545,-3.158006031395041
test,0.12318560321171355,,0.7515754429265892,0.5703481810722171
test,,,-0.573085106998226,0.7636840062105753
test,,-0.21056276800884102,,1.4924214004670067
test,,0.5304727398025811,-1.7438435254234008,0.0323543237477496
test,-1.4366294125171994,,-0.3898559170678259,-2.4276689400046187
test,-0.20748587501040006,0.1108812827717595,-0.9101597211268674,-1.0390226511940814
test,-0.5819654075296471,-1.0832852316021684,1.4743053831358879,1.3452544208780397
test,-1.7994051477676969,0.35017197545024203,2.8192817990384893,-2.0795739710973327
test,,0.46980255990348535,,3.662548518866515
test,,-0.8107945649334009,-1.3960459421351523,4.180712882021436
test,0.7725609003695489,-2.2200707998569316,0.07379762569557055,4.3320891599876505
test,-0.4693874152661831,-1.1823510688882706,1.1132199958302884,2.5108384153259236
test,-0.20733501714512118,-0.1998433026549531,-0.16740714474242466,0.13573926858055027
test,0.29372449741293893,0.2870188372109541,,-0.7554232556144089
test,,0.5730478104067075,,0.4237518956788555
test,,0.2973758944867366,0.8988590303468001,2.8524908143225267
test,-1.4160007347060553,0.056681643160657866,-0.35851644340545247,-3.931125246213414
test,-0.04014541298840262,-1.563533510343954,0.16471989337372467,2.8198708226499587
test,0.06002228407913753,,-0.37912863696832433,-1.1757789364850568
test,,-0.32226179748566525,1.3188332247220722,3.110540257030119
test,-1.2080709905810196,,1.4495264483040298,-2.9186341731254517
test,0.4499098455171357,-0.6115538752731521,1.1158784806067659,2.3201634620234537
test,-0.34186863142373014,1.4316747298273116,-0.7018944593191316,-3.2517691521020784
test,1.303896765631182,1.469918674156044,-0.6267589991020207,-0.5996944145412062
test,-0.17260270076584264,0.6304380144927099,,-1.5285263557862014
test,,0.9792834138594072,-1.4540021895335935,-1.00203789554142
test,,-1.0223352562533867,-0.2075532493510167,4.847138745084428
test,,-1.5922728912861226,0.30362600431212333,5.70480389904226
test,-1.1654584451175503,-1.3319721668328117,-1.0140928457186666,-0.5866810874959195
test,,0.18393663079723443,0.1033480955465642,2.9858980064246166
test,0.012899862229605956,,0.31562604504058944,0.6282605589603151
test,0.7044128806485599,-0.9984287690324917,-1.3774392872032557,1.851841837883829
test,-0.7409706194449422,2.476914900026523,,-4.678993079991435
test,-0.5547642771826052,-1.068899577696552,1.375311130781263,1.4506317172805892
test,-0.7079482217623588,-0.8813744400996826,-1.3200874993944547,-1.175804327736116
test,0.5950305338554726,-0.7607966390921009,-0.07493659038856984,2.149603566912213
test,,-1.6651625157876973,0.559366717502741,4.808367739667305
test,-1.1104942721363207,,,-1.7737486910294928
test,-0.5602813666339113,-0.4654250267853586,0.5333497475730629,0.4633168220477569
test,-0.6511051241376782,-1.8723987684521246,-0.6256990966014193,1.4220804202467745
test,-0.30224635579846637,-0.8161681584959507,-0.878872839377807,-0.6301513798312988
test,-0.25448487000005665,-1.070783767326247,-0.6926040508787625,0.33156720465671286
test,0.040567401834681556,-0.846381752881786,-0.7054161428643948,0.926031542983571
test,,-0.7173686554296761,1.1042002161586972,3.721060421585808
test,,1.4024573934087017,-0.4450789642527982,-8.933334407965939
test,1.8531006754291286,0.46608954734142927,-0.2849488932774265,2.7099491327843843
test,,-0.5592013110836401,,2.145876707055268
test,-0.5049935220101177,-0.17034929787085645,0.22536833019082822,-0.611764428516723
test,,1.5457237822376668,0.5672370422032373,-0.119970686781772
test,,-0.5179410902794676,0.43800962942305727,4.166448277261441
test,0.1588203133918856,0.1538189775327046,-0.6275818942232967,-0.6276644665994122
test,,-2.0149405279134687,0.8960498934683298,5.902911823201533
test,,1.0619563999050758,-1.1639416037699342,0.11329646885813927
test,-1.2325991870467539,0.7422529591677766,-0.5571327281373446,-3.928901239956477
test,,0.7107054224005093,-0.5053761963020843,0.9078068016454837
test,,-0.9728283421430092,-1.5756656768599548,1.2813529177407692
test,0.6221971318800877,-0.36391227812952776,-1.0451764571616342,0.4876654160094001
test,0.4092250986130373,0.3205134361219002,0.20079672405626464,0.6754783320739337
test,0.6888427598523468,-0.6712981063858162,1.0990925041811388,3.199333376902501
test,-1.472652361095804,-0.7274032206203076,,-1.7108958605460536
test,,0.5572535151864094,-2.5977244308723235,-0.397559241728048
test,-0.22003731348755143,-0.4326540300172236,-1.3257001331125668,-0.9158525335564183
test,-0.173643654697957,1.112176708028959,0.7104177307368229,-1.443679877230131
test,-0.5008552642179097,1.0706479436054803,-2.579197374848217,-4.8613239061419735
test,0.11238088052850952,0.6281852004192116,0.5916102931060502,0.33727839635472534
test,-2.5214151022492053,0.7296770148370035,-1.2538882832458746,-7.264548028332652
test,,0.9445591164255227,-0.30670681965968427,-3.0729284033794113
test,-0.9035939069118604,1.2774283490789136,-1.1971196845984582,-4.557431842597356
test,0.08298158945403637,1.0543073223987829,0.8106321533501943,-0.34029927335098054
test,,,-0.11945010782689133,3.28078758384975
test,0.417081978579168,,,-0.6162817753706331
test,-0.19055107151861933,1.1696746327069085,,-2.321093982891739
test,-1.0548934375279406,-1.4525936754830433,0.002148904441087554,0.6213147958197236
test,-0.26735483844059377,-0.7273552573809672,1.8160337148555947,2.1928460607616467
test,,-1.3077939002444343,-0.019739983705629044,3.903429006356878
test,0.5389591935943769,-0.12160963809801777,1.0516197272284686,2.0665928278002355
test,-0.43694445618314515,-0.10486493827483742,1.4011637235159502,0.9553881840574555
test,-1.588548528023864,-0.4403861798414633,-0.8597511470261321,-3.4153095857222113
test,-0.04573695753867932,0.48110833463971825,0.17710265997073563,-0.6167851840403682
test,-0.23000430834109403,-0.29299525161324935,0.02825668282636282,-0.11821748304193663
test,0.08005955045942756,0.6974398830638929,,-1.60478423796082
test,-0.646075924156321,,-0.14369738557751432,0.9156818215857115
test,0.5735124156002649,1.7987694129457943,,-1.2805562761740354
test,0.4360032736112732,-0.8925082497963712,,2.959370303380132
test,1.3243618728204347,,-0.8672944850976662,3.398747988507174
test,,0.8035483347906525,0.24223600048255628,1.1462679493338048
test,-0.8441320089214855,0.8605662616503221,0.6795355097767417,-2.493927345324716
test,-0.005892832495469101,-0.10838388239869286,,-0.3617011633498722
test,,-1.7602932652601695,0.40727223153268743,6.117311358540054
test,-1.261959953141557,-0.33334134161418605,-0.5381243505298002,-2.0271124720642724
test,-1.0741681690325802,1.4547492456950228,-0.6432888807498602,-4.907292644017756
test,,0.5682486401885665,0.8551221994760471,3.3687677893624324
test,,1.9732472458913863,0.17538604889091797,-0.5818627189689142
test,,-1.2433409380347453,,6.2703728758139965
test,0.37091635536410006,0.3316605170441618,-0.6620188645775944,-0.025200263004028944
test,,1.1654008975916303,-1.4361382799267879,1.739971979633176
test,0.20082639083304274,1.0094860313666385,-0.13819050655702422,-0.9505462303931203
test,0.2322198618581923,,,-1.3987580313181363
test,,,0.024720590375667595,2.0002036366769804
test,0.12169554570543088,0.31212175048161545,-1.6928414319880907,-1.7359604173001455
test,0.1047296999802776,-0.08650947165414194,-0.443796418651244,-0.06074597480079522
test,,-0.6518370896550818,-1.5147053715586642,4.020596573967176
test,-0.017478454884849236,,0.8264358482744103,1.3805552074831855
test,-0.816272711709213,-1.2178184797191038,1.4383921493019665,1.075084301825827
test,,-0.5673795438588399,0.06477210793934894,4.4464191824172925
test,,0.04541730964376879,-2.726775112265853,0.1882425330830793
test,,,-1.8679006084536438,-0.7972778747223912
test,-0.7105794234541372,1.4601507214733709,0.42577354570370785,-3.0147369445746888
test,-0.622712199882463,-0.023583179022969736,-0.3071679516408332,-1.5429427205113693
test,-0.7808090324029263,0.2211733781116241,-1.061248909561469,-2.838285437319006
test,,0.010064427174049062,0.19641643272415718,0.6289632526094757
test,0.026019498302824302,-0.5068196394715943,-0.1374912724990916,0.7027067947968193
test,-0.5817664376674035,-1.2108558935012497,-1.4747793977186907,-1.1035462309552373
test,-0.3946188023672919,-0.8040794503876295,0.31788635526431275,0.8718514850675498
test,-0.540523562335849,-0.6473538263077966,0.44302533140603845,0.3493722609076219
test,-0.11446708940305837,-0.3334162773407643,0.6817377941252015,0.9023656491558159
test,,0.3803356804003602,-1.6844237152063806,0.013326687189749914
test,,0.3761471516898308,1.3581385448130723,3.3139882519813733
test,0.41106913647016263,2.3387524820630565,-0.7982456380386478,-2.9041004233463488
test,,-1.6137460421636356,-0.13630917942466103,6.614326030030905
test,-0.5200124347246552,0.21487462625195203,1.4033206049050297,-0.5432582398749357
test,-0.15818559009382993,0.2619577725857112,0.452979133464931,-0.1942676966849642
test,-0.6303096214235084,-0.2415960567791643,0.4147182312477613,-0.3070885103348561
test,,-1.1461079529791978,-0.4536802706752345,3.718608759806967
test,,-0.7231659889505493,-0.1993310928627663,2.627857648364891
test,0.2412392046637233,-1.6187496529595087,-0.9340440922762977,2.7287158341021365
test,0.593126183602699,-0.20753245918149274,-0.8078627839509278,0.20938358015506708
test,0.0600660123609101,-1.220308423552189,-1.5850474628642688,0.8505841804515785
test,-0.6356307314999897,0.5363287358314606,-1.4724843520083528,-3.2433170382298924
test,-0.023916177094461383,0.4810073528528494,-2.364804529629451,-2.346914531674959
test,-1.017048952757032,-1.312846969408245,0.4219868814127208,0.11098465470026975
test,-0.44272513872383773,-0.07341463863663343,1.3668356103311419,0.3335323177908062
test,-0.40208319265516373,0.6964942485195732,0.08580593693479784,-2.20193568733254
test,,-0.5157295085566779,-1.4741538359686646,2.3302648559676267
test,-1.646426840026517,-1.5645225129907663,-0.0476177585347515,-1.2543980588937615
test,0.42944296154733935,-0.6330779271005386,-0.510183485064929,1.707465079451618
test,0.49132624700018085,,0.5927747039360999,3.806428029471532
test,-0.8799577114312811,-1.8194819166804783,1.8009993455030664,2.6864830811816103
test,-0.23123827771137473,0.3290018350072668,,0.1019631026698137
test,,-1.304066268823268,0.8703720556315045,5.054565761376722
test,0.20834870812155967,,1.1294762335443105,4.588215993515479
test,0.6548595965211603,,1.3648521023102944,1.932890313344215
test,-0.34045145986688263,,-1.02892393633911,-0.03821082067505917
test,-0.6874672502859642,1.6058332010243372,0.8175577599263396,-3.1005577456775266
test,0.16260977324327175,-0.11406615348760593,-0.08502748525058856,0.939783027440201
test,,1.26747862611229,-0.29761547407334804,0.0977894099547158
test,-1.3855297609609778,-0.020315174909930196,,-3.6510318867892146
test,-1.519427169931098,-0.9198941356132139,-0.4112886527297722,-1.5180204981046042
test,-0.6527963854959071,0.8486127323518384,1.3902278153031866,-0.6377295406702375
test,0.6876565800653069,-1.0115837402695154,-1.6565896807143305,1.326682333694942
test,,-0.882446788002354,-0.6892969316314004,4.633103238827806
test,,,-1.2894728319180389,3.800282205703916
test,,-0.927454500413231,-0.012878418313614299,3.388249789982394
test,-0.5968567920547986,0.8265150462565813,-1.3468772810213545,-3.763221265494326
test,,-1.7576388584815457,-0.26560277700710505,4.84760100788228
test,,0.3722295562713683,-0.4356781106431181,0.3035887623677097
test,0.9097074904575991,0.49924023131393314,-0.5198290734020299,0.5903396510887472
test,0.49528294263063716,0.7209719682553545,,-0.03525581883248152
test,0.11291631901029674,0.77962534830755,-1.591928648835172,-1.8645132409908225
test,,,,4.88166624003139
test,-0.7358823437005346,0.5705073971965219,0.4617350068073299,-2.2903587756754664
test,,1.0374008110705342,-0.20494286419112842,-3.1455511858844245
test,-0.3664016094119704,1.7585956271118104,-0.3425527335968287,-3.5344114803993456
test,,1.3444993283924185,-1.0064124495117648,-0.9755009241327707
test,0.013812071981674893,-1.0690533521918433,-0.5322196543686483,1.377514064959616
test,-1.113275139265769,-0.25366374431486005,-0.9608991753896235,-2.4114160716073108
test,-1.6962873786497896,-1.380483503517315,1.1568478645059324,-0.43374899524644756
test,-0.4418549140550383,1.6040552471228813,-0.7114099047570502,-3.721910049865635
test,-0.9236747902310163,-0.982639163379616,0.9377729337843569,0.4091053987787007
test,,0.6362794321478337,0.2709146795679849,4.112409874937566
test,1.4471734683300836,0.8188714406266006,-0.18603258528201794,1.6061887331661784
test,,,1.3917245517416075,5.390817019834613
test,-1.6323473937937196,1.8542974649942192,1.2486373590233166,-4.738379414105612
test,-0.4257894771898332,-0.12856630134442973,0.7864312264745205,-0.0477853280458886
test,-1.6334752336205924,1.080620362741896,-0.5872416442863756,-5.606448529801164
test,0.4531331134601386,-0.051613771069986256,1.1484167722328569,1.5726775844305336
test,0.022932971428819938,-0.615420202518475,-1.0215488652856668,-0.23329515050637933
test,,0.17596874191261738,,-2.83191019938561
test,-2.211104579313885,1.8523496584274906,-0.00988225371997859,-7.324001330610837
test,0.6822590922377404,-0.0326441482883078,-1.2567294552341848,0.49977850309436755
test,,0.012900145909417592,0.47185234522054875,3.428099435559148
test,-0.45387292617958386,-0.44047308376399386,0.7668593230671478,0.22057361224187302
test,-0.14117720896251673,,1.0941081641910917,-0.5025499847811372
test,-0.410421043318193,-1.8382316624381876,0.4381359551745782,2.1613452405936164
test,0.3479254289308963,-0.2254852895033014,-0.6916764512289055,0.5645351775396446
test,0.6459334358419712,0.15262638424269873,0.2911755420709898,0.9115055379772978
test,,-0.5386576635123581,0.6676887570491146,5.292784740132267
test,,-0.13436390608023405,0.2849812423712265,0.1905552438982884
test,-0.24689115033449843,1.73642511747113,0.6648721167382263,-2.691086443354328
test,,,1.2571051460807192,0.05110919533972419
test,,-0.8888811746364466,0.11144979946016136,5.165566743731027
test,0.5232565400187646,1.4723873664073233,-0.18781223152873835,-1.112304210424333
test,,-1.5161367294909012,,5.949241693815014
test,,1.4436269204364107,0.3906133120309161,-0.13340629924715636
test,0.31302898821667824,-0.5793584545090436,-0.9243900899739452,0.32645326871704033
test,0.4487821502334397,0.9348262688590747,-0.6213184249627653,-1.2496943152304076
test,0.2652321767723594,0.060848588843089975,0.5108763912427464,0.6944867742885793
test,-0.23297196706492315,1.3379772291449892,-0.8170826708528384,-2.9907287038894452
test,0.4885552001392123,-0.04265107888034948,-0.26053817253795214,0.5678034020490803
test,-0.5167548695391277,-0.6122003294085122,0.27102971386920816,-0.27650371366244486
test,-0.3635899539833653,,0.12989452948718355,0.4617828697101295
test,0.46243212979887277,0.020939312934804877,-1.5101000332632386,-0.2273655405524727
test,-1.3993041345000978,,0.26714050788982824,-4.390349107479958
test,-1.051430214750456,1.035423380311921,1.9209211352585875,-3.105124840621823
test,-0.27687078062274795,0.2757903146973726,0.7430288281972356,-0.719024052110226
test,-0.26052198365712337,0.08835461801638853,1.8563507545352198,0.7822852214569042
test,-0.7566708174805253,-0.45640691980924347,-1.6486641462990625,-2.109565838166951
test,,1.2573197413560413,1.5281154547628528,0.44107785942915534
test,-0.15713584850901244,-2.1403397041973222,0.42472600482170747,3.166228951818256
test,,0.8391555140102955,-1.1962834126632955,3.790197537882548
test,,-0.9904768465054073,-2.2291103918417865,1.5976881056778525
test,,-0.8653479423715303,0.8327641890457295,3.4109806939940888
test,,-0.432326821196669,,1.9421128783069788
test,-1.7150010566662073,-0.9216811447459944,,-2.2170707801405625
test,0.5447019452316659,1.0469413251999795,0.8387056170451365,0.10489966086023698
test,-1.3881993830140351,-0.8721028364589194,-0.27378730330608214,-1.6385938714135477
test,0.2687624535549512,,-1.4457101852040668,-2.0977129697336543
test,-0.608795731272212,-1.2562534853134482,-0.6290041324987689,0.3158742488825892
test,-0.8681380473284547,0.9945140116841179,0.6039267136656612,-2.810109685412891
test,,,0.24739390099384878,-2.001257020280453
test,0.6168090993300664,0.8356328224291145,0.0027899202494454187,-0.37338415428446525
test,0.020819322096099227,-1.0246891783664058,-0.22837932200662595,1.356291362772518
test,,0.39476972409906064,-0.7112770626505588,1.0995871273008846
test,0.6291666243051582,-0.19952850015778087,,0.2945918979375544
test,-1.492854132832912,-0.430902764498414,-0.18524450527051414,-2.461506249934614
test,-0.842486481684856,-1.0757670391757974,,0.6235491994163458
test,-1.32800593937047,,,-6.246413645023011
test,-0.25306839761506583,-0.32967355223772676,,0.5726173193736475
test,-1.5218245296761377,-0.36675960777018096,-1.709050881621048,-4.023708947749439
test,0.20174604595498383,-0.9161345224442198,-0.1272836430169297,1.317453745167106
test,,1.4331005224797269,0.32793658442684576,-0.6403015549546234
test,-1.2889751162497536,-2.2872752143568245,,0.9873134165168835
test,-0.6046642173176113,-1.1222748374525902,-1.6269897035985104,-0.3006175228628458
test,,-1.3810985228545725,,1.9310122333181292
test,,0.134056809810325,0.4349438919788327,3.830042077649949
test,-0.3772282996513065,-0.3901267934756085,1.5071777890872462,0.8668727027815712
test,,1.0298625637521455,1.0319801941952766,1.011861915338473
test,0.31166326559422963,0.6072439477305359,1.2141287114070058,0.47795173221051046
test,-1.3424536623929872,0.5690515004495348,-0.6559889309979479,-4.060498093269702
test,-0.3462130495844915,-0.26036067279846237,1.4121523781428822,1.0037736846523877
test,0.5118700901007196,-1.5880021894356755,-0.49189664118589593,2.975048955172925
test,,-0.6372282865461809,-1.6491806579593498,3.442115024504414
test,-0.8414084377753184,-1.809274496143225,1.2992116287857793,2.2198940852452873
test,-1.508188919868314,-1.8526314791247818,0.044949655148587356,-0.12259129699375644
test,,0.7401415052637829,-0.4276822646661042,-0.03444885490455743
test,0.3391074312065571,0.47033793273134117,,1.3416559667076975
test,,0.2126094131133499,0.4800012803546747,0.7723403340094797
test,,0.9703902251621459,0.6655628358765449,2.210671759304176
test,0.06714874316554074,0.5012887592509655,-0.6858051249504187,-1.237019925058217
test,-0.15584502307237702,-0.08076090194862406,,-0.7460568601348248
test,-0.888374984471408,0.40419508849476565,0.31108511396474303,-2.4761826125797035
test,-1.9482181246436865,-0.3168157429360983,0.01974025426487278,-3.2767032734104222
test,-1.653247727753091,1.6431046284501165,0.3287390339422453,-4.9317964425295875
test,,0.07608144268538153,-0.8206091518728567,1.9172971773158045
test,-2.299965738896931,0.9179146122586155,-0.23810075578098147,-6.520851338016765
test,,,-0.8479531809514312,5.328479840616633
test,-0.3335649709941044,0.8897046106022617,0.5408664907397354,-1.5138097745400974
test,-0.1788198767101658,-0.35149954611971623,1.6763564204997166,1.7075317186165062
test,-0.37055504848521714,1.140851106245221,-1.6357307767718536,-3.2921954240333204
test,0.04521629462329181,0.4449614984277327,-0.33934450176355796,-0.5309383661097928
test,-0.6133743612453342,-0.7658522033178397,-0.010702724492742252,-0.3014276806946786
test,-0.6648506649139977,0.004939126613069505,0.2607524387063402,-1.4616042198793333
test,2.7395721184816013,0.7656140998771415,,3.978007224131358
test,-0.703087261652276,1.2692997577640441,-0.2379237945260252,-3.395254965367844
test,-1.7788059865894301,-2.0866964010893487,0.2393520922644973,-0.01968249632203703
test,0.11092959607233129,-1.1626205363564366,0.7137250161370122,2.6572617518761317
test,0.2070477812663624,-1.3347720844066417,0.2755617510352302,2.4074159757972713
test,0.5021823543631672,-0.710489476639002,-1.6277299402231016,1.3613127704414376
test,,-0.2849164758202828,2.0091744039584305,2.085234013046783
test,-0.3280493593778617,-0.22258302302521807,2.3671512994790005,1.708290435411803
test,0.08372070098428973,0.1674925964111768,-1.6156533659849646,-1.6633456190238864
test,,-0.9071406867734199,0.5179472805687008,4.507594832151503
test,-1.7207176737296648,,-2.23956647231271,-6.071228210920221
test,,-0.14964247761195817,0.399201288951597,0.8481475718706021
test,-0.48871166664382243,,-0.5010306489284084,-2.4540885567540744
test,0.149489363720041,-0.8534325836234682,0.6925038547732659,2.3176228481189947
test,0.30161100113664263,0.03493470249846693,1.1737456324145714,1.5814326105107703
test,0.48664229089335104,2.0893466102434872,-0.030515639886090414,-2.508060806788565
test,-0.5637126025002993,0.8439612185072337,-0.3058307254857335,-2.54862826141928
test,0.2673902988824751,2.0031263386698863,0.48193132270462746,-1.8727573942107807
test,,,2.2182936324103077,1.685999393890641
test,0.11054910952806053,0.08509212933146273,1.063579301284511,0.5422177467941538
test,0.5480978711951846,,1.0563420565929291,-0.362798085312572
test,-1.0018163172554586,-0.4793593242386265,-0.4709407659910699,-1.856266747616952
test,,0.3171824343464563,1.6191247260954544,-0.6550424410794021
test,0.24028062857888835,0.15214722026262414,0.26468666430430327,0.477764616174409
test,-1.0613041731770576,,-1.2758723875061775,-6.4451944755793615
test,-0.4158371596141249,-0.23462459122954868,0.35564070709011897,-0.4222650741357028
test,0.5301384821975734,-0.004801914710270382,-0.7574381285128721,0.16245889932883079
test,-0.010906910030980488,-0.899657242090544,,0.7533735774340687
test,,-1.399699872725674,-0.4752190906242387,3.430377630207924
test,,0.32382819021914505,0.2913244823547971,1.0856169315164412
test,-0.8361079126168751,-0.8298911140044105,0.24065624406476346,-0.29078776073595597
test,0.3246064132507683,,0.4509200222586754,-0.14274205063387663
test,-0.20884495235713238,-0.6098883565463097,0.6836783484901678,1.256449427076616
test,,0.3706762392671268,-0.16844208666630583,0.9365404817234659
test,0.2995600419069604,0.6340804545488721,0.909091796778185,0.4927262648336054
test,0.2526678575205512,-0.030698678092624797,-0.13998084975498024,0.14936323896719622
test,,-1.2822254388973489,-0.6253238076554175,3.256910160541553
test,0.0953610260010197,,-1.2767044576848743,0.5299382911622088
test,-0.8557017298647517,,0.9771634775731756,-0.11578689326216784
test,0.652104839959664,0.07134610572508368,-0.9796488741781195,0.47019707366055
test,-0.41766658953932634,1.218643278544443,-0.2398776815122707,-3.0343656012458435
test,0.3995259882966367,1.105684343656348,-0.7894375560757686,-1.1917907357742115
test,0.5183539251101407,1.0707202923662782,0.6788609840284475,0.08980242431564853
test,-1.1728777112475022,-0.9177848753001845,,-0.942786797206485
test,,-0.6373817220465124,-0.19678458741747457,4.372730073187926
test,-0.4182297251394602,-0.8285715726931466,3.5551071659577107,3.6719951369429515
test,,-1.1400274758266027,0.10793767258043058,3.9004524881386327
test,0.13730571027300126,-0.9014754156570138,-1.5560566179318236,0.5708325766890022
test,0.2901216903175689,0.18327702036822727,-1.6990449276286252,-1.3503147060445138
test,2.57550369412685,,-0.06942591133965291,3.3550899876110267
test,0.5683010842327054,-0.5686514207042265,,1.9301124699648058
test,0.41794013394468454,,-1.0137724281374425,-0.7817560696992756
test,-0.6592220875820436,0.7201343135646714,1.7229319130926066,-0.7826091248176043
test,0.36975869498827757,-0.028256369852925515,0.24681584723716132,1.037659011534232
test,-1.0172548427293902,-1.3311241978647814,0.1990561632085504,-0.12713891781566314
test,-0.27476441137237995,0.02996042807242013,1.924071633747614,1.3063016256782354
test,,1.1356418373735473,-0.8199044740854389,-0.4967671503178882
test,,-0.2545101842292227,1.079756608834704,3.2190134779372217
test,-0.573839888961324,-0.018494939345682398,0.2793377150550094,-1.0242320652984729
test,-2.9058353940436588,-0.37797779364301654,-0.15960369224243323,-5.467748523232183
test,0.8260421782616554,-1.4803541975959529,0.5330155360241119,4.501211905459505
test,0.01293900088083143,-0.3502601355757635,1.0372143232036666,1.2366565236372113
test,0.009251203282596284,1.994568243285918,-0.5899670491527755,-3.4240081031554013
test,-1.0164400570338668,-0.4230546744979637,0.03627503006689245,-1.3963548990484107
test,0.11361126116975905,,0.7830170197523397,-0.8182524171772078
test,0.32898313578032573,-0.005029016626494747,-0.6895932576454801,0.057848270527519834
test,0.4041234571293207,-1.1304799008441897,-0.8292645982227692,1.7523205837455986
test,0.40360142670113547,0.44740893037559626,0.11210109645732799,-0.29442125618892157
test,,0.3822619765621949,,2.152491318328121
test,,,0.06674031609634973,3.2232347297209984
test,-0.1889190676366108,-0.949158266554081,,0.6840335101755459
test,-1.124841537942155,-0.16224842929529076,,-1.9683509699579584
test,0.38782566093808085,1.3169984012308633,-0.14328515820229717,-1.5322213993797416
test,-0.021554593193799258,-0.7666562393601113,,2.3289374564451912
test,,-1.1365875537491945,-1.6820261517751574,0.8006959570158475
test,,0.6722176328143433,0.9744446715286712,1.3831327203159136
test,,0.8044267679394544,-0.4977650108914457,0.367611555589696
test,,,-0.38669220967771223,2.7405836133376034
test,,,-0.7759538723461306,0.25931645103089385
test,0.9074665754331759,-0.14353274802331584,0.23632237476733992,2.3601736076874817
test,-0.31569683868779247,1.6774838440429767,-0.16111933804323783,-3.2129699228828805
test,-0.1073629555336778,-0.12455265090332034,-1.4927660828271556,-1.4446242533749238
test,,-0.10539932473027665,,2.8041949412972462
test,0.018463871604988465,,-1.9301205253783582,-2.7211349763566086
test,-0.11945289214128428,-0.7515018272616486,-2.2199493676312123,-0.7656589673699447
test,,,0.7032055648808608,6.155325120922736
test,-0.4867268810007411,0.38419803358101595,1.0941123506538784,-0.6088556272021466
test,-0.5325155367536921,-0.23235288882832647,0.7306705369123674,-0.43333776667507967
test,0.39459845419374945,0.3157026008687167,0.8904263271676183,1.483395908579939
test,-0.8049143234870413,1.0490313160537006,0.06589739836251661,-2.998915409564693
test,-0.8989139300323519,2.124326891415479,1.339679781448121,-3.8712757401190276
test,0.6950645556708859,,-0.18001849811097975,-0.029398356720484742
test,0.1966351844666393,-0.12997535575588667,0.3617428714789862,1.3187455277042517
test,-0.04141222048819728,-0.91152410075527,-1.183410483797432,0.45493569124084643
test,-0.3303866573594405,0.41626810702807454,0.5276172531325827,-0.7003525389941428
test,,-0.4148170548818314,-0.8730445190103091,1.8665431821204768
test,-0.11715435055093469,-1.4735558784885943,1.9969122463526452,3.5791592159043075
test,-0.1956954758616643,-0.4300299416836687,0.740935781365844,0.8799916534662543
test,0.11541054853989191,-0.11619229491115493,0.27431961742391864,0.4287180695310518
test,-0.591788388352561,1.8274141790844838,,-4.197233275689748
test,-0.374413334417573,-0.08761154761888909,0.8895228261029404,0.3690043964616822
test,-0.06123941728067559,0.7639278844724406,-0.4637291207665725,-2.1702171712064713
test,,0.2187289161802101,0.06768454850993708,2.1559608851962992
test,-1.7715129940823904,-0.6645847395396972,-0.393888320103498,-3.0984984887693017
test,0.5575281056389292,-0.23875284287230786,0.260858862844396,1.9894657410500114
test,-0.4298575022172287,-0.8692668715733209,-0.7578454638303035,-0.14319239158442204
test,,1.6936448722166138,0.10454889639419551,1.6960225608944075
test,0.06433155915458369,-0.4423943418415729,-0.7259837150654703,0.2151584605145315
test,-0.0573119765739274,0.3666022002800349,-1.914521085611152,-2.167064915246795
test,,-0.5083358787328086,,1.422134359298065
test,0.3017143325436409,1.1578933937123996,0.23363514023148862,-0.8880144474198803
test,,,,-1.9792765155060241
test,0.3357195629862138,-0.20122028829149927,,1.1328273050190631
test,0.12845158985347563,,0.08232753618461533,-0.6317369445189152
test,0.340253151030851,0.9123766044974764,,-0.013140442888315368
test,-1.0967081407552346,,-0.45672068703964225,0.1167025213031708
test,,-1.8017565429546811,1.1220741998648542,9.807785250271074
test,-1.3335444384681752,1.239488367808544,,-5.091766554409601
test,-1.1954171010576427,-0.9945173528112076,-0.3837904825337272,-1.5328115065612586
test,,0.10487795494475899,0.36820092183276254,3.070704893158724
test,,0.8915116699243765,1.1348859612953666,2.532689254698197
test,,-0.9156592902050099,-0.2492378148531254,3.0742972971350464
test,-0.4175865502077918,-0.7705537736573317,1.2538424813598315,1.5934998225305201
test,-0.17392218064134307,-1.1383599622415328,-0.9489290557110754,0.431080520617774
test,,0.3123679330582334,0.30209000555427895,1.9892940501050536
test,0.12526444090856198,1.537302004503412,-0.33115991682579715,-1.805626133980838
test,-2.517374923971558,0.7389076553539733,0.3536699991986408,-6.2507351781218725
test,,-0.9873433850233391,0.20006292163838713,3.1818695880542576
test,-0.874601346884492,,-0.099797272360452,-1.5610061344663189
test,-1.0688637962886371,-0.013152967633620703,-0.4701412908605426,-2.9604152341273067
test,-0.5299981161544249,-0.15666107975511093,,-1.8612049324336108
test,,-2.460351406404316,1.3863020417524188,6.941433721298254
test,,-0.6838858652455349,,-0.8336218094026338
test,-0.5774308915812763,-0.2835534250203662,-0.39632172137777383,-0.9405866520014958
test,1.115582691960776,-0.6402893974095198,-1.001603901064294,2.2784739883963767
test,-0.8941584619654256,1.6406134882861394,-0.003543484874112448,-4.243285695062711
test,,0.4213112367141984,0.44487172458277935,1.8857439390948707
test,-0.2625051990509955,-0.714614785673472,0.48237173087517626,0.9485988276915515
test,-0.6867638061497543,-1.1084017234601595,0.7605785978757174,1.3501288432113592
test,-0.5453690591469106,0.4698690461646038,-0.5330127120199496,-2.784027845811977
test,-1.4107967588018655,0.06852541510200197,-0.07601307924868,-2.3602561565323263
test,-0.08822646865603305,0.936608861963106,1.1154584678365267,-0.4423913418416514
test,-0.1721480051973946,0.6637413914728654,0.03252036399787489,-1.3547492313592835
test,-0.17333439781831136,-1.2541504611596082,-0.5225720474590959,1.57823252002075
test,-0.22895148681623595,,0.8835213882115344,2.665484445649733
test,0.07355948817960478,2.066274415584009,-0.26493502129077473,-3.389551729322671
test,-0.9491938982296712,,,-2.4673495590139205
test,-1.864331984975714,0.21683369453113086,-1.5141004793719204,-5.318906767726496
test,,,0.7391776877994592,-1.2979135032692568
test,,-0.09552916162317779,0.12997404280942687,1.1374625511866139
test,0.06115271687196344,0.5773024410408143,,-0.7156139408231281
test,,-0.5462691231349737,-0.7850454973639179,3.289140503375378
test,-0.20343715035641846,0.26637463479267337,0.8462632443511198,-0.09774383103032233
test,,0.6570447958953919,,0.1991198672491759
test,,,-0.5555898668678667,2.319485986889864
test,-0.08090808636434041,0.31591767075282173,0.972658412405846,0.04475427680957547
test,0.08251987171048704,1.428852211139956,-0.44857191394554097,-1.9567581270106578
test,-0.9717849331618936,,-0.5636606477156169,-1.6442491406912378
test,-0.7292029332049466,0.2853192804198091,0.7362523606952087,-1.4488863707492279
test,,-0.613682057312012,-0.8853263484157563,-1.4132515535483772
test,0.27369016967247695,-0.3424056884999669,0.15494999349097008,1.356450721446935
test,,0.959731471021158,-0.8303234279409845,1.7828523718838474
test,-0.13752437978079282,-0.1454091839227031,0.8882998279247628,0.784493449986865
test,,1.5667393580185962,1.0653242333156518,1.0003724165337917
test,,-0.04147286698188992,-0.4443987816611492,1.1347330944746412
test,-1.1056342957879468,-0.02134215929624858,1.2692449065051705,-0.9236922043411503
test,,,-0.20805530534499764,2.0473234977813277
test,-1.4735710703372835,-0.8274995611542356,1.3767906545845308,-0.390656074093829
test,-1.2560237267994487,-2.892209523060948,-0.22926953789222532,2.2471072853352525
test,-1.148971830203833,1.2603633890280108,0.5255759552939543,-4.424209593810031
test,-0.8707532785755927,-1.0145719970859008,-0.4720707308700049,-1.34943967215803
test,,,0.6641789381812011,4.431301107070641
test,-0.5612283061618243,2.0442720939663372,-0.5978573836785608,-4.359152408764222
test,-0.08428864102875777,2.09239777081432,1.7452037746672224,-1.978831997664207
test,-1.6635597932344048,-1.8701780593908903,-0.0018558197248254335,-0.4177151250410365
test,-0.35506420353556234,1.971159225680165,-0.6614603417829438,-3.2047846068772428
test,-2.588523748805995,1.4432164907527731,0.8755211076993574,-6.394910906796087
test,0.617643791459748,-0.4169531646375428,0.7830823129023353,2.364440430047816
test,0.07156130496022978,0.025288680514585465,-3.178804585031117,-2.105215470806113
test,-1.3799335964037034,-0.33848578312885796,-2.0982188133718287,-4.11162473623946
test,,1.2022798215166424,1.6872216935623263,2.151082616435494
test,,0.8187487043544158,1.2955525986220884,-0.13532668760644773
test,,-0.07253270260864975,,-0.27044684308242495
test,-0.26065825888510685,-0.21249698560294192,-0.13319296106122905,0.2873385999534719
test,,0.568506168479864,,1.2574912936658993
test,-0.47913560264374094,0.9109134979190728,0.10809701724757641,-2.222291402237772
test,-1.4346212167909336,0.3618396007020876,0.5814434823905458,-3.0953712288651203
test,,-0.45866821376584027,,3.181013048281696
test,-0.3087572777843331,0.6853774798398005,0.7717242295298217,-0.7485157658913291
test,,0.013397049251477253,-0.28894887846754286,2.7101989080300557
test,,0.0006679560290405401,-1.1532532995737361,0.8392577731562746
test,0.09540847646329849,-0.5227732823275351,,1.2093054304509099
test,,-0.3884491601807905,-0.5332934220550024,1.6427668365871932
test,-1.4846176888140503,0.5488579778323015,0.9501637779663888,-3.0920011003105645
test,,0.1908955026141952,-0.17201638645933323,-3.3083375153717323
test,-0.07933677814987096,-1.6750973323675395,0.14254905309169882,2.6005827619278823
test,0.21770599782480748,-0.43712478751473177,1.7855798215131249,1.8772256092499353
test,-0.017107778185616807,0.7821848729974878,0.6432305123610499,-0.17611010214880607
test,0.4982327938146426,-0.7872088290067327,-0.062339141095641704,1.8320900765880084
test,-0.8957460099413742,-1.15432206044093,0.5178356212804224,0.8035923865488831
test,0.7836941380591516,2.5326165617921643,-1.5434139861035572,-3.304743425433355
test,-0.5969765316003327,-0.26464821658030263,1.1509388897933288,0.5973224183182302
test,,1.2029869914786553,0.9074627030892697,-0.7963811617546029
test,,1.8143105168144287,0.5944386885088497,-0.6753919620577533
test,-1.930932883032521,0.37310171190670244,-1.4024450809262077,-4.986531004442329
test,0.16890309304974616,1.265808986761982,-0.2611337225862839,-1.6110408574797643
test,,0.035045500050248396,0.06189674990202207,1.209230725262764
test,-1.2164137482542392,-1.1038900991018898,-2.442628441933366,-2.3052353838866777
test,-0.16608163794864558,1.4089635517265957,-0.43885573381011816,-2.794335601081673
test,,,-1.240802466796919,2.4748401355109846
test,-0.8190831166742111,0.5817608214106045,0.1620158867928446,-2.4685467068719578
test,,0.6645730543414299,-0.98967896176442,0.3367587402479237
test,,-2.3702061123083356,-1.356985305758832,5.43872838958386
test,0.5607934493113473,0.5214197135467583,1.0560023992154681,1.0477047519392202
test,0.21182963534974747,-0.23011940023020527,-0.54568876583649,-0.22771484253527768
test,-0.9627181217975495,0.7139239615556732,1.8734772370241894,-1.5805474687100058
test,0.6573622940193456,,1.51055370037075,-2.0735571371992707
test,-0.7232110946508404,1.177825543599541,0.7097070855515423,-2.4343610872342625
test,0.07409882285717306,0.2507445359433409,1.1879414759634503,0.5622813741878604
test,,0.7623844940328078,0.6409503570632893,-2.1446146302039657
test,0.06710253239824736,-0.8722456774092543,-0.2762543362158503,1.6512406132183555
test,,-1.6182823664186057,0.43754004198579827,0.9373182000416737
test,0.04695367120880567,0.41061464091899047,-0.6427348186243553,-1.1206958622704104
test,0.4681289736268986,0.37040499668268584,1.6105800937098012,1.389437563611605
test,-1.3095954125934939,-1.1674966963514022,-0.004748005390104006,-1.6016570028627641
test,0.9861343671497724,-0.22933987346034906,-1.3782169848043706,1.1603394410421641
test,,1.5374387985306754,-1.2427083625467563,-0.34526184844110774
test,,1.344914498529693,-0.8886569823493253,0.017440301540896763
test,-0.13205819430829346,-0.7838800123589039,0.004938689967017383,1.0552620918052091
test,0.7703723245997751,0.939633549932323,1.795063860398913,1.462973838259934
test,-0.5003529753105057,,-1.3320482981803499,-4.719820004377964
test,,-0.008842374730389294,-0.3972401629641021,0.23745710650777024
test,0.3966057102594749,1.0143281509019288,-1.044606067218139,-1.1075678305204204
test,,-0.33882030352028336,-1.345506747121143,1.3660722472785336
test,-0.6027546330211866,-0.5326266715876412,0.19052752593203337,0.2998238776749719
test,0.4746256672245653,0.7590949298949128,-0.35572156180092634,-0.6633828307550208
test,0.42243082336306015,-0.437386149176263,-0.7846026227550399,0.48928919617725675
test,,-0.049140535089569996,-0.2148561377279976,2.266994903960621
test,0.4226875473956704,-0.25320371939861763,,2.059753572138758
test,,-1.0338870851151118,-0.6563838701678107,3.265324152280118
test,-0.8814519951979478,-0.3083003365352272,0.6321548017153075,-0.49788510747304704
test,-0.7038291120113742,-1.9172580400558659,0.42416164185814903,2.2099949769926743
test,-0.5921947032054536,0.685190940928924,,-1.482920446945673
test,,,0.6277290915049206,2.0423776853735878
test,-1.6763938435439016,0.4173044087383908,-0.07558101194762663,-3.9915353618317155
test,-0.6750507277987617,,,-0.8512523173260306
test,-1.2164619307627031,0.7828061095603746,-0.29783253826517775,-3.6284998819866643
test,-0.8521056801220728,-0.7238945057660872,-0.7351876551577445,-1.3205917316897404
test,-1.5534718090889776,-0.1661019581109539,,-3.5247740842606996
test,,-0.18540630678540854,-0.17084669384229617,2.872351073316967
test,-1.265342031577638,-1.2448080767916632,-0.42865154916830167,-0.8081615732965082
test,-1.4448341524033623,1.423863754999454,-0.7498308636440106,-5.761410763520952
test,-1.2865539687772602,0.5663148319498459,-0.00797339278636374,-3.6993232377390135
test,,-0.2559226348884059,-1.023782052190063,-0.9534066567971512
test,0.23677674665486292,-0.17169665131958858,0.130463718265724,0.6159320530228538
test,-0.0948054636486331,-0.7179167697497338,0.7584585818310565,1.5901850522834993
test,-1.2999144155514062,-1.1194744688515863,1.2639105760139075,0.29599139115014106
test,,0.20606315680674853,0.379700949121654,1.6159702895678252
test,,,-0.2709781024026787,3.088007759582376
test,0.05024866197610631,0.06555268612963583,-1.509633741180354,-1.1823647575196001
test,-1.1225279584475767,0.24021676458620855,1.9956029404761313,-0.8210368229031098
test,-0.9063273381907829,-1.2177327243705018,0.337707609597644,0.8876337871087975
test,-0.9357044226628963,-0.8208195369232228,0.6754316254809577,-0.4197737193965253
test,-1.5977341348117549,-0.3214579723465065,-1.055413461680383,-3.8145238303406908
test,-0.8974233433451235,0.19710207140661726,,-2.62513217536269
test,-0.6158260004001714,,1.4635448635876591,2.1099714680685433
test,,-1.926286677579711,-0.1652656903364106,6.619001829318825
test,-0.9418882179884862,0.858555194507696,1.5875531072824065,-2.1071700367930912
test,-0.48213000842526726,0.821174299708614,0.8257644782842137,-1.1053966548092509
test,-1.0839099406516806,-0.2567702072535406,0.11038791444748623,-2.03380332998794
test,0.230040839073435,2.508090876225019,0.6780296951874023,-2.8397428205838207
test,,-0.10121932256088735,0.5855046798484687,1.569671352429007
test,-2.33023914049068,-0.2362206006456028,0.3514973258526773,-4.22722627841043
test,,,1.63719549188021,2.3358015848274474
test,,-0.7875653133468147,-0.8165498042590518,3.249715721584738
test,-0.5751925999741913,-1.4678378118033208,-1.9443717095035506,-0.6392530143818873
test,-0.09256994780899047,,-1.5288934303205068,-3.0401679726520285
test,-2.7307475452052583,0.7314319794228246,-0.3748411477392299,-6.2148883214226585
test,-0.5738040102979517,,,-1.211239113940839
test,-0.27232117537891687,-0.6273084107869142,-0.8350148564721421,-0.14243060209161654
test,,-3.1420700827515318,-0.5977001853471647,7.799686777038034
test,-0.05504875205834668,1.5196221823430391,0.42130474378789584,-3.064700190624766
test,-0.8485869756548682,0.7979017454870386,,-2.6681007095058296
test,0.24353696008754144,-1.8202746590985504,-1.327059749871993,2.1217677077382886
test,,-1.1865803930369156,-1.1544559989131407,2.81184911800569
test,0.4001910450253264,0.7514704093700363,-0.224028330293529,-0.4884944396398818
test,0.40430803782079267,0.991724892154775,,-1.4799325996763084
test,0.1062725755391718,0.7639606454223988,0.8210434379684404,-0.09839550124459515
test,-0.3715167183683517,-0.9756845797166774,0.9314543650238111,1.1374015413025151
test,-1.548899516021549,-1.0621237700404313,-0.37779214821368756,-1.6260767949093968
test,,2.0223078730044155,-1.1448554001306122,-2.632517529715614
test,0.1059509351458757,0.3844929072762133,,-1.5592549819218526
test,-0.904876465710925,1.9071542849758063,0.013625669239519644,-4.645376873645436
test,-0.6180168451946005,-0.5796211858608391,-1.140321281116768,-1.2170479325305708
test,,0.8056851280308939,,-5.288610395053428
test,-2.202341484546308,-1.2587375728616528,1.0211399153786012,-1.3148229121425956
test,,-0.6662185443994929,-0.4304238633006151,2.9698938035006295
test,,0.7422134022899651,-0.4128059648419811,-1.2559508978718172
test,,,2.246904057697333,8.356795274356822
test,0.6477519572031234,0.15969360647909803,,1.1162639117373747
test,0.045632165687328724,-0.5230848050948611,-0.43961104860880185,0.6116546088504314
test,,0.2815692285398938,0.43907638338744187,2.0088950373693337
test,0.27645155888421413,2.4356525814594243,1.0990743021901481,-2.0496319106772316
test,1.8928149694635712,0.8789557171726985,,3.519722233097395
test,-0.30302821811497405,-0.5425149049406688,0.28772794252447365,0.6982178039268052
test,-1.7500396834578453,-0.1133052014517422,-0.48070148843216104,-3.2321151605449647
test,-1.2602766095115643,-1.2674861008953726,,-0.636184946779798
test,0.1754893679628644,0.3511632933527138,-0.03031312017492102,-0.45727444837173403
test,,0.32885065627192533,-1.530223047348588,-1.9854770819491738
test,-0.07645005325785904,-0.452496865143954,0.6857216989994881,1.2299126955529982
test,0.29923345737261875,0.7378979708044773,2.245698483538066,0.8004336772515522
test,-2.207848211769725,1.1897145740544672,0.35254150939750206,-5.653402128198802
test,0.12162637337764998,-0.8458487727530059,0.02859294774480258,1.3978935640911638
test,-0.8226645148079322,-0.9400950295306293,-0.5436217127160649,-0.9225244495712068
test,-0.6993338929757226,,-0.6372300049475673,-3.1614229967357366
test,,-1.2102110205848582,-1.164237163306734,2.9263168231732197
test,,1.0057483547325752,-0.3618759919314819,1.5420119945081094
test,-0.28316741212611385,1.0994692223159603,1.1055895568025735,-1.624164065614882
test,0.3136133076327271,,1.7709529747596837,5.034299702921134
test,-0.21352424277610355,,-0.3629807414972236,0.044131738720100455
test,-1.0307229077938045,0.4827734736154065,-1.1158980465595634,-4.29332083262936
test,-0.9133888019570867,-0.19362599022998378,0.07429801934164884,-1.4448352746039244
test,-0.10511121183380205,,-0.8189870230791052,0.2887199191636764
test,-1.5619330361429715,0.6986832146059723,-0.10931973851226454,-4.165761145827095
test,0.2669866860247721,0.11762370780929302,1.0146721961401306,1.474157575324323
test,-1.024348056958477,,0.13810062937375697,-2.6822782040073987
test,,0.5531028642147877,-0.8765302282634706,-0.11042168958700638
test,,-0.5835618832985154,-1.3515980583664164,3.130008523818154
test,-0.2409463706969334,,0.8467088910282089,-1.4521639396625816
test,-1.0928268735493512,-0.2386746483699895,0.6688503347681324,-0.8261074662890151
test,,0.5237037679843474,1.5247494289455292,-3.023704273691312
test,-0.8992908476855543,-0.4506902178714355,0.15125731883780827,-0.8019476079022805
test,,-0.04669005463541672,-0.562619323967926,3.484125145264922
test,-1.5579591518597038,-1.5206683884830878,,-0.8804218135365468
test,,-1.3817409733679762,1.0418321807995896,6.251563416869933
test,-0.2389203145017897,-0.0305697880525581,1.1965603181992317,0.7246820386519495
test,0.3481774725418816,1.2486595635686708,-0.3676432686718612,-1.615671659278527
test,0.5154095075136615,2.1896434674467082,0.5978179303777232,-1.737785234495783
test,-0.9016665527835631,0.4513857858621574,-0.6606557237447894,-2.6643742867393074
test,0.3156053218920808,-0.2159041716002763,0.9623239272390942,2.1958941794539673
test,-1.3475060787870339,,-1.026345493233225,-1.2217458377665278
test,0.5817821238521109,0.6940802672433994,-0.29765203430207504,-0.1840624056158715
test,,0.4378632802686836,,0.6442340589137048
test,,-1.321449759830423,,4.750621140121146
test,0.03806384988591172,,,0.7769379356041072
test,-0.7890811816418173,1.104267678306691,,-2.2027033435883254
test,-0.22282955194285473,0.995606879689887,0.8207857823606324,-1.0870837299152094
test,0.1800916573135009,-0.28904834501241994,-0.6966766128080074,0.16272158480880936
test,-0.5502267438321736,1.2293989278107702,-1.277535445671932,-3.8893535273325024
test,0.0055584075429722215,-1.6332628881733051,2.005831528043692,3.9084679172750425
test,-2.9609573652543326,1.1921981480117663,-1.8816673081574444,-9.357450535823872
test,0.23632006192065166,-1.9160404040388823,-1.2760842476905008,2.1872219257690837
test,,0.960289388109411,0.34733077814629404,0.8464581372064528
test,,-2.2868477345962956,-1.7935263152926195,-2.9579138620513734
test,0.4143292313224327,0.7605183002430548,,-0.6046036222205347
test,,0.12457670402127019,-0.5010886913000339,2.4136271945879963
test,-1.0361983409302626,-1.124274110041659,0.7180345328717878,0.2985117939384262
test,,-0.5093785077664589,0.1317199908599662,3.259564032751264
test,,-0.3266460039545507,0.2627124839619965,1.2176964332994513
test,-1.3547660257024297,3.0135806761608968,-0.08193406487279563,-7.144707574434619
test,1.383154017308566,0.36334726773312365,-0.6689907684629619,1.8699808185826317
test,-0.12715131526611215,-0.7940885266098663,0.7678344061853368,1.4439706310251321
test,-1.2772570365999942,0.04791400132245745,2.0969357830322175,-0.8461929293167204
test,-2.7589487974165077,1.0617275210366528,-0.6601331924309152,-7.7038101103465415
test,,,0.29060499359402286,-0.7516508387497361
test,-0.22112658828098505,0.3967830127462367,,0.35875552732480276
test,-1.6411982196249353,-0.30588176011767976,0.8580790874010631,-2.192495411195355
test,,-0.5623772577166787,1.1821843547496331,-0.17369577025110747
test,,,1.6378921281890333,1.6778536225908127
test,-0.33115555600047053,-1.7774778695450337,0.7094755596323388,2.8103448315811757
test,-0.49646357944317854,-0.010370140219367913,-0.298315410316246,-0.9883517096192029
test,,0.26672147639613214,-0.5851271999396055,1.2674045158401002
test,,0.9120605516182968,1.1224884610136758,-1.4141358729168896
test,-1.8712951851909534,0.1115591733495144,-1.8949925504428475,-5.207435403606829
test,0.6375996806803119,-1.7419047241327907,-0.2713821518112629,3.5183249740088884
test,0.19280103033932666,0.024303285968843215,1.451360004467268,1.347400527846153
test,0.3184971234523282,-0.573410187106084,2.1378894446255727,3.4158743704846954
test,,0.2572364308375031,-1.088847009678219,2.589688202695455
test,-1.087606906309333,,1.7507171685402456,-0.2902762505699615
test,1.5908296088780318,,-1.4753790094269061,3.900430259790362
test,,1.0651633893311718,0.3438187012853848,0.7962798254071188
test,-0.7387855983908203,-2.0059989364475594,-0.02869023046869391,1.4785220342506342
test,-1.4047137836569012,2.300867523520477,0.2130715178387388,-6.111074840921346
test,,-0.14245942820732024,0.8656311248985991,0.9329727346803748
test,-0.3757671927390751,-0.207938761749821,-3.3761829968699795,-3.0949337111218735
test,,1.566893871775952,2.287045907600188,1.4140260643841986
test,0.613304679774487,-2.4328059304612224,-1.4841574160812758,3.470346107906813
test,0.5848009449919087,-0.31850940212582235,1.5299518847219915,2.610258406311417
test,,-1.1742014820317292,0.3470342177378532,3.9473750067330395
test,,-0.44845685355437975,-0.9858275753171376,3.445891210432962
test,-0.09244214928276832,-2.2263119465613754,0.3899534328708188,2.9102028337555694
test,0.503239206747233,1.1413273104336583,1.1073797704493857,-0.44000898722744175
test,,-0.7769215969583069,-1.0199167070707205,0.6650405008809064
test,-0.1984924293235909,0.8908300819008564,-0.37077793198302095,-2.0937074094431876
test,,0.07781779611593857,0.12738272602837108,2.3644133942382712
test,0.5676702604799159,-0.2235382448379384,-0.24776505895811327,1.1220698856429863
test,,,-2.0525971953499216,2.648518813504263
test,-1.649621174939411,-0.2461526727158719,1.408888568126441,-1.664124973620399
test,-1.3599545140690268,-2.4825549997237526,0.25316451449985317,1.587401172138446
test,,0.7794006360394072,-0.08354426789542053,-2.874331099341559
test,-1.6759076784103413,0.6354365884659977,-1.6458476714943282,-5.752598191980198
test,,-0.2029952205555578,0.41008013217830547,2.2170276159136204
test,,1.1660069716197556,1.2304837450929098,-4.2543089585183145
test,1.1559606463588912,1.3998148758824522,0.12604200472118782,0.5078946325882903
test,0.6258778029544593,-0.02943144959585131,0.49924139447950755,1.3298694147249615
test,-1.6244121195429149,-0.1436833701199237,0.3281845348788605,-3.362027935091059
test,-0.10796723170682879,2.364676694068178,2.164623522869186,-2.130593306928379
test,-0.762122732915732,-1.1525928573531508,,0.2882755612296229
test,0.42150930802228076,-0.3369222316701123,,0.8338024631327918
test,,0.21104226476193838,-0.23211258979366298,1.583628701901891
test,0.1239055647623446,-1.152131807636396,-0.366869658140503,1.8301633259527201
test,0.4330340056146556,1.2747461096567745,-0.44920647123261104,-2.019812313256785
test,0.5244569402402538,-1.391110703321155,0.31337819248078164,3.005422589309753
test,0.16894032822830543,-1.1041452528943556,0.6051176480235179,2.4044569446282393
test,,,1.0959782781835088,4.9913656777810065
test,-0.9576894380037502,2.0850931166603366,-0.8235193615642603,-5.747571095585667
test,,0.8679858276477558,-1.1109206844415884,1.6246937085706483
test,0.4610195762339685,,0.1824158911927724,1.9500638711013947
test,-0.9086144679906174,-0.16775676160315592,-0.3678626520028596,-1.5071331677028446
test,0.22090680595719484,0.18152766017837757,0.5194312486476528,1.1955334271798295
test,,-1.3029659296438185,-0.7507160588510399,3.7199218146051196
test,-0.8201889524903044,0.4031122240025911,1.5831359586018208,-0.6445497559820248
test,0.58231645187573,-0.33457566078266576,-0.6113225738746462,1.1994183542416141
test,0.41860062906128875,0.2518559972205174,-1.4654692422342537,-0.2543694182273306
test,-0.4546653843834346,-1.42988046346084,-0.6026479195147347,0.7937822653237537
test,,-0.3283503905569714,1.7419131306141211,-0.5148898426617463
test,,0.6527074643248479,0.6457484659900483,4.359437051048699
test,0.6441483426764446,1.033046041187432,,-1.6081841162427635
test,-2.0941616380247425,0.3344549092102225,,-4.355479767034566
test,0.5520949573676007,0.5516921516766122,-1.3976466494514388,-0.617793961483317
test,,-0.2561574237245773,0.9788764035144941,2.5769032721988387
test,-0.7413440798147191,-0.1926445804529496,0.2656986014130693,-0.7400643952377244
test,0.44395653798868817,0.3235865463503904,-0.9399733852419084,-0.6587945160409591
test,-1.2688828051280467,-0.7031816609156187,-0.8369273826548703,-2.39570802490115
test,,-0.9313314647949138,0.010019816572116228,4.727992917194138
test,,-0.404413490043582,-0.743401175373393,2.680700918363956
test,,-0.010722636956734548,-0.8212240605775469,3.05774925112776
test,-0.8374510952485249,-0.06805649837851252,-0.6899548960447934,-1.4771068431948713
test,,1.376685692996939,0.9910153961802224,0.09658886104123218
test,,-0.3533705567611883,1.9084322739483877,4.323467670909941
test,0.37077015322113477,,-0.5895116072518973,-0.4222633698548654
test,-0.9610102734940961,0.42739440480539537,2.1961616773243735,-0.5666656393176072
test,-0.09633500290598061,,0.6359243562577054,1.6946152237595529
test,0.21087534270041366,-0.5631096971902407,-1.8367389797968736,-0.3572928754590269
test,-1.1017664308355792,-0.5451278141815149,-0.3706214943443231,-1.701229173553971
test,-0.5651245778784196,0.6425127112046404,0.45818590944166565,-1.4291498907511868
test,-1.6729336221007332,0.494659354415678,1.90549833220634,-2.259018348242088
test,-0.7517363805351528,0.1913908683486019,-0.9859366225124236,-2.6647747546386586
test,-1.4511140948380683,0.5625435757628244,-0.9456704447039667,-4.641652162211613
test,,,0.5818786333625998,0.010242040357175491
test,-0.06726988521119534,0.5477048047909648,0.41711320718125744,-0.9482758405914102
test,,,1.6146445637951514,2.3872755411949456
test,,0.47101084523276576,-1.2881759397684207,0.9482509725868229
test,-0.01859983753935998,1.201407910309788,0.6261831764884501,-0.9377849443611683
test,0.022805032655049007,1.124400401774095,1.1874244401043557,-1.1970916883786613
test,-0.6581717669613206,0.580044658621524,2.1351571770143267,-0.604375790194164
test,0.44387468059173557,-0.5518633575008141,-0.4777046056319171,1.7300850947984834
test,-1.2891314867468049,0.020981416699229538,0.2721218970742493,-3.0591900876399434
test,-0.9545358225985203,1.1231967165056709,2.4682815159890117,-1.6951213595053543
test,,1.6602212548980142,1.4048317080168526,1.9579908303672562
test,0.05162573870921343,-1.8290970861806788,1.199165020136977,3.9654476842763193
test,,,0.4865104829710107,1.915383245396885
test,-1.5951193014067377,-0.6138044556910461,0.39582049473297715,-2.1372249263853953
test,,1.0524773855619907,,0.06482641685062482
test,,0.26924379636111356,0.6580066696751834,2.658126612547835
test,-1.542356726538386,-0.49894028396873497,-0.0008860919519329922,-1.6785135515743947
test,0.3106398848218224,,-0.07605079318975018,0.6348747534305853
test,,0.24142525961388211,-0.536370897305072,-0.1366053572906826
test,-0.09458311575383804,1.5244646078574315,-1.1561108397590913,-3.310956907539985
test,,0.3048884155968777,-0.1259442012619132,2.3101195427581076
test,0.552523483939375,1.4891799653242634,,-0.17698257095127412
test,-0.2564121582831123,0.14269925871065955,0.10957642924418734,-0.6431898757926027
test,,-0.8927465338421217,,2.20533523152574
test,,0.4088637450345792,0.0003258355962488014,0.7365526761560943
test,-1.3010323537013042,0.36399721458769285,-1.9543175578178813,-4.569444925637947
test,-0.7513769712174992,-0.5168203232500065,1.126545706474086,-0.15018449205386492
test,,-0.3912193203332933,,0.8222290346587497
test,-1.3468475969016989,-0.005542569521406088,0.2966517174786915,-2.416011391121333
test,0.2722153644814762,-0.7186099327194385,-0.5069518604344407,0.9623788931905929
test,0.30581028663648346,1.2642400902798157,0.3312039456326031,-0.8357660409779376
test,,-0.028202754351847784,-0.31684185720400987,0.5876393037232829
test,0.5199448623439973,,0.872405639702867,0.7935495664305315
test,-0.49755303828539393,-0.7038202994413558,0.8782472294416152,1.0249103146918608
test,-1.24636317675883,-1.2421661932525592,0.7204900901320033,-0.09590996858098788
test,0.39168988544168826,0.03716121293130785,,0.015714120977170454
test,-1.2479822100923887,0.48884831376538235,,-1.643581197424158
test,,,0.1373053953880097,-1.9207268931343247
test,,0.5988314325812603,-0.48348220801985287,2.100707292852122
test,0.6320406965142166,0.0774353460800622,0.36511120551394416,1.4669021098650548
test,,0.9550752122096116,0.7520408364242449,1.6760769127093542
test,0.548386173241804,-0.3979668855137552,-1.7524836794685152,-0.18028966435067562
test,-1.8638403918909545,-0.19328228785113657,0.016473092699829682,-3.462281399451459
test,-0.16815602582745506,1.6447793472954997,0.25545183890748524,-2.7191440646359832
test,-1.8772569651402204,0.09412758618969186,0.310082803322975,-3.482500134653136
test,0.6715945191303802,0.8599998260260052,0.08163376359615887,0.18143573155637915
test,-0.3768641536947868,-0.6822082964413817,-0.1464643083909393,-0.05635704882595324
test,-0.0504802314583032,-1.1965698889598686,2.2633109048622972,3.9293789039877325
test,0.39488557440370325,-1.9824931893099242,-1.0399603554984667,2.792967742918188
test,0.464656802470759,0.36928254115407827,-0.10339171556999356,0.4451184421737131
test,,0.7734734080800821,0.6055997450611573,0.6931839662940302
test,,-1.699381471784839,-0.5686626906149054,6.730208644260843
test,,1.2474139626489271,,-0.33159261136532314
test,,-2.8084469605481273,,7.119287019219103
test,,-0.5661767823078693,0.022332189534389382,1.3917080862259272
test,-0.13551810162175562,-1.5801615390118935,0.11289451445985833,2.031469022384241
test,,-1.2453155642933715,-1.0835397785090866,2.581322474222119
test,,1.002657325976775,,2.10645412549127
test,-0.25176674102350816,0.2568421005777712,-0.37706059883242893,-1.0528102239813382
test,,1.1121290056645412,,1.4935082046200023
test,0.2762440780181728,-1.3760435165225484,0.25917491399090936,3.0466398302823725
test,-0.2215977437176476,-0.5616723635485358,,0.5082848159129888
test,-0.6546313488499433,3.057692618192437,0.25486928208292936,-5.939529033652322
test,-1.9195182284172283,-0.5422077006484916,1.0253357919396606,-2.0627267786973835
test,-1.66831933734275,,2.2627222102486653,-0.26124459390135085
test,-0.029884966698988477,-1.6681491808975362,-2.864890715985297,-0.043935618650197905
test,0.2234157197478046,,1.0326065951537011,0.7296971698348286
test,-1.1540541318854731,0.47688188353583055,-1.732805752545029,-4.340243546063689
test,,0.8393045334184551,-0.8610928089531734,-0.511357749928537
test,0.6664638556024747,0.5997460033992831,-0.24697904353960817,0.2522741915338691
test,-2.32263093954624,0.8967826289082573,-0.8379953612085931,-6.789672089954419
test,-0.845991894845765,,-0.39651129330057944,-1.6748773843900815
test,-1.9866551532871597,-0.8712101266915561,-0.3095588339226813,-2.7607265375836065
test,,-0.1570234792299415,,3.5137372259362296
test,0.37168460773611905,1.2754595272911617,-1.0738808902252026,-2.075055477736616
test,,,-0.05494249183256035,2.290383656387606
test,0.4085567498153906,-1.82208120127616,0.6188827431289147,4.092685502051421
test,,0.525851781500177,-0.49925483128807663,1.02864113950783
test,-0.7990733678524554,0.8866917558009909,-0.199032422792668,-3.3440826055160136
test,-0.6077778419893759,1.38857004690851,1.487925828022791,-2.236823368821861
test,0.08915258951339161,1.9257530963590643,-1.9137331559370108,-4.250711372283823
test,-0.6555282378848307,,,-2.079905313066221
test,,0.026394702591461698,-0.2814153160482739,-3.842355768849336
test,-0.1441483282374328,2.0353213596446653,,-2.915077744327339
test,0.19931690275682507,,0.40945663484658373,-1.0309248505652129
test,,0.41005864648810114,0.16368327990972542,0.834490860689253
test,-0.6245314960736994,0.13008006956610466,1.1528003617120317,-0.6053356017803088
test,,1.4973580806348974,0.18114947036311838,-0.4647491097239275
test,-0.3078914993633848,0.8473058066437994,1.178115007885954,-1.1917272145527866
test,,-1.6356207240674354,-1.196100572083969,3.3652742176884307
test,0.009785346945410259,0.5298382855472057,-0.7944764385595964,-1.6726548336464437
test,,-0.3094679039358385,-0.3030613285933006,4.97434842277955
test,,-0.13101194162941637,,1.9039560853036752
test,0.3576402148487903,,0.00993290553058829,0.0503498660177705
test,-0.6092879118871926,0.6799203575331,-0.2131141330597714,-2.468027873889428
test,-1.4621360028609742,-0.8019862532686252,0.43154816657514766,-0.9639880279342832
test,1.0438138999296405,1.7699199213807535,1.6478286870392598,0.8767784016512223
test,,-0.3364032885898364,-0.8106081210641968,2.731642042322631
test,,-0.14903985502719774,1.0095411751288697,0.7902208228496423
test,,0.87068887599194,-0.39928534001479277,0.024406857824328727
test,-0.5082049801419989,1.0324926424236984,1.5801249341640158,-1.9093631701437404
test,-0.8454085808566144,,-0.7628903405778237,-0.7917586807125507
test,-0.09134524054506137,0.21900122688427198,,-1.7699668325308449
test,-0.5401485912285062,1.0146803449706197,1.7806782090185882,-1.4808118349207158
test,-0.7170333296981362,0.3628991731432888,0.6269202881586788,-2.028936108978388
test,-0.5934611998307414,,0.5464445822079067,-0.5242942413133882
test,0.21199340632462382,,0.8132524484155479,1.6730657764994465
test,-0.5460166222498534,-0.16090327912732333,1.4732211275037042,0.7838430977329238
test,-0.5235753267737798,1.9930602975802767,,-2.0308648355087597
test,-1.315420901012705,,-1.5962114536705367,-2.3443894887327765
test,-0.24205092161609318,-1.8525460951114958,1.0283636386896835,3.10911008338869
test,-0.9165848853779398,0.4500941009976315,-1.211345425186186,-3.6065545400938896
test,-0.672807068045613,0.1005121776205545,-1.622754829549346,-3.263931862335711
test,,-0.2877778771701374,0.7696359782476848,-0.5548801245177827
test,,0.8287508315091602,-1.5159597174220278,-0.2615667009818962
test,-0.0826452547157866,-0.6952349043870377,0.11993555860339698,1.2867639512307516
test,-0.14261136586608048,0.30010351796457685,-0.12516666705328663,-1.3028715190932298
test,,0.8721900023375146,,-0.6978570108926492
test,,1.9891882005995256,-0.6907647026215802,-1.6417355933571505
test,1.9401329392821958,,-0.10523457906167105,4.545996155015332
test,-1.5567599397753955,,-0.09163655862173736,-2.4856541126436973
test,-0.7651491674541266,-0.2813945845772399,-0.12293162998241838,-0.9609592683238246
test,-1.5145303392428624,0.9552904462387528,-1.3095990046397747,-5.051269380377013
test,,-0.2515869207181085,0.2106452506509054,2.7722156391277077
test,,-2.0074455604292196,-0.8402901383676347,4.247813244159308
test,,0.9903481487127223,-0.14149389372813503,-0.4124051658260781
test,0.46345099516607374,-0.20736644299593388,0.60101551734991,1.762240241385246
test,-1.3293173543646462,-0.993588590513148,,-2.4208229191929425
test,-1.0810961457495558,0.940560099561796,0.9825985317311139,-2.4623543582271514
test,0.6847813482603328,-0.507582572084178,-0.3623030310695786,1.9364369024066501
test,-0.09544753817476438,-2.637093054080882,1.6073348447759217,4.943762517445272
test,-1.1614951828125406,-0.8109725157270598,,-2.7230205247309165
test,,,0.88803332375571,0.6678663101915252
test,0.5358786522236719,-0.741900548119328,-1.3454591915407168,1.1396250354255795
test,-1.4987792634780466,-0.706970433352838,0.9282257320120803,-0.7334956612451964
test,-1.7066467002573782,0.4976225913542347,0.7872765819367439,-3.739192262890842
test,,-0.9352834728706237,1.1735637132079548,6.226707124449963
test,0.49680193712334947,0.2702246971603559,,0.7362780281783845
test,-0.530793383037831,,-0.021741234532884842,-1.7094658841638104
test,-0.1546334036797276,-0.6490971993581188,0.08350252181172428,0.29780844610362683
test,-0.8256241891874152,-0.024970889083038537,0.27444183528257077,-1.506570806831747
test,0.6597093416717391,-0.09243079623857986,0.5281016806308753,1.7642416475810683
test,-1.0844699141109235,-1.0946222711315914,-1.5667144306344922,-1.7752752710789883
test,-0.882528525202828,-1.7680608463437293,-0.46680242552458606,0.7393088645936128
test,,-0.8835678952477833,-0.26730814660549634,2.712409759673578
test,-0.283601873800315,0.06734416219685796,,-0.18804281940114465
test,0.09475012289457604,1.1524679989043405,-0.8646653343778725,-1.8773188650716677
test,,-0.2782965505799785,-0.5796150321619626,1.6908229268864077
test,0.31211588003616486,-0.39267827461269683,0.42937538954839444,1.6272440201825242
test,-0.3362753798561013,0.22341642280649276,0.6905869231278229,-0.45176748039921877
test,,,-1.2191371141391807,-0.9275726482747706
test,-1.0414936024866008,-0.5141926221894096,-0.022373215731952143,-1.3427841988959706
test,,-0.4430019537475411,1.049877043924517,-1.6244717387520669
test,,0.7027239167511143,,1.3651914402149021
test,0.010989674848760227,-1.4282203679425727,,1.223569364798486
test,,-1.1682548117880371,-0.22041966965308332,4.092160086699359
test,0.12096761285188098,,-0.5208000519879447,-0.16828688601682706
test,-0.1917365949469954,,-0.23281910300175174,-0.1466063039515425
test,,0.8193017008009368,1.157089676791385,1.1132939577293108
test,-0.3624978351722981,-0.24566424813137439,-1.1380954951361455,-1.2087354646914936
test,,,0.16973168759331736,3.2535164397429184
test,0.6882089214974761,0.5337661310266606,-0.18266332453876846,0.05140618841696332
test,-2.1238338268230446,-0.29373838651863127,-0.38127737385179894,-3.9977502185904483
test,-0.013932686869290294,1.0754984994401848,,-0.2510411392013
test,0.3099269454833259,0.19365123296583492,-0.05664810645645265,0.6333765570694359
test,-0.08022965743329563,0.3918131758112189,-1.915863609480106,-2.7702567599723174
test,,0.4809244679652053,0.027973491087677178,0.797851099446274
test,-0.5993500567798286,0.6122758887345332,0.7425422728630734,-1.2333884422052963
test,-0.1786980713097597,1.3052827708677577,0.6038493293533066,-1.9679007493986238
test,-0.7242661582709922,-0.5303893280708706,,0.031177874839983466
test,0.2932557430560007,-0.7968311087892808,0.07447622652420641,1.8876045373904708
test,0.6791268028710576,-1.0696823276289689,-0.025280407120653842,3.3373855895627496
test,-0.7303119271718804,1.6376973512263235,-0.3150109570380595,-4.2155148465864425
test,-1.0956543608588007,,0.1659745300898262,-2.3819287654547217
test,,0.3421240167507168,1.7346578003277597,-0.2842683557147092
test,,0.24512622645438564,0.11262346183696884,1.0504477674356316
test,,0.842125668666534,-0.05730297483657515,0.5251194042091246
test,-0.5483013136549516,-0.7943395698773608,0.5226780618295285,0.6820823076339093
test,0.23813090039377582,0.29812386932960927,-0.5626146142892108,-0.44134578946323094
test,-0.06019307329479967,-0.7534934409963452,-0.19794212154863924,0.46993605064107685
test,-0.029527031017767328,,-0.6491132529058651,0.47589330347994707
test,0.19802042891173866,-0.029479787332176047,-0.20074072512620272,0.16373596201493196
test,0.3895978721392242,0.46429476908270895,0.387293014313434,0.35166800044790597
test,-1.1706384695493077,-0.4245178684054233,-1.57599026974336,-3.046742550480654
test,,1.6878377574695627,0.7430966127016585,4.0765623711488725
test,-1.023300871917402,0.2577497730894276,-1.1223657695910263,-3.0221494107269304
test,-1.5000379936090438,-1.8928269577251078,-0.2711565802768007,-0.012564300865561817
test,-0.11321175129726717,-1.2108874776320269,-0.7813266921216453,1.1108725201720286
test,,-0.7181592447970278,-0.3952813786314861,2.9414203715362635
test,-0.18723296029386377,-1.4736290913534185,1.2002955626433178,2.498397031214506
test,-0.27773001732294833,2.2259792108286005,,-4.103953299629866
test,0.5754827343828781,-1.8655024341721895,0.44477669176664325,3.8801644280815144
test,,0.11227411795166543,-0.4709707558237512,1.875672273675766
test,0.17845437786845794,-0.39137313278994984,1.013055567848298,1.6429302422828458
test,-0.9070506725687641,0.7805641528372311,-1.0892801588516374,-3.4705113777015386
test,-1.1315600206902767,-1.1339085437765088,-0.19674507191589188,0.09718687781748447
test,,0.7933227679552982,0.38142020772166846,-1.6391204904601315
test,-0.745575406143217,,-1.8092640272477707,-2.4773525810170436
test,-0.554080674674097,0.1675779894408053,,-2.605235836512824
test,-0.6087389709854713,1.7047256867189244,0.4829576273031045,-3.459021965370157
test,-0.12761320845708307,-0.7757953763316126,,-0.4246581000938369
test,,-0.34473807285132185,-0.6375648176914744,2.183793894446253
test,-0.6378829027442079,-0.8371055034568176,0.7904521956209772,0.8043417225466656
test,0.44657627940196115,-0.45805569683076214,0.7916555933325249,2.112726719459312
test,,0.9370182566745892,0.23257630908233823,2.4698549178387816
test,-1.1704439478475508,-0.4417802831140688,-2.0613674362676506,-3.0937691283446096
test,0.006229922834285115,0.5214405543578993,1.2112106940093579,0.16191871776682315
test,-1.3332939983483993,-1.5923664227653127,0.8606280938867242,0.6843713365883957
test,,1.1203673877451337,1.6030350577614512,2.3301539466566896
test,,0.49514183545682,0.4320587567825991,1.5214214367317822
test,-2.4523637198103745,,-1.299963644989939,-5.856657862452899
test,-1.0334431823714259,0.09713381058859773,1.7937308733267172,-0.8516645023440015
test,-1.4194241560153549,1.167929366171235,1.8224085681206075,-3.4474737293410875
test,-0.9072997385896474,-0.4472415589819708,-0.3569672891388542,-1.4097568200578248
test,-0.3213389912448737,-0.4986335963755885,0.9183348507074153,0.761082092568313
test,-2.27033032205997,-0.22150093817349065,1.4809556329584985,-3.4624135477160833
test,-0.485735088577861,-0.8217851298693258,-1.7160168343808255,-0.8426103505269591
test,-0.3558044925355436,0.027763848328159594,0.23624128473831288,-0.7323615863625688
test,-1.378408024999038,-0.45178665455107087,,-1.7653018183439457
test,-0.3755953089609283,-1.148410360572208,-1.9110422475802302,-1.2027740272332157
test,,0.5757821781473571,-0.374787879248727,-1.4022868040257987
test,,-1.6556995265195356,0.16754142944743491,3.974932839619662
test,-0.12285394616964283,-0.872703065833843,-0.5706924495159929,0.9833769936825545
test,-1.9722155315958458,-0.5908394699004883,0.6460276312520863,-2.11514206707955
test,,-0.4728080919835168,-1.0197841192233983,-0.08303072091736058
test,-0.46004367171688915,-0.9770239256219495,1.5101568167200383,2.0145055133722103
test,0.6260884017601175,0.4116354494378634,2.59100544981329,2.370624673771506
test,0.1433274951798031,0.1864305306742475,0.13224500713243423,0.13887764547215073
test,-0.9391483153864868,-0.3039226106846678,1.596113316136313,-0.1836964263078726
test,-1.1845703050162584,0.34579216926227696,0.9804005933652066,-1.8282722446372848
test,-0.22523124449205445,0.9657777478049209,1.3640423562007373,-0.9870245204398098
test,,0.8450385884933617,0.07852692857904622,-3.594544431783902
test,,-1.0464840722726483,-1.5386721305025408,2.3542321937443216
test,-0.031070425695337373,-0.41480295285062885,,0.6417432033458526
test,-0.6691564529797016,0.2259466495503651,1.3444997724951968,-0.7207188398793491
test,-1.0710626414791395,-0.41772190171179624,1.3516378627294432,-0.65003768346268
test,0.46183240997652003,0.1362613658081296,-0.3600632700251835,-0.07749503644732014
test,-1.2526516253687112,-1.6628534027944306,1.193704363732165,0.6933590099543456
test,,-1.0302882273448568,-0.04693825713294815,0.7535066392419487
test,-0.5940274880013497,2.8301869376748914,2.1382139382685255,-4.3096569908422975
test,0.2653140989408568,0.4240269133332471,0.8103537330405725,0.8098424652683006
test,,1.098392066860468,-0.6756282521315996,-0.6794656815416282
test,,-0.27562813149112236,-0.9505704173469423,2.603492410439736
test,-0.001928519588862209,-0.04417901694756663,1.0705497196937908,0.6502794583180478
test,,0.8901542355438098,,1.5697579315144246
test,-0.7028399796221688,-1.096422562482571,0.318901198105154,0.7950210850848869
test,-0.9827922700035925,0.21112700065343132,,-1.5249444244285548
test,,-0.19489062238733168,-0.8027650739348825,2.7354423609521072
test,0.5303457376731937,1.2080721526222078,-1.4330984508300637,-2.0495027644234094
test,-0.025934337842317128,0.9687145872394476,0.6315673206094378,-1.1298662742808079
test,0.6838932921854111,0.041222406036817386,1.2899606102410202,2.1312529067697463
test,0.38290003534423206,0.3046977258712714,2.7217625276666544,2.857988104421495
test,,,0.5148941198103076,5.675187478664919
test,-0.4871835468034313,2.3617596886349577,-1.1798951339416934,-5.373406724399245
test,-0.3952015065431557,-0.23018775228183905,1.9761914814265003,1.3655048333105182
test,0.136620627664853,1.3004786746248733,0.17138634055978924,-1.3879240530887667
test,,,,2.3172508916395684
test,-0.655521042972634,0.3352210543174551,-0.08146347369136829,-2.0227511493881236
test,,,-1.1069751617356494,2.7311631554341744
test,-0.22299140398400472,0.16376674348099543,1.5040246459612225,0.7099152540030753
test,-0.3497690974489411,,-0.5876617487195129,-0.48358458778441016
test,,1.332740129969889,0.5488520327562412,-0.13215899100202994
test,,-1.6898251711139345,0.874752655817369,5.971727589251896
test,,0.6853694696053925,,0.06695166676721487
test,1.342040872530563,-0.38705314892337056,-1.6415416976118122,1.8143186270177556
test,,0.887427007384705,0.6448794166570935,2.0666778263734513
test,-0.07327758356557644,1.3453278447888866,-1.4009278782035426,-3.3776892785371477
test,,-1.1483694319737558,-0.5687015375610255,2.382818242929363
test,-1.2074668345950925,-0.3827887431253657,-1.0361034806169498,-2.691666088675122
test,,-0.5400631031536987,1.5624700140542869,5.323633532308623
test,0.18560179752421663,0.25969224012177483,0.6875090903988821,0.21850080101562125
test,-0.17588687965781183,0.2268912339499539,,-1.389953467696604
test,,1.4631971449709777,-1.0849742087195333,-0.932993625461101
test,-0.3355640008886937,1.107681990652941,-0.7246815070133609,-2.586519675665396
test,-1.2226455292489502,1.3290449391014525,-0.07777254535144633,-4.962998529341947
test,0.6338370379375033,-1.2178796441902018,-0.07110507001381325,2.675721071150112
test,,-1.0668204903896217,-0.7983043203579319,2.6385036471388523
test,-0.10487520991993529,,-1.5512164032636782,-2.5914190975512104
test,-0.84360485051367,,-0.19032591256592826,-1.6416188113623416
test,-1.6322102129107452,1.3233866154262737,,-5.97524034146756
test,,1.1363837775538312,-0.17256691289153814,0.8346035348920077
test,-0.147590269400248,1.0668488636993572,-0.6080146157432559,-2.3697599396315985
test,,1.2466546487461776,-0.20647127447742905,-0.5343565876006012
test,-2.3105572507150205,-0.35260612122571805,-0.3025280521193493,-4.491399626527269
test,0.18310452012724282,0.7551490902057602,-0.41102957272991897,-1.0145403531392714
test,0.06575306148866958,,-0.6937242913184057,-0.593263797862256
test,0.5821948516317743,,-0.9011105972950663,2.6124933316356804
test,0.6597880883463053,0.3880728574506085,,-0.5676133769121807
test,,,-0.7118904366411262,-1.2800751039734595
test,,-1.122550993665731,-0.44491624683511644,-0.893774807960656
test,-0.5706895364900548,-0.68010117051196,-0.004188563825985547,0.04357548493757922
test,0.562295585589598,0.4827198344265414,0.9421721934588839,0.7661470051914849
test,0.28584695120738957,1.3484885148295316,-1.5076885225358465,-3.144024043542221
test,-1.4246083892598485,-1.8140867453092981,,1.035355687909049
test,,2.337838002671276,-0.6513305841776867,-0.6388332524404277
test,,1.9436246898907004,1.6287103945607857,0.6967638538941795
test,,-0.7278832560095179,0.8089482443290639,5.1132521260597
test,-0.7820138158933596,-0.3213070090387655,0.2178760330272967,-0.6541148209900156
test,0.606745141556499,-1.104482495230865,-0.9785823032023242,1.9370057164134307
test,-1.7866829462096623,-1.3546151495367866,0.05559103490299346,-1.1358492426310867
test,-0.5478356692126793,1.6808289807490555,-0.6742397731619026,-4.121089068401826
test,-1.2558838358920896,-0.13847234702433547,,-1.3484391074533861
test,-1.2450318698582952,-1.003755362302067,-2.1742759389388677,-2.562334516887999
test,,0.2164668270864983,0.6566788419119882,5.005304101172638
test,,0.14438225360713844,1.0072046035691358,2.022325201656957
test,0.3572906765139137,0.08376652997284374,0.254584308716153,0.777912768062387
test,-0.7135278582049358,-0.7143021156154837,0.06096490689136494,-0.5526223509418416
test,0.007208488706197252,0.1484528512381355,-0.1229044915852715,-0.2462223141189772
test,-0.28753701611418997,0.5413461571512445,0.014882278813318106,-1.0107142691414577
test,,0.45255118696850066,0.7564365677817612,1.39351519428032
test,-0.20326862208701163,1.4158086903197526,0.10796347375090881,-2.0029694755971783
test,-3.052900695786798,-2.3759266277499527,,-1.677749166391645
test,0.2937874554158347,,0.3443412878033325,0.9940827793508387
test,-0.8898180454957348,-0.5519371899664891,0.7065447800176332,-0.8165320780399339
test,-1.1549983998291546,-0.7203115550883336,-0.04292513149353843,-1.573254064015749
test,-2.001207707565517,-0.46700817036476555,-0.4657313893066739,-3.728729338653015
test,,1.289625483927516,1.6415445082765487,-3.879698070483215
test,-1.4855385825772347,-0.8613333328232061,0.21550193901605105,-0.939076265371711
test,,-1.8766069805170815,-0.7402731129970002,3.998416026767714
test,-0.15480374697669966,-0.36555119145765147,-1.7073938460607416,-1.1420929242525446
test,,-1.3839936997100712,1.159660957296747,4.374614818991382
test,-0.593636771857822,1.1926913507784713,,-3.7151055202433296
test,,-0.206449542623679,0.8474953132712768,0.9124084402826322
test,-0.7394921336766305,-0.5720138228046904,-1.1307698003292033,-1.6027519604360252
test,-0.0239192857092743,1.143346717506194,,-1.0747015909700366
test,-0.01265358755169429,0.7603232788843532,0.7113545121015924,-0.7676195464439655
test,0.3964736050257795,-1.2691755066607093,,1.979370992632124
test,-0.6993717475274536,1.1553303072371652,0.2899686710050606,-2.7716802245457455
test,0.35085500327572666,-1.5389737071831529,-1.7441462261523855,1.8924541625080447
test,-1.7768605266988797,,-1.10140920344007,-2.9821899931610036
test,,-0.29511177071643935,-0.14004952994501657,1.7928926208806222
test,0.5666643243788717,0.3156244944021616,-0.5413895400307213,-0.038273854918084715
test,0.45791668107445926,-0.918558562633064,0.4084267268334944,2.7986169464592767
test,,-0.6609028861204315,0.9264311727300879,3.660548346884374
test,0.49330334577574436,1.2455217958204314,-1.7324525319605157,-2.4347440128766777
test,0.036055657987933684,-0.5617639541377294,,1.4876442511649355
test,0.27409967524621953,-0.27279181677864905,-0.7983745956341166,0.2362186973562363
test,0.15514818959782387,-1.1603185509433245,1.2861671975697018,3.413704718383211
test,,-0.25101801308584176,-0.1931570503266898,0.3020209588589342
test,-0.2703622704985069,0.1693747858386031,-0.17536199776877817,-1.0948995549446565
test,0.5109392371377903,-0.11825646018578569,,1.5993239495436937
test,0.3189818073072795,-0.13787598782589683,0.2889780881164396,0.4975551813763823
test,,0.6771247343458213,0.316585634350572,1.3517293076300876
test,-0.9940499198835911,,0.5973214169347516,1.6615802938229016
test,0.49593667670878144,-1.8037421956847226,-0.26454547530157646,3.772953080203931
test,,-1.2096602957094504,-1.234610398483235,4.702805662600582
test,,-0.45590279680146817,-1.5916624438841611,3.7324380575614713
test,-0.7936252973048727,0.3332266996539944,-0.5226703701468592,-2.0063184498733664
test,0.560591242476534,,-1.1167802218213083,1.0635945337643504
test,0.30075855612351005,0.4162374628348685,0.9762370823847815,0.7537395445321534
test,0.6946464894987648,-1.135920073136604,1.4105359508885527,4.6064616726272805
test,,-0.22342933574042978,1.4722103492153455,3.1473698458821455
test,-0.2602787176499987,1.2227958641117154,0.9923310389690523,-1.8465660557505765
test,,-0.3999545541929907,-0.043768129200233666,3.1633477242567833
test,-1.3338823041807104,1.7489704483548072,0.04115180229664556,-5.177181655406894
test,0.9667888050947564,1.2015323549948926,-0.5617357726891341,-0.45597029770120834
test,-0.5253582605833195,0.2988913882672513,0.1467498750290638,-1.3692749365695907
test,-0.45581774730097285,1.5167255969837399,-0.8118655129301925,-3.7267390470758888
test,-0.4911075318170491,1.6422034911008832,,-3.123996077051098
test,,-0.9852056746581709,1.4070422145858898,5.126015414217515
test,,-0.1883711654419309,-0.45905847226824587,2.1721702311645794
test,-2.030991739004662,1.0282219239335106,-0.0331335208905987,-5.305364426049763
test,-1.095237269182349,-1.6964860520282055,-1.2231581980819057,-0.7094126772803103
test,-0.19161275836814465,0.5934281179116165,1.7735245862524673,-0.56240550676647
test,,-1.646403597678851,,6.120694967564602
test,-0.3762506456345984,-0.03999042995391774,-1.176302818022223,-1.6107262929344812
test,0.6397202089920848,0.3769035485304019,0.19292117581308954,1.1307280360864285
test,,1.213158731921441,-0.545960830536859,-1.1649206078698522
test,,-0.3120123506456125,,0.9671250134896738
test,-0.8495682037489419,-2.4826528334432694,,2.973922147465736
test,-2.961606321312759,1.1020596080093552,-0.6729753157888464,-8.415165047625077
test,0.028421631915679188,,0.242121806463709,1.3853127466354838
test,,-0.7575490565374575,0.11872550624040529,4.808905648819026
test,-0.9106058512009861,1.193426567004294,-1.2701347095545745,-4.8846071039286505
test,0.06586748686732297,-0.455864101377626,-0.2132525483107488,0.9813889835008778
test,-0.43889833571639886,-0.22670539495537753,,-0.6954561346855372
test,0.10935469196934407,0.15107579989200878,0.09121457410421699,0.0022461644788202284
test,,-0.9094672847506018,0.7108212031445467,1.282856627309148
test,0.0749753851511822,0.7526160664237395,-0.5621654937061306,-0.8410740728285846
test,-0.013378131610804977,-0.3281972297620287,-0.5045222636779618,0.267757601396756
test,0.17838046301692395,-0.5547698432477471,0.549838361098476,1.351972686236631
test,,-0.5628145296031601,-0.16886349089956615,2.2093534918158473
test,,-0.45585143731138195,-1.162254181849732,2.298295147169534
test,0.0263789991935452,1.5572503341718555,-0.8416628086170699,-2.9094224748776862
test,-0.7927485571460873,-0.3165967015036164,-0.6588480208535477,-1.322496890131667
test,-0.21176354801712063,0.7107180356995969,,-1.1657120331990138
test,0.9111510112489266,-1.5504750366239435,0.32670943556207965,4.45691283485934
test,,0.7039391773681909,1.0935912914424304,1.781159692549065
test,,0.631752925381,-0.513346158581508,3.4917003859758404
test,,0.2718814508421509,-0.636747634355337,1.393169322835436
test,,1.3355206971584486,,-1.0031950202709825
test,0.39916772670491607,-1.5955075503548166,,3.054511060991353
test,0.06577386682061852,0.4068227783030744,-2.3019543621055867,-2.976980948926356
test,-1.2564885548758096,-0.539219783467298,0.8646747846266574,-1.4049941013659417
test,0.04007323455504751,1.512141190723844,-0.775152196390374,-2.575725030650141
test,,-0.2844084218936212,-0.19520154125447486,1.1537478885866919
test,-1.015121662147279,0.08113141813394546,-0.18472595933981842,-2.626455200550443
test,0.45610795993979025,,2.038103617043354,3.270456981429056
test,,-0.4669977912906888,-0.9788144937529524,0.007508489327941945
test,,-1.3292767015822398,0.11795128338687318,4.051627136232728
test,-0.3367338441052216,,-0.5024695169824983,0.5100725617324544
test,-1.2200935074218808,2.0567195658128896,-0.8818382881753576,-6.235954815360475
test,-1.1738708238045092,-1.162744819461511,,-0.08823882633786259
test,0.22506628594001027,-0.3630948779002771,0.6404751811306266,1.7605374109281549
test,-1.6867482912665583,-0.2994334978171097,-0.7243011582021891,-3.1121793226366905
test,-1.25858568606446,-1.5900182545032906,,0.7537447043032607
test,,-0.2310306655488934,0.06279919144477321,3.393426700754647
test,-0.03045601602190047,,-0.9974959667264737,-0.3362410631820383
test,0.8366722954624437,-1.1825044341007447,0.4316793280791329,4.0284770177741205
test,,-2.217223247790096,1.6404757061863648,7.145223395896209
test,-0.8128442367479466,-0.42025065829540315,0.28503435257477044,-0.3877870705992442
test,-0.04937701651145629,-0.029702166105841202,1.7139489777040209,1.4754360009471252
test,,-1.3038539057042788,-1.8710589839162803,0.3328626196172293
test,,1.027938627692123,-1.1365506171466517,0.8805056592440386
test,-1.6636176497719128,-0.3947408948645202,-0.1759448799788161,-3.054438060957299
test,-1.6875716756258816,0.33184328826169335,,-4.0953340384528625
test,,,-0.5877688124433643,0.1914056724404375
test,-1.0081721975844764,0.3737474298763584,-0.0391773037916704,-2.5816619161493763
test,,-0.4440210749571718,,2.744763627857988
test,,0.8015339711695824,0.25431227426358405,1.320986805543418
test,,0.3170913143661235,-0.05771897168582663,1.3160381955863985
test,,0.0025788323337607756,0.4039881059449238,2.8958224019862078
test,-0.00527455744437631,-0.48789818598238327,0.9076403319159942,1.3881378934468775
test,0.28449914749753913,-2.1284604180568465,-0.6967125001421435,3.4408788273881656
test,,0.06288222211833075,-0.04452513496944359,2.7791734459924164
test,-0.07556505992985509,-0.54943126951882,-1.868814942709719,-0.9575482098051147
test,-0.13500643749669733,-0.6650564227295562,1.013956252962097,1.381990431558022
test,,-0.4974170655908415,,1.59455508303948
test,-2.7562746206181936,-0.5035760704569916,-0.8058169137885997,-5.021004558458575
test,-0.11969785243507342,0.027257591902867757,0.4666395714398971,0.24516400363946375
test,-0.2787967079906932,1.536224334714545,-1.501794696807712,-4.346939037978274
test,,0.2211472225526158,-1.2118705396087097,-3.139651206017938
test,0.47120256618597584,,-1.119880011618108,-0.22163823219624773
test,0.6001330731161221,-0.4331412123138795,0.5605280128182659,2.623059864480546
test,-0.9138316682895254,0.7527100716007856,-0.7607996056011558,-3.5060485587014596
test,-0.3072773522524191,-0.16931467275239626,-0.3183749604035592,-0.34853669420208533
test,-0.3175366394389537,1.0820919699353613,0.9093762371620542,-1.0355578672318477
test,0.43160055364241107,1.6239291715007191,0.2720345661386188,-0.9626730261141601
test,-0.7638913638748703,-1.2278786138151532,,-0.28149832252029006
test,,,-0.6398223971402563,-2.0640780213528025
test,,0.8610325978504436,-1.5171061918979114,-0.8042438753840915
test,,-0.2126840737154582,-0.152016860392178,2.2138316280622785
test,0.2139740427125008,-1.3716126989380284,,3.7732308041002542
test,,1.6724519096874007,1.4890534071422397,-2.8206558457870234
test,,-1.715055278942563,,4.752260230952553
test,,,-0.5383458623938896,-2.447848021147551
test,-0.9744464831350925,0.4880621940130227,,-1.7056413401767192
test,-0.5119580647814986,-0.4062825438025782,-0.5771704714097307,-0.4424053278743422
test,,-1.0135201800148808,1.0368771127721925,2.1022698884031246
test,-0.6175585264766497,-0.7746295467565646,0.43497340701836024,0.9674483656937016
test,-1.394342258562148,-0.04318469899460821,-0.42279087257425524,-2.932332376571507
test,,0.38805266730131194,0.17689318278007185,2.8283470765451404
test,-0.5652057579568658,-0.290641620252771,-0.17774417124099537,-1.1434133797992463
test,,0.5469916268361926,-0.05020783427435708,1.7742215574306353
test,-1.810439102746114,-0.3162029183805238,-1.5749340274290768,-4.5320590108065
test,,1.0256074227429972,,0.3403292679059018
test,0.5264503401639704,-0.5461298165314202,1.2122921197616496,2.7504318263059333
test,0.5767193996199769,-0.23116597603943928,-1.1028106620580493,0.4077916560050574
test,-0.5464463938374013,1.0672120553632556,-1.4969387574193962,-3.555939995725209
test,-1.1646172609760803,0.8650412903659382,0.22057993282359128,-3.730812842124567
test,,0.8376510445578431,-0.45652704640465513,3.102135221094029
test,,-1.7276625850623963,1.0689259876065489,4.728303878816318
test,-0.18832988254735805,-1.0082883894711323,,0.7741930336918088
test,,-1.0444965202632734,-0.2011428108693701,3.21789564817936
test,-0.28716651090444006,-0.9735058718140542,1.2147506071574348,1.41365430551028
test,-0.4678439716542961,-0.6151376389716399,-2.1306699958512607,-2.0688396319913562
test,0.47967656968528444,0.33433448335567184,0.6949150987055285,0.8323793479669217
test,-0.5608172711377452,0.6830145004664565,-0.23461928181544425,-2.2990889015448004
test,0.4832768546774097,-0.02786199746383143,-0.6147545719237295,-0.11966693904921588
test,,-1.1837886656099568,0.5207595289990645,3.7048394050627382
test,,0.8502151754948899,,-2.8110926266642293
test,,-0.26329562129483697,0.0936906692701491,-1.157024593057279
test,,0.3138313164038137,-1.5876793103535505,-3.9289438128069123
test,-0.29097062080708197,-0.8891593876446733,0.7166944816915676,1.1084794616960951
test,,0.08046465426734893,0.5829179574640437,2.5970621099366897
test,-1.5855982188629245,-2.3292102037938025,-0.9193897459969799,-0.3822752160596496
test,-0.2721514117621758,-1.398420873880536,,1.1420954250906532
test,-1.4940585705364595,-2.626449365264708,-0.125680596674556,0.8341156472228958
test,0.2761065382234868,1.83346028050384,1.7474171762517865,-1.0073463153318247
test,-0.17837568442530305,0.5657199709318085,-1.3887202199308506,-2.5162013466333537
test,,-0.283817928322073,-1.6710850476228472,-0.9796944160684807
test,-0.5904906399143364,0.26261517207517493,0.47263043108240915,-0.7931733555971374
test,0.7500518286876143,0.10519997893606874,0.32155963930173814,1.6370204435696287
test,-1.1670617795923708,1.353157301799063,-0.5992762666860352,-4.385942593231634
test,0.4004116547543154,1.1893972806842672,-0.34835467071802834,-1.4295361548484729
test,0.01979900752140911,-0.23197255917668494,,-0.703994426765812
test,-1.5611750663304595,,,-4.57283420964611
test,0.05547136500577006,0.1429553786755146,-0.3580624995640733,-0.8473216154010361
test,-1.1636965976136944,0.004731150428046409,1.4717659432025718,-0.8298023524978544
test,1.4286888783164946,-0.544889942853244,0.5242203973209933,4.550352640525402
test,,1.340753574345631,-0.22866639547769946,-2.855712668779189
test,,-0.6375274064103819,-1.6238947416193428,2.4339750165024703
test,-0.7925152444472998,0.026633305231368833,-0.0008368601553347076,-1.5348557747363498
test,0.5611067859840467,0.8484904373003045,0.5589816474266611,0.3425511889956213
test,-1.2267416392959918,-0.36541836373441067,0.4783272949527873,-1.544838680568178
test,0.08190201099184137,-0.24428568836357611,-1.3255278253635494,-1.1077162969443335
test,-0.8833938249097069,1.072398449747802,,-2.836858326925426
test,-0.6024782399095272,-0.6198004993790562,-0.30527617013155534,-0.5263183321058788
test,-0.11361350379368351,1.1386221766350173,,-0.765890486515511
test,0.22479403359084524,-0.263172492042044,0.4520854974234256,0.815564935280217
test,-0.3791298146694476,-1.6846132638558688,-0.27621201205638884,1.1086691660450425
test,1.3030042184009585,-0.0010071913947487133,0.0962321993762205,2.6879029722028336
test,-0.5717906773749561,,0.8090492013663328,-0.25048357929648474
test,0.6259473510876369,-0.4002530753610571,1.5390673410681994,2.9964793807883052
test,-0.8446079640203394,2.8886154904921626,,-5.692504065199781
test,0.7784378801234008,-0.733744169290898,0.9118420449087338,3.5681067115454743
test,-1.356492083698829,-0.4761462087178941,0.1320387137707897,-2.388858803293236
test,,-0.13545882686639335,,2.065910869115946
test,-0.7177291763233562,1.027549715604226,-1.3505367004157518,-3.8849227535024777
test,-1.0313338610495062,0.5194024565202418,,-1.7339125045635586
test,0.19213069506225866,0.6322220082485822,1.6527815244014066,0.5327928178344039
test,0.046833784962782954,0.18455192759029385,0.1806498430771023,0.1507708711583088
test,1.4335111556244533,-0.012720004047647105,0.13454140289759114,3.3323737400612248
test,,-0.17016795432505682,-0.6188206922413249,1.751237578490416
test,-0.3315047944091115,0.5200374362249041,1.5717935852447347,-0.45826715843053045
test,,,0.8519624096317212,-1.4294249326929869
test,,0.30366273183584347,-0.4961050637892973,1.7596070953686225
test,-0.6955762503972801,-0.3032857193011587,,-2.654916379208809
test,0.1594801374346162,-0.7187698099270684,0.09084389324946807,1.3553413285497689
test,,1.1076104266240403,-0.510448470475347,-0.7422481513530927
test,,-1.7017528659445567,0.5451723720815038,5.576070400011717
test,-0.21271098042807898,-0.9554957447086486,,0.5691936867448794
test,0.3847974913957421,1.1014698139946817,-0.3975840776244237,-1.0210768942825263
test,-0.47084551375384703,-1.3185830987239526,0.4720858523078524,2.172806088042691
test,,0.4367740957674956,0.6540673897242175,1.8330099011049688
test,-0.0951913691336107,,,1.6917396637929079
test,0.6232016233044652,-0.33769469918780226,-0.9598069325573699,1.0711022091390145
test,,,-1.4552846408142648,0.33485782587224844
test,0.020057837276712027,1.9014563302056402,-0.5624496234907647,-2.997457026278286
test,0.03643555071236896,1.0913714729714676,-0.477760976927501,-1.785467627847821
test,,-1.1998367024044518,-0.6145589653603012,2.953009373393387
test,-0.48898891348130663,0.4039060796126149,-1.936478179019881,-3.2436834619190393
test,-1.3535840896432656,-0.017590521894512073,-1.4734429110938196,-3.6109686166157764
test,,-0.9975137685814609,0.017923261363059897,0.687321859154045
test,-0.36267994069054815,0.08774215013254845,0.4591466232098806,-0.11650499157981659
test,1.1100131462397511,-1.0450054775787354,0.8823482412955752,4.565990807702249
test,,1.3555539667906322,-2.0392753745271217,-0.3162411223239055
test,,-2.02772306788737,-0.26727125123926737,5.2023461007497565
test,,0.8375103173532861,0.4419192235435107,3.8785344078367245
test,-0.5397503592989944,0.7165648410989562,0.8968978645047886,-1.8332243877233856
test,0.37011711317687346,-0.6699380967862386,-0.34748988199563113,1.797807809555075
test,,-1.524868302576544,-0.5877829233469837,4.194012778029427
test,0.045679845875081546,-1.3875889115589801,1.8065274949608086,3.066893753314946
test,-0.30047229462592767,0.3268228371058728,-2.4041426730912376,-2.770771575210741
test,-0.0973147118778189,-1.1177695960294725,-1.1828547324552579,0.5254694744584851
test,-0.8822959993731042,,-0.6501372904765287,-1.5950063731756225
test,,,0.5081357269022234,-1.0306130136402682
test,0.04507073358608059,1.9102532926660971,1.1482302450067323,-1.7884739078758711
test,0.13590189262056004,0.8058701921068824,0.034562123451355564,-0.4061010705400758
test,,,-1.5587228948094622,3.0447124576992706
test,-1.1745797159040172,-0.5350300441740166,0.0360929367956192,-1.9080781248304706
test,0.4148457039431567,-0.07974830543031565,0.3018653375117177,1.2743554454670762
test,-0.7758351282977468,2.123389637365305,-0.5719816216802884,-4.798125157641622
test,0.04071027645412134,-0.5971875092700447,0.7601835117802515,1.4856106114647758
test,-0.19564666767673988,-0.9159996593320111,0.18632926273624992,1.2345136414722413
test,,1.300884153693784,0.9375515699165934,1.7807630422155762
test,1.2373375952942351,-0.19403092404556108,-0.007042593912292302,2.5502801629215925
test,-0.5206690708666271,-0.13849384777971313,-1.4720101771763805,-2.0565433625556873
test,0.3252966916429202,0.34801091512029436,0.952254632264736,1.598561569179561
test,-1.4058387809773256,,,-1.9489144724880443
test,,0.318982670540878,-0.5704298074299162,0.4673222788423791
test,-0.7358304372380814,-0.16117040142413003,0.00991842804124051,-1.189524962251243
test,-1.3921719586836965,1.3401292325261498,0.29345664186175924,-4.210371387006122
test,0.5031510214381107,0.19104510034604177,-0.7911706309761743,0.11932905273021846
test,,2.0665200959438836,0.7525909812182257,-0.8792200889216686
test,-0.8256894120114442,,0.5709365284540538,-1.1037028747531998
test,-1.5114861940820503,-0.3683897739124525,-0.5051100566664729,-3.2708808745965383
test,,-1.1946705129143795,0.9430689935495394,5.377517681163533
test,-1.7624836860780588,-0.7535865102435874,0.2854075383968734,-2.2557711781245016
test,,-0.1761044057633931,-1.3087375259520089,1.1030189583533263
test,,-0.49080242518863687,0.19480456049280315,2.8382793076548545
test,-0.5635057839730448,0.3314708969303032,-1.5886861346599772,-3.0720966794444955
test,,-1.6221202988306005,0.8472963694342364,6.94770857163956
test,0.3123535083596738,-1.042816602855598,-2.197993776855982,0.569497357181101
test,-2.334744908560333,,-0.6121966707406636,-5.906734092507994
test,-1.5133630856688387,-0.06217587592765951,-1.3364057619669216,-4.157854189399979
test,,,1.6575692905007842,6.179785259597258
test,-1.5515188551148624,-0.9592131767512412,,-1.949698389513088
test,0.6421774500176425,-0.16371920023057554,-1.4664678605078691,0.0439503109864432
test,-0.601003563171771,-0.3822529385178833,,0.0719570747352608
test,-0.14244564436738785,-1.3332694810155175,,2.168425121236904
test,,,-0.012572163146630051,1.9753603322827258
test,-1.3482115772858754,-1.9644934344344134,-1.8273717885241276,-1.1155290960409503
test,,0.31676062245919856,-2.230925515300547,1.9887504060861319
test,-0.16945954312396538,0.3898558483471446,-0.545530024527183,-1.6258536129099717
test,-0.24247904526768002,0.5162643546511492,-0.6166841739050473,-1.694109058348363
test,-1.11794522234093,0.4215641365349717,,-2.938935028595444
test,0.5723970602565819,2.322933590064671,,-2.3055377386013967
test,1.3766655339547702,-0.050500406483121256,0.13226436888011386,2.8165821358054206
test,-0.3688808576338987,-1.1590634200336187,0.36117788705043335,1.5075873069207752
test,-0.3739437631151085,0.0021492154439772346,-0.5675131945150321,-0.43200051646720905
test,,-0.22992790132233135,0.670176670161164,3.713763618543626
test,,-1.343088038379685,,5.084709779779622
test,,,0.06187300335831401,0.9616457557634942
test,0.1225240759218022,,1.8987647968817694,5.365109586248421
test,-1.1890203553053276,-0.20798454711460335,-0.16893132367252658,-2.810143957644301
test,-1.4302742792025929,0.18123862605924315,2.4843834714669515,-0.16771042219006504
test,-1.5720309253808211,1.1397176226186934,0.5274278840309483,-4.101159225076889
test,-0.5468403362290505,-1.7337023076142273,1.5848768205309485,3.5779204782552987
test,-0.5892341751847363,1.6382882020845464,-0.18433775446809142,-3.7228096810355806
test,0.561978050025785,-0.5772928996378633,0.11030461963003092,2.087818082896857
test,,1.1761730872843015,-0.08253899923734598,0.5283097132207294
test,-0.5783824773510624,1.9042815358486729,2.028174773217713,-2.3269104613256206
test,,1.641239862828314,-0.0942998985992895,-0.8572064449817218
test,-0.40259073223328373,,1.6240880820391757,-0.797769032574401
test,-0.15013221090007017,0.9563002443053763,0.1289379986565747,-1.045562867744744
test,0.03222115412827748,-1.0140466830187325,-1.7145369868101297,0.16299046460372385
test,-0.35946974538995097,0.0015046376045697717,0.5545593955495498,-0.6822653802245058
test,,0.8503096496822046,-1.2399714257167056,1.6081548739955793
test,-0.6609383457425263,-1.3121083991842981,-1.7785261290206738,-0.9221365812289514
test,0.3317323161526465,,-1.0358496164860787,0.23824289092121392
test,,,,3.3999907112593104
test,0.3053419951807594,-0.2772127534689384,0.8451737225685948,1.5050325146795767
test,,0.44429951105956966,-2.8321699204992847,-0.7872411284514725
test,-2.012515754866076,-0.963432478426906,,-3.3005596491478078
test,0.5237790195599179,1.8206084378991505,-1.1880820590269308,-2.7222636856526528
test,,,,4.647358546246367
test,0.5102650947946126,1.9686983618379092,0.10572765882064103,-2.141594788687719
test,0.03324630720387389,-0.8369288942039725,,1.1789570680449537
test,-0.8756921651375139,0.3615730451071393,-0.3150212929209324,-2.841778828767469
test,,,-1.8615942360102522,0.14038670852621787
test,0.506719998633989,-0.5932471713496403,-1.8411134356144843,0.23929361213592903
test,,-2.053584690194146,0.101466433228756,6.281398864986559
test,,,0.004031348139903827,1.641111845389154
test,,0.39589973061379014,0.47037306794686934,0.5178235278060499
test,0.19386849764807237,-0.8264633707351556,0.9668503451615068,2.2654573991273237
test,,-0.2631781628193659,0.707867298002044,1.488819400643843
test,-0.7939579371144907,0.7868523001443986,0.13969502284699284,-2.935672321134147
test,0.20399823373692252,0.7674275733821116,-1.1103436429589895,-1.5469704709177108
test,,-0.0546481215138086,0.7663770599316548,2.2982557464593985
test,-0.42162841120881345,-1.585486478633773,-0.31838255663510623,1.5726291073140592
test,-0.010363346011296605,0.01828426600363349,,0.4453275109683431
test,,-0.052733389476727524,-0.8448707523435863,1.1163700526966154
test,,,0.47283137525346175,3.954951661211893
test,-1.1111192782819812,0.03522300956107451,-0.6067755253060797,-2.702728544799885
test,-0.9249473655443581,1.3673940099698627,-0.9362137838178616,-4.595893435818048
test,-0.3581695257290432,0.05353479274742294,1.5570613375237317,0.5019527900894848
test,-1.0344492251152904,1.0303441468082917,1.2570949317155375,-2.7677589675843
test,,0.13639028928508584,-2.1635849688228044,-1.0592746295949547
test,,0.6308681765662247,,0.8093878240343245
test,-0.14988101384936803,-0.6320051278046522,0.3273124173150776,0.8444898801800966
test,-1.7519454580604474,2.4495432416656486,0.9900977938389126,-6.708055637065242
test,0.46772461295043494,-0.8631775108327183,-0.9461057821523626,1.8119107548184565
test,,2.210208449238038,2.129530405212841,-0.5311156404980469
test,-0.6981768903754754,0.36623008517327565,0.8368861470773888,-1.55006220002713
test,0.40319935570117593,-0.2755776525335339,1.0161973712850947,2.278861000648563
test,,0.7491949118084873,0.5964403081972426,2.973318905328311
test,-0.46222357738215736,-0.0792708203243508,-0.3504081386912435,-1.1364031109495232
test,-0.3525674984878396,,0.18638334036947066,-0.864400501098094
test,0.14879756450415757,-0.2677326404573595,0.1274061086023636,0.7325164040034252
test,-0.750060475722724,-1.6144355046510437,-1.7238120216417356,-0.2342660824524867
test,-2.303489073301511,0.41217914326456373,-0.5994991917736707,-5.366260502754961
test,-0.27146667024806476,-0.017647298320884932,-1.4987865871291504,-1.6488073639701077
test,,-2.640106910557615,-0.41514816472566846,5.236394836067424
test,,0.33718550235117667,-0.21172318080665875,-0.23674928600334824
test,-1.464411977453363,,-0.053836253279976654,-2.7662722681057588
test,-1.117215231584608,1.3916593538389381,-0.00680685535692691,-4.18991429868933
test,-1.0129025245291041,1.2934090332280814,1.6608736009694305,-2.389888676162669
test,-1.5789500454875598,0.6854135812218315,1.1176270834713014,-2.5838387501604405
test,-0.4879642918314471,,0.9312037229661073,-2.696067280443187
test,-0.6301347964861911,0.750647111345241,1.879122573424259,-0.9843649661094156
test,-0.2609364154281319,-0.22700463644286928,-0.4449138605548532,-0.43394108458929825
test,0.5598010938294333,0.9388876886140735,-0.3174445044634961,-0.7653958037102879
test,,,,3.279668148454284
test,-0.017208775735053795,0.7405160987946745,0.02443070405588208,-1.0812108621886902
test,-0.8746942250808195,0.1922262865159051,0.8546612977695174,-1.3554452829945345
test,-0.4131755641540314,-0.6758366196361065,-0.05100037696958679,0.2553336787582026
test,0.1454613537585432,0.26098668227974897,0.6558427596088805,0.9119097099079552
test,-1.068595000430036,-0.8454060476973455,,-1.599218446320064
test,,-0.3912190195766094,-0.08655539853172067,2.4553349635719193
test,-0.05519892683662074,-0.7147857480872577,0.8623227221359934,1.283838477870799
test,-1.2258888051124632,-2.1870895983765166,,2.3966358876733898
test,,,1.7784323148099657,-3.336769889033379
test,-1.5488400994339249,,-0.030248180677310447,-3.569171967620181
test,0.09723556743439232,-1.383012944355121,0.3057523371514209,2.4147094022514213
test,0.679974753614858,-1.4149024227491096,,4.137665598996756
test,,0.6226551084279047,0.17160524104950345,0.6477000704068016
test,,0.5252810230761357,-0.7482309532529574,-3.234775804268847
test,0.21709317254609273,,0.2264055918337593,1.0869446996253962
test,,0.4270366922912714,-0.21523569860159897,0.7073013828943632
test,,-0.9498401716256086,-0.7539885278546756,2.7767583260738236
test,-0.9360350361562882,1.7130769905048233,1.3598168986753276,-3.078600205524083
test,,-0.29527605475761237,-0.02493775319671173,4.30703424161728
test,,0.4884116976298124,-0.13524362253782093,2.9567783385934416
test,-0.009365023346320491,1.6987517591828996,0.3162504193554048,-2.5242048677357647
test,0.6328230173349775,0.07319759222989189,1.1845160066799647,2.40150622910926
test,,,0.6702843687597351,3.406549401490577
test,-0.15417124679133146,0.15116994326611055,-0.2931853791454853,-0.7659104169541101
test,,-0.5181727225701294,0.9617457613076188,2.9581971627953916
test,-1.5712064018316168,,-0.03569895481899674,-3.6483134853313857
test,-1.9932673659718738,0.18671788891116575,-0.16257090680977074,-4.350755701630299
test,,-0.1438133163394978,-0.12454753080396155,0.054092337814560354
test,-1.537709373205857,1.5455766282916572,1.2017201399265263,-3.8994564847140873
test,0.3024860975456559,-1.7209789331067926,-0.08970935829899733,2.698417271791627
test,-2.080826566837312,1.083140264660779,0.5697472988154566,-5.491463279454155
test,1.2147396412343145,-1.5939272910842064,-0.23547126783694514,4.612729410974742
test,-1.1592259806646892,0.08060527449907365,-0.9841799894081967,-2.5986859632469628
test,-0.7227112168800081,0.627600722103714,,-3.724997382914757
test,-1.0416287122056422,0.6087416870067506,0.5284590801886887,-2.9106578458147947
test,0.1220941546989628,-0.020446135950385642,-2.6766048674716107,-1.9918977832317193
test,-0.39207893333816973,-1.6867260571150193,-1.3660299861972671,0.5348074641085644
test,,1.1971257353666405,-1.5218165158471677,-1.2628639784989826
test,0.6010420732267207,-1.1593538195859276,0.08530193270498027,2.495783246337456
test,0.48681087604723156,-0.2958329282109579,0.08073508633516747,1.5965182761225467
test,-0.5350472183234525,-1.7505003219557118,2.09768209908879,2.57061087253396
test,0.5030825190028768,,1.5449814589854085,1.853917629535006
test,-0.18624453634975133,0.8501668813598479,0.4874540306125101,-0.9807086948423676
test,0.5374588819309434,-0.2843003115146084,0.12819064539601682,1.6646170982514878
test,0.4013410472739259,0.11920783614214137,,1.5368568564382685
test,-1.1028972276259792,0.731150261258536,-0.7309279721843565,-4.394331636196195
test,-0.7358761805926802,1.2270370791831382,0.24090603113913886,-2.6201351284200887
test,-1.5579679908234039,-0.3346083630491363,-0.4188080871768782,-2.926785515629316
test,-0.6950234832903008,-0.44228052255701267,0.22865075408419056,-0.049334371713114
test,-1.9941306405666994,0.3863234674335356,0.6191774069865459,-3.764301625319984
test,,1.0914587804097426,-2.0840556832872372,0.07763304764453716
test,-1.5694532887949422,,1.025320993956571,-3.1444602423598944
test,0.26485330389081574,2.6909548765747067,-1.802135471095271,-5.400324938796466
test,,,1.3431716593445067,4.509784062682086
test,-0.27330738624236867,-0.7275706192386925,0.6799200792209307,1.1848372304063228
test,0.3787088377779565,-0.4467792889599416,0.5567907450494839,1.81008906380756
test,,0.3754976123781611,-0.613232076010739,-1.1122458176032974
test,0.14390571423293805,,-0.06866707735122472,-0.9170692319403353
test,,-0.6582239696249542,1.0973640491840257,2.3346577660563916
test,-2.84385371778835,0.7374302258688187,0.18887220489015244,-6.725468931295107
test,0.9367291049948122,0.1943638260137756,-0.5700901814636317,0.9396637949139102
test,0.3321615856070137,0.5733602049645444,1.0911366723977993,0.9950727265643217
test,,0.30535175909422063,,3.2847096067539034
test,,0.1688721432518034,,1.3299361111644004
test,-1.8698119990947544,,0.4029068230343712,-3.020575588647931
test,-0.4897147060456373,1.7509714251962725,-0.9509786451117442,-4.5487897990757205
test,,-0.26896321208691404,0.7721407558616287,4.6927869085359335
test,0.3724064475634415,1.0287064308874367,0.8106409253639089,-0.322033443042817
test,2.6560700647528197,,-2.329830511398491,3.1208218633134854
test,-0.6289977247505193,0.3899256143090275,-0.8084428105822257,-1.9887074059561192
test,0.685049712614329,-0.20875744448593436,-1.2403715907192248,0.7854731629857654
test,-0.23923867864855844,-0.019114487383229913,-0.8517702746640872,-1.7351486016183055
test,0.29964798718235447,-1.523671525796521,-1.5891470330095616,1.691187338982257
test,0.02179511000317661,-0.988928807813227,-0.6263785213886457,1.3051050430854154
test,,0.21784528513255094,-0.3457918230806468,-1.2590890546760345
test,-0.006615783793489522,-1.073578066702295,1.0540080749112832,2.4843226423688796
test,-1.2242457679089702,0.03609639965015649,-0.04165872022045813,-2.789515882417139
test,-0.005758460479295251,1.9295321725309638,,-1.7026549527333708
test,-0.026568375491865994,,-0.5129544720172494,0.8974596570955873
test,-1.0882750508098193,-1.0589086872659363,-0.10643009931289044,-0.7092523411156715
test,,-2.082066176368691,-0.10205106791078963,8.423340888471078
test,-0.05893866574587221,,0.7235227737980052,-0.24652591347830144
test,,1.3153482093555178,1.2845627795459509,1.9673615488774312
test,0.2748359555937984,-0.9323989919108491,-0.42439004148941295,1.482826682950736
test,0.45114875164853346,1.3572921240705238,-1.1975962008465204,-2.0112797585541045
test,-1.6142322217743437,-0.9495291332716248,0.2013159518000642,-1.6300890938681107
test,0.32060920898817824,-0.5739683379240818,0.0914583953819194,1.4149900764745071
test,-0.07226437757463357,-0.08087926112440783,-1.4134367517033355,-1.2616913783840402
test,0.5104594012942282,,1.029413684599848,0.9477589579388653
test,0.4558196179691282,-0.5573906554007473,,1.553417901343468
test,-0.3498260746721162,0.5486606542838196,1.355880791025932,-0.2922064454085781
test,0.10374145966411452,0.2797553258285832,0.1806051531726055,0.2592713790306406
test,0.28368343405084795,-0.9791984752416704,1.7752800674535107,2.7794458318528865
test,,-0.8613621410973265,-1.526708729106828,2.960614155198961
test,-0.5952063087383901,0.900305610731748,-0.9408677951042054,-3.3718662616130497
test,,-0.5783763285763607,0.050260277007485504,4.9582373680707175
test,-0.3280352582496128,0.860521541368074,-0.9162152871103838,-2.8983593937477004
test,,-0.05526881206874277,0.7854142816298528,2.3629801828598604
test,-0.48644646736683084,-0.031061942400359904,0.526437515203432,-1.1382130428061747
test,0.36753962692061165,-0.59048132696034,0.0688538608279195,1.7377862700526634
test,-0.4350459541839905,0.33196025162967263,-0.020984263667053246,-1.1485023486923027
test,-1.6135388096309888,0.08718257292444266,0.36308359713878435,-2.601105587621128
test,-1.0891670189312828,0.3134023720382372,0.9092461814219548,-2.0271191248864167
test,,-2.103656907156989,0.41999681628264907,4.730696403421496
test,,1.5171734772463938,-0.7228775860013948,0.6876810069087524
test,0.31354462306209946,1.803992315048761,0.2934097820892071,-1.8110026172030174
test,0.6183060702665678,-0.3568017765607233,1.398365313577546,1.9790580225994945
test,,-0.0562268332245802,,3.891867878071006
test,0.07524222509730091,-0.13098394730063287,-1.4833133508534206,-0.7096057471876585
test,-1.9690345249554808,-2.0211943754524677,1.0657106929001738,-0.13832259308179917
test,0.6844567331505512,0.9671100557680469,1.5422989954130362,1.2281052770833343
test,,,-0.596081124788813,2.7044751378785343
test,-0.5927868764522678,-0.043115067041857635,0.10302462238115638,-0.780398277649696
test,-1.6982956425418987,,0.1634990131406907,-5.465515143099145
test,-1.5235674710196747,1.5026783063055313,-0.7818798859226974,-6.188789052620228
test,,-2.314484300160874,-0.4260086028544214,7.739338702692103
test,-1.081969944061048,-1.3390032855895693,-0.4427312144755042,-0.4780043410073105
test,-0.0206454590955397,-0.7369397920420082,-1.459771241389825,-0.49167827265668557
test,-0.3623677068534737,0.12689542601708678,1.8661290886134305,1.0312796206511097
test,,0.6397730270792149,1.0965951118802089,3.4943452231785215
test,-1.6667997306469666,-0.01465782662169181,1.5314499063606393,-2.5429322145257376
test,-0.1291059151999105,-0.662135085612698,0.25540831398222247,1.038162107793907
test,,-0.8340629801874874,-0.980958571097576,1.7482254788317602
test,-0.4444222360102494,1.0022265427973733,0.4383487748994121,-2.483038846676155
test,-3.7965654292332727,0.7045760250113147,-0.9096111324578166,-9.620055455830329
test,-0.008021433142084809,-1.227333147681025,-0.34350136902874523,1.0077671882437496
test,0.40122322635538177,0.7899114481799764,-0.6148811630186416,-1.0807356436540114
test,-0.17498432655145166,,-0.32939474930602153,-0.2539349719682045
test,-1.6190877421859131,-0.3854149457752909,,-3.0007271604404346
test,-0.22915334971720364,-1.475183965258768,,2.2148129250850763
test,-0.3647492082316809,-1.3694296761103921,1.7909916371673584,3.1071596826774193
test,-0.6701148050736443,0.2812155964841492,-0.9243477547671001,-2.4961168099778557
test,-0.3314376405246606,-0.6903604688523045,-0.6910551291244942,-0.32310289926867913
test,,,0.088162823663056,-0.5347703204112477
test,,-0.8689617324609047,,6.304414053055644
test,0.6670312441492027,-1.5331775099645815,-0.09546385663959624,3.702555752950391
test,,1.6802012231200825,2.1921160919588174,0.941751001562742
test,0.17510499828255996,0.15266607189971304,,0.6153743461691994
test,-1.498547663445894,0.1000618471863873,0.019150510083359516,-3.5206621327876277
test,,2.403316938009702,0.05159003723587038,-1.30822222300537
test,,,-0.9788115270996044,-3.7302211143877555
test,0.289376754430674,-0.0026281010053587836,0.9492492450067808,1.5132103311015963
test,-1.2180446873344337,1.1092917682488808,1.6644394036064647,-3.3035271823035424
test,0.33231230633968445,-0.7448241323623888,,1.118521435555886
test,-0.6393542705027064,-0.6457335307283332,0.9144157102272163,0.8271595749832845
test,0.19156728516546623,1.077842736144624,0.8228385035951681,-1.4719207875359852
test,,-1.988930189601476,-1.422029799279092,3.223259071004096
test,-0.11926347743458648,-0.21356399822531738,,-0.2644534754640867
test,-1.1512253913852657,,,-4.360358593500002
test,,0.5436185183762022,0.973331597331945,1.3287276576336557
test,-0.015883832062326263,-0.5033834705256556,1.0150523575263029,1.417978266749372
test,,-0.4130181495212114,0.935465513875588,3.1217034037201254
test,0.3296353326535431,-1.5455125396119338,0.06332099034195979,3.0191340810665794
test,-0.27838905310926715,-0.3055401148084022,-0.5316584563078467,-0.5126673836438538
test,0.4619841429306844,-0.7880497189144865,-0.30061339522312003,1.7161251333396714
test,-1.6147341351967257,0.11529010036241563,0.7531914070481788,-2.8029514614857436
test,0.12145816821241426,0.5037873585409293,,1.5222137837252199
test,0.05090854633088769,-0.44452184213886475,0.822726265844958,1.8907069036742308
test,-0.9153368588461419,-0.20437147933164207,-2.0213520541719467,-3.0292438564316897
test,0.5952708210261548,0.06339213767314575,-0.7799859353890309,0.6797313195569951
test,,0.5075497982384605,,-2.486852577568215
test,,1.0362159010125551,,0.2579484870594498
test,0.37701807742918797,-0.29144766548693685,2.2260649878050613,2.852476462907438
test,-0.5781353341656138,0.1510276376506735,1.9656256861790957,0.13592436761779167
test,-0.8029805944417053,0.6865872409830848,1.018453771848889,-1.9060634663784763
test,-0.7819033629435661,0.79008320747816,-0.13306141246858294,-3.0668504470423925
test,,0.27467582950191577,-0.7146934247502302,1.9827098999566384
test,0.5666141577958342,0.6780466968701978,1.0438772684475204,1.2307158654069192
test,0.3226406750499564,-1.3526045448104578,-0.04593950844570734,2.4407823004677693
test,,-0.4866239265195088,,5.0544170008952864
test,0.6032173629647973,-1.8816699526665857,-0.5331378814795085,3.8897026808047186
test,0.33557774427528403,-2.1941736185701135,0.6333438895146859,4.6243843373859574
test,,,-0.9036806029410069,0.8469309213221151
test,-1.2730665247278685,-0.10591650181859374,-2.3453476619694773,-4.343962725930553
test,-2.451881999171567,0.06305624748275088,0.42970589701727796,-4.561586513625597
test,,-1.0609167110723057,0.17180034318620185,3.4490420049771986
test,0.08499591806595679,0.36314544578038543,1.7505955384565095,0.9647512651977079
test,-0.620242724501861,0.03922119467725207,,-0.5652016190085587
test,-1.1320808430620495,-2.648652753779837,0.28210639057131404,2.159373540114051
test,-0.49380995707440534,-0.6398258420134639,1.2413892840573617,1.1368912428674285
test,-0.3081250047002585,0.025044488491670146,-0.7545405439059855,-1.397509418645343
test,-0.714173294690603,,-0.6605886149460085,-3.7486983106465908
test,0.2191606725743337,2.113942973671645,0.6224044150667305,-2.235868796886435
test,-1.439672467423202,0.6517503662635704,0.1903062657265406,-3.5819185523639137
test,0.43034475075772044,-0.034303427288033726,-0.4397120829535124,0.8580036271594901
test,,-3.1602888010264865,1.03290481200491,9.601212381119188
test,-0.6852363179555148,-0.6833358514898752,,0.06330854991917939
test,-0.34082709148889373,-1.679131695082642,1.5326193763204063,3.3846435266464283
test,,1.3697180219430323,-1.3334102755498962,1.3409237306419994
test,-1.5570537546918675,-1.3270624728785692,1.1771416447082144,-0.37155089796686697
test,1.1650307619319447,-1.0124055617425096,0.4441533866026966,4.201957006469612
test,-0.11293306975221246,2.058368613928187,0.38920479929557583,-2.905652070143
test,0.5418435645575084,-0.6550160462313427,-0.3477522917353181,2.0195315537719036
test,,,0.6857700697477564,2.7308659088215967
test,0.10028573709906148,0.39425875740030614,1.2389179321320047,0.4235992714959588
test,-0.22758712038773848,-1.3409501273179714,-0.9069434178431276,0.7724564308376427
test,0.6000125083660767,-2.097541845344621,-0.8469934436512927,3.4512506781258137
test,-2.0265192738744147,1.1262426768055824,,-5.6561616300373405
test,-1.4787304486214095,0.82492808220504,-0.0810859070193318,-4.750317759563595
test,-0.1961196258028561,0.07230891114996255,0.4978437266841835,0.1120681956751953
test,-0.1642758298733535,-0.3135721862965203,-0.6945960210178932,-0.5002955658414991
test,-0.22349206375884192,-0.03353141163936788,-1.3611935367650312,-1.1341374953052508
test,0.42697660537176735,-0.37049787837448916,1.2023988047639331,2.2767794621164534
test,0.244176304479949,0.9435941202389576,0.07184582055140885,-0.962133440362385
test,,-1.3010675626403065,-0.13008853895161535,2.543365167053068
test,-1.981372282684388,,-1.4949726541225832,-5.898588227863198
test,,-1.282522148836781,,5.470157647033904
test,0.041322078469274465,1.056843563125255,-0.9349445903658584,-2.14190483270355
test,,-1.1003140219023542,0.4741236631665224,7.0327493661362785
test,-0.7510311958599325,0.272300308717835,-0.15021216894638334,-1.7519318279180407
test,0.4930886384079036,,-0.5858898289071408,1.966444429839897
test,,-1.1019686770366264,-0.024330024719502946,4.812422456223531
test,-0.6272920111440891,-1.3295499334497887,,0.6883885666387985
test,-1.3750893788607155,-0.6088877952316459,1.5279574726892293,-0.2187696177944854
test,-0.00304662488648597,0.3131391423398788,0.7914176185492255,0.5549203372598661
test,,0.6810508515261342,-0.7018414560073207,-2.898639566871849
test,0.21663239621259162,-1.1780344358723864,-1.2215757135446323,1.6422189775170337
test,-0.18865840756513386,-1.2202392015905899,-0.35232617884925777,1.0836696307001226
test,-0.15141811628492532,0.31095585699998146,0.6778184237044996,-0.6239845883646136
test,0.06645716365264494,-0.42115087315585786,1.6373418161818207,1.982954757585651
test,-0.23781665150660677,0.09435780303400007,-2.1635492563490284,-2.6458530396818167
test,,1.4999867446893678,,-0.25651270141198823
test,,-0.3658495027652683,-0.7437582501203502,1.3408695713450043
test,0.34436979048703265,0.2259816870529535,0.21112927230707323,0.13470100059860263
test,-1.7614214898804343,,0.061164412449566,-4.529554888876909
test,0.2308246322321595,2.3682833825439613,-0.6855272118618081,-3.4345729343248217
test,,-0.7254238804044782,1.904703899766271,6.255749997494615
test,,-0.2990870783611941,,1.1869592095130008
test,0.24414630579684118,0.7165850819044833,-0.07248363920668564,-0.5606104959649448
test,-1.6562996232196665,,-0.3564336570178868,-4.015857013360792
test,,,,-0.5419024035505344
test,-0.11328959975089803,1.880631315863504,2.470199619537197,-1.3251059815216355
test,,1.3122941038740792,-0.7286822492782331,-2.0638135790621748
test,-0.6117564885817869,-0.37023660472135467,,0.03827102323283016
test,-1.1987698031685003,-0.014457994232163512,0.32279022789384815,-2.027082640356551
test,-0.6143305907560325,1.1242165885891378,0.4046812095132752,-2.96886686495108
test,-0.06079984391288049,-0.3934666391436208,-0.9216298839383354,-0.0247402298204224
test,0.3887242492279513,0.36342211004341907,1.0624702796054515,1.035831196930423
test,0.3962627778237093,,0.20477247561002915,-4.3911502566539315
test,-0.5425460962293052,0.5499425825674764,0.9546788667210893,-0.9584483841910263
test,-1.2251716938879,-0.22467572462270055,-0.5303540413418752,-2.4133840084542975
test,-1.3410634993254653,,-2.0593423580521284,-5.80198246675606
test,0.39688718155792224,0.6726441482728036,-0.11362366439576191,-0.4538012951953247
test,0.5282834761638561,0.491543572624171,0.501328548250131,0.6368252321542861
test,,-0.8476118745027269,-1.0728022373500932,1.9323096370470991
test,-0.8943754557001302,,0.0813145935948109,0.18483041659039307
test,-0.2886167840626904,,0.9234515369292323,0.8723057886403595
test,,-0.09740400815403584,-0.020073455639750017,1.4939536220023901
test,-0.3558767847116846,1.4814070144722273,1.9942436723362573,-1.3079936772404108
test,-2.620231355394423,-0.43034249532643215,,-4.222940599474798
test,-1.3630514141902157,0.6525683663252,0.7604535283591385,-3.0808196585008827
test,-0.0957540867517143,0.01398107583860709,0.8951030370678785,0.6307739333461693
test,-0.45004012715914843,-1.9623747252766308,0.13594557722569506,2.0521468371938365
test,-1.4086388487199206,0.8024483146766801,1.8034864966789166,-2.5638953247572553
test,,1.2988691375632064,-0.6192849697913712,0.23347707856873573
test,-0.5327414058838553,-0.39629777523496534,-1.186216322643486,-1.4275981698778122
test,-0.47033462836453244,0.19906779719668244,0.6287267016315522,-1.1751484482028602
test,,0.02337391369225385,-2.633098835634676,-2.199791375545656
test,,1.0381587371629135,-0.9685180536701078,-0.9607817350739908
test,0.5494107576060637,1.4510234359978968,0.6532648840852657,-0.6420085592755984
test,-1.3464968661293155,,0.9512979659986195,-1.875628304719847
test,0.3396845280615107,,-0.5043265861862049,0.3436793028671854
test,-1.2158893758616935,-1.1065927482902642,-1.2674960867980058,-1.6915523663653995
test,1.0550830450765134,0.21589610676464144,0.6887458830383214,2.3737299330115587
test,,0.06644851078914227,0.9945002246428822,3.996163885264578
test,,-0.4265235091756094,-0.3718547064265083,1.6958808729844954
test,,-0.14318532794707878,-0.010596628308432858,1.639827658978646
test,-1.7002414302048727,-0.7230639204514733,-0.08748962322422725,-2.2433026652065093
test,0.2883610297024741,0.5444747232502464,0.0938441812030501,0.34627532496266356
test,-1.3689903652850102,,-0.8260386194973499,-6.205185036987935
test,-0.6486787598795505,-0.5120092707088242,0.3592834201838285,-0.5219106124615955
test,-1.0545343707919337,-1.5112818630714646,0.04309046517251407,0.011933351458030678
test,-0.48393565395426363,0.9212832493160412,0.07174473897747556,-2.1260238746406457
test,-0.3803080499370658,-0.40095708304340977,-0.24018676358662863,-0.22136098300382662
test,0.24412512431968586,1.1675256621467294,-0.03221104800455451,-1.28577912530924
test,,,-0.39457160798221275,-0.20274241420751776
test,-0.9158638197467432,0.946178401971774,1.1247021564882214,-2.515504389466544
test,-1.5243535672082158,1.9486795882360302,0.3634929929415465,-5.592356038286703
test,-1.326026363723144,-0.4439413249657635,0.9046356026294441,-1.2765121073590937
test,-1.1274576030704926,,0.31137130029403326,0.572731786259543
test,,-0.12757836743593373,0.6065844367121576,3.1343564033694884
test,,0.43269942648716675,1.0240867997408998,2.7529479740493548
test,-0.4852498698679972,-1.8577419964699313,0.1383725407418737,1.892627500607226
test,,0.9039776745981734,-1.1244225945684245,0.37324569959041687
test,,-0.8927488673872744,0.10403994114290654,3.615879191595981
test,-0.22719439814966408,1.8455996116836755,0.0498585268689784,-2.9130011469581554
test,-0.42713359819239394,-0.554903047749872,-0.4940256768692396,-0.6728314725209945
test,-0.1595611265963761,-0.8433923469164959,1.7430429316759248,2.295597452736707
test,0.5106139648677291,1.114449278679413,2.863243210719876,0.9701947700653222
test,-0.25585929942417407,0.5526142377334458,0.34846431082906515,-0.98605057608966
test,-0.262147624064417,1.0640689681671154,0.7790154916762664,-2.006437278949286
test,0.008275051674477093,0.023035996239699076,0.6636252684324329,0.7787514518093779
test,,0.7311657659476648,-0.33436221979460745,0.19979317129320764
test,-1.7185956473013198,-1.9792607746407427,-1.2245342751734067,-1.458636124437676
test,-1.427275349844189,0.0998948841069233,-0.027964356031702022,-2.9956558615541007
test,0.11984382294164626,-1.1598069071847257,0.2787350029850576,1.6496838953574757
test,-0.30468649628478806,0.6894896382195845,-0.5662801216842129,-2.1809479335382416
test,0.6669454572713859,1.458532700929716,-1.4862855251459155,-2.3409529028073996
test,-0.8273251707503347,-0.4981579425738919,0.8803681616683237,-0.45711015804483496
test,,-0.6151702127101792,0.43214563907786835,-0.9528562668239485
test,,-2.1369863950932344,-0.1747468481890221,6.939675175606909
